Price,Adj Close,Close,High,Low,Open,Volume
Ticker,3665.TW,3665.TW,3665.TW,3665.TW,3665.TW,3665.TW
Date,,,,,,
2021-08-31,199.47946166992188,222.23788452148438,223.21475219726562,215.8882293701172,217.84197998046875,1110906
2021-09-01,206.49412536621094,230.05284118652344,234.44876098632812,229.0759735107422,230.54127502441406,2046138
2021-09-02,206.49412536621094,230.05284118652344,231.51815795898438,225.6569366455078,231.51815795898438,1136895
2021-09-03,207.37095642089844,231.02972412109375,236.40249633789062,229.5644073486328,232.49502563476562,1001392
2021-09-06,202.5483856201172,225.6569366455078,231.51815795898438,225.6569366455078,231.02972412109375,818972
2021-09-07,205.1788787841797,228.58753967285156,232.49502563476562,224.19163513183594,227.6106719970703,1061463
2021-09-08,210.00146484375,233.9603271484375,237.37936401367188,229.5644073486328,229.5644073486328,2493846
2021-09-09,208.68621826171875,232.49502563476562,233.9603271484375,229.5644073486328,232.49502563476562,439302
2021-09-10,207.80938720703125,231.51815795898438,232.49502563476562,227.1222381591797,231.02972412109375,1184420
2021-09-13,208.68621826171875,232.49502563476562,233.9603271484375,230.05284118652344,230.54127502441406,375773
2021-09-14,208.68621826171875,232.49502563476562,237.37936401367188,232.49502563476562,232.98345947265625,1185627
2021-09-15,208.68621826171875,232.49502563476562,234.44876098632812,226.63380432128906,233.9603271484375,512240
2021-09-16,210.43988037109375,234.44876098632812,235.9140625,233.47189331054688,233.9603271484375,379068
2021-09-17,217.8929443359375,242.7521514892578,244.2174530029297,234.44876098632812,235.9140625,1741080
2021-09-22,217.01612854003906,241.77528381347656,242.7521514892578,235.42562866210938,237.86781311035156,840605
2021-09-23,217.4545440673828,242.2637176513672,245.1943359375,242.2637176513672,244.70590209960938,594000
2021-09-24,219.20822143554688,244.2174530029297,247.1480712890625,242.7521514892578,247.1480712890625,684267
2021-09-27,213.07037353515625,237.37936401367188,243.72901916503906,237.37936401367188,242.2637176513672,722871
2021-09-28,201.23313903808594,224.19163513183594,235.42562866210938,223.70318603515625,234.93719482421875,1448873
2021-09-29,194.65687561035156,216.86509704589844,222.726318359375,215.8882293701172,219.79571533203125,1599349
2021-09-30,195.97213745117188,218.33041381835938,221.74945068359375,217.35354614257812,219.30728149414062,846061
2021-10-01,195.97213745117188,218.33041381835938,218.33041381835938,218.33041381835938,218.33041381835938,0
2021-10-04,215.26246643066406,239.82154846191406,239.82154846191406,239.82154846191406,239.82154846191406,1246563
2021-10-05,214.3856201171875,238.8446807861328,242.2637176513672,223.70318603515625,239.33311462402344,4235219
2021-10-06,217.01612854003906,241.77528381347656,246.17120361328125,237.86781311035156,242.2637176513672,1983414
2021-10-07,223.1539306640625,248.61337280273438,248.61337280273438,240.3099822998047,244.2174530029297,1964973
2021-10-08,224.03079223632812,249.59024047851562,252.0324249267578,246.65963745117188,250.07867431640625,1120161
2021-10-12,217.8929443359375,242.7521514892578,247.1480712890625,241.28684997558594,244.2174530029297,1033973
2021-10-13,221.83871459960938,247.1480712890625,248.12493896484375,240.3099822998047,245.68276977539062,1102618
2021-10-14,216.1392822265625,240.7984161376953,250.07867431640625,240.7984161376953,250.07867431640625,1452178
2021-10-15,231.48387145996094,257.8936462402344,260.8242492675781,244.2174530029297,244.2174530029297,5015750
2021-10-18,226.6613006591797,252.52085876464844,256.4283447265625,250.56710815429688,254.47459411621094,1776405
2021-10-19,227.5381317138672,253.4977264404297,259.8473815917969,251.54397583007812,252.52085876464844,1829281
2021-10-20,232.7991180419922,259.35894775390625,262.7779846191406,253.4977264404297,256.9167785644531,2414827
2021-10-21,226.22286987304688,252.0324249267578,258.382080078125,252.0324249267578,258.382080078125,1864511
2021-10-22,227.97653198242188,253.9861602783203,255.9398956298828,248.12493896484375,250.07867431640625,1333270
2021-10-25,232.36068725585938,258.8705139160156,262.28955078125,253.4977264404297,253.9861602783203,2293419
2021-10-26,235.86801147460938,262.7779846191406,270.1045227050781,258.8705139160156,265.7085876464844,3876152
2021-10-27,231.04544067382812,257.40521240234375,262.28955078125,254.47459411621094,259.8473815917969,2041199
2021-10-28,227.5381317138672,253.4977264404297,259.35894775390625,252.52085876464844,257.40521240234375,1418257
2021-10-29,224.90760803222656,250.56710815429688,258.382080078125,250.56710815429688,256.9167785644531,1119546
2021-11-01,234.11436462402344,260.8242492675781,262.28955078125,252.0324249267578,252.0324249267578,2272548
2021-11-02,229.73019409179688,255.9398956298828,263.26641845703125,254.96302795410156,263.26641845703125,1903641
2021-11-03,233.2375030517578,259.8473815917969,261.31268310546875,255.4514617919922,255.9398956298828,1374996
2021-11-04,233.2375030517578,259.8473815917969,267.6623229980469,259.8473815917969,260.8242492675781,2338032
2021-11-05,237.62167358398438,264.7317199707031,266.197021484375,258.8705139160156,261.8011169433594,1218256
2021-11-08,233.6759490966797,260.3358154296875,268.63922119140625,260.3358154296875,263.7548522949219,1114397
2021-11-09,229.73019409179688,255.9398956298828,261.8011169433594,255.9398956298828,259.8473815917969,1368625
2021-11-10,227.97653198242188,253.9861602783203,256.4283447265625,250.07867431640625,254.47459411621094,1778158
2021-11-11,225.78443908691406,251.54397583007812,254.96302795410156,251.0555419921875,251.0555419921875,432528
2021-11-12,225.78443908691406,251.54397583007812,255.9398956298828,251.54397583007812,255.4514617919922,447970
2021-11-15,227.5381317138672,253.4977264404297,255.9398956298828,253.00929260253906,255.9398956298828,542772
2021-11-16,227.97653198242188,253.9861602783203,266.6854553222656,253.9861602783203,257.40521240234375,3909507
2021-11-17,229.73019409179688,255.9398956298828,262.28955078125,255.9398956298828,256.9167785644531,1667419
2021-11-18,225.34603881835938,251.0555419921875,259.35894775390625,251.0555419921875,259.35894775390625,1536365
2021-11-19,222.27711486816406,247.63650512695312,252.52085876464844,247.1480712890625,247.1480712890625,1836888
2021-11-22,226.6613006591797,252.52085876464844,258.8705139160156,246.65963745117188,249.101806640625,2468327
2021-11-23,226.6613006591797,252.52085876464844,253.00929260253906,250.56710815429688,251.0555419921875,1096725
2021-11-24,230.1686248779297,256.4283447265625,257.8936462402344,250.07867431640625,250.56710815429688,940704
2021-11-25,225.78443908691406,251.54397583007812,259.8473815917969,251.54397583007812,259.8473815917969,729056
2021-11-26,224.4691925048828,250.07867431640625,252.52085876464844,247.1480712890625,251.54397583007812,915290
2021-11-29,221.83871459960938,247.1480712890625,249.59024047851562,241.28684997558594,243.72901916503906,796127
2021-11-30,226.6613006591797,252.52085876464844,252.52085876464844,247.63650512695312,250.07867431640625,500625
2021-12-01,223.5923614501953,249.101806640625,250.07867431640625,245.1943359375,249.59024047851562,758630
2021-12-02,219.20822143554688,244.2174530029297,250.07867431640625,244.2174530029297,247.63650512695312,771966
2021-12-03,219.64663696289062,244.70590209960938,247.1480712890625,244.70590209960938,247.1480712890625,329852
2021-12-06,217.8929443359375,242.7521514892578,248.12493896484375,242.7521514892578,244.70590209960938,500750
2021-12-07,222.27711486816406,247.63650512695312,249.101806640625,247.1480712890625,249.101806640625,738822
2021-12-08,222.27711486816406,247.63650512695312,249.59024047851562,246.65963745117188,248.12493896484375,735819
2021-12-09,224.03079223632812,249.59024047851562,250.56710815429688,247.63650512695312,249.101806640625,494773
2021-12-10,221.83871459960938,247.1480712890625,249.101806640625,245.1943359375,249.101806640625,459588
2021-12-13,217.01612854003906,241.77528381347656,249.101806640625,241.77528381347656,244.70590209960938,866282
2021-12-14,214.8240509033203,239.33311462402344,241.77528381347656,238.3562469482422,241.77528381347656,566993
2021-12-15,211.755126953125,235.9140625,240.7984161376953,235.9140625,239.33311462402344,848720
2021-12-16,213.07037353515625,237.37936401367188,240.3099822998047,236.40249633789062,237.37936401367188,598073
2021-12-17,212.19354248046875,236.40249633789062,237.37936401367188,234.44876098632812,235.42562866210938,619948
2021-12-20,215.26246643066406,239.82154846191406,240.7984161376953,234.44876098632812,235.42562866210938,575520
2021-12-21,217.4545440673828,242.2637176513672,243.24058532714844,238.3562469482422,240.7984161376953,412443
2021-12-22,220.08505249023438,245.1943359375,246.17120361328125,241.28684997558594,243.72901916503906,374727
2021-12-23,221.40028381347656,246.65963745117188,247.63650512695312,245.1943359375,246.65963745117188,474025
2021-12-24,222.7155303955078,248.12493896484375,249.101806640625,247.63650512695312,248.12493896484375,382775
2021-12-27,224.03079223632812,249.59024047851562,249.59024047851562,247.1480712890625,249.59024047851562,284808
2021-12-28,223.5923614501953,249.101806640625,250.07867431640625,248.12493896484375,249.59024047851562,328466
2021-12-29,226.6613006591797,252.52085876464844,253.9861602783203,250.07867431640625,250.07867431640625,1067037
2021-12-30,228.85336303710938,254.96302795410156,254.96302795410156,252.52085876464844,253.9861602783203,514811
2022-01-03,231.04544067382812,257.40521240234375,259.35894775390625,255.9398956298828,256.9167785644531,1038315
2022-01-04,232.36068725585938,258.8705139160156,259.8473815917969,256.9167785644531,258.8705139160156,1544738
2022-01-05,229.73019409179688,255.9398956298828,261.31268310546875,254.96302795410156,258.8705139160156,1424069
2022-01-06,221.40028381347656,246.65963745117188,252.52085876464844,242.2637176513672,250.56710815429688,3962343
2022-01-07,222.27711486816406,247.63650512695312,251.0555419921875,245.68276977539062,246.17120361328125,1550635
2022-01-10,227.09970092773438,253.00929260253906,254.96302795410156,243.72901916503906,249.59024047851562,2624102
2022-01-11,229.29176330566406,255.4514617919922,255.9398956298828,249.101806640625,249.101806640625,1809826
2022-01-12,230.60704040527344,256.9167785644531,262.7779846191406,255.9398956298828,258.8705139160156,3209666
2022-01-13,222.7155303955078,248.12493896484375,257.8936462402344,248.12493896484375,256.9167785644531,1971640
2022-01-14,216.57769775390625,241.28684997558594,247.1480712890625,236.40249633789062,246.65963745117188,1976618
2022-01-17,219.20822143554688,244.2174530029297,246.17120361328125,241.28684997558594,246.17120361328125,1311394
2022-01-18,220.96185302734375,246.17120361328125,249.101806640625,240.3099822998047,242.7521514892578,794205
2022-01-19,226.22286987304688,252.0324249267578,255.4514617919922,243.72901916503906,243.72901916503906,1884611
2022-01-20,229.29176330566406,255.4514617919922,255.9398956298828,244.70590209960938,247.1480712890625,3545078
2022-01-21,231.92227172851562,258.382080078125,261.8011169433594,246.17120361328125,246.17120361328125,5166347
2022-01-24,243.32113647460938,271.0813903808594,271.0813903808594,257.8936462402344,260.3358154296875,7759664
2022-01-25,255.59678649902344,284.757568359375,284.757568359375,268.1507568359375,269.6160888671875,11214741
2022-01-26,258.6656799316406,288.1766052246094,290.1303405761719,277.9194641113281,284.2691345214844,9550892
2022-02-07,268.31085205078125,298.92218017578125,298.92218017578125,289.64190673828125,292.572509765625,7006186
2022-02-08,268.749267578125,299.4106140136719,310.15618896484375,288.1766052246094,300.87591552734375,10780313
2022-02-09,266.9955749511719,297.4568786621094,297.9453125,289.64190673828125,297.9453125,4719989
2022-02-10,256.03515625,285.2460021972656,296.4800109863281,283.2922668457031,293.0609436035156,4233666
2022-02-11,270.94134521484375,301.852783203125,302.3412170410156,285.73443603515625,287.1997375488281,6960822
2022-02-14,259.9809265136719,289.64190673828125,298.92218017578125,289.1534729003906,295.9915466308594,4542029
2022-02-15,259.1040954589844,288.6650390625,296.4800109863281,287.68817138671875,291.1072082519531,2920527
2022-02-16,258.2272644042969,287.68817138671875,296.4800109863281,286.7113037109375,295.0146789550781,2278877
2022-02-17,261.296142578125,291.1072082519531,295.50311279296875,285.73443603515625,290.6187744140625,3312693
2022-02-18,248.5820770263672,276.9425964355469,289.1534729003906,276.45416259765625,285.2460021972656,5370081
2022-02-21,251.6510009765625,280.36163330078125,282.31536865234375,276.45416259765625,276.9425964355469,2302399
2022-02-22,245.51321411132812,273.5235595703125,280.36163330078125,269.6160888671875,279.384765625,2762051
2022-02-23,256.9120178222656,286.2228698730469,287.1997375488281,275.477294921875,276.45416259765625,3392198
2022-02-24,256.4736328125,285.73443603515625,289.1534729003906,280.36163330078125,282.31536865234375,2931395
2022-02-25,262.1730041503906,292.0840759277344,295.9915466308594,284.757568359375,291.59564208984375,3689746
2022-03-01,259.9809265136719,289.64190673828125,295.9915466308594,289.1534729003906,289.64190673828125,2307962
2022-03-02,260.8577575683594,290.6187744140625,295.0146789550781,289.1534729003906,290.6187744140625,1765717
2022-03-03,253.4046630859375,282.31536865234375,292.572509765625,277.4310302734375,292.0840759277344,3485551
2022-03-04,255.1583709716797,284.2691345214844,286.7113037109375,280.36163330078125,283.2922668457031,965633
2022-03-07,255.59678649902344,284.757568359375,295.50311279296875,284.757568359375,290.1303405761719,5691370
2022-03-08,246.38999938964844,274.50042724609375,285.73443603515625,266.6854553222656,282.8038330078125,4176396
2022-03-09,256.03515625,285.2460021972656,287.68817138671875,278.8963317871094,282.31536865234375,2640100
2022-03-10,270.94134521484375,301.852783203125,309.667724609375,288.6650390625,292.572509765625,6245754
2022-03-11,273.5718078613281,304.78338623046875,316.9942626953125,296.96844482421875,305.76025390625,8332083
2022-03-14,266.9955749511719,297.4568786621094,303.8065185546875,294.0378112792969,302.82965087890625,2355791
2022-03-15,260.8577575683594,290.6187744140625,294.5262451171875,286.7113037109375,294.0378112792969,2771098
2022-03-16,271.3797607421875,302.3412170410156,302.82965087890625,288.6650390625,293.0609436035156,2607817
2022-03-17,281.9017333984375,314.06365966796875,314.5520935058594,302.82965087890625,306.2486877441406,5283787
2022-03-18,278.83282470703125,310.6446228027344,318.947998046875,306.73712158203125,318.4595642089844,2891207
2022-03-21,277.5175476074219,309.1792907714844,321.3901672363281,309.1792907714844,315.5289611816406,3765916
2022-03-22,280.5865173339844,312.5983581542969,317.4826965332031,308.69085693359375,312.10992431640625,3159403
2022-03-23,278.83282470703125,310.6446228027344,318.4595642089844,306.73712158203125,315.5289611816406,2990655
2022-03-24,281.9017333984375,314.06365966796875,314.5520935058594,307.7139892578125,311.6214904785156,1670780
2022-03-25,278.83282470703125,310.6446228027344,320.9017333984375,308.2024230957031,320.9017333984375,1598015
2022-03-28,257.78887939453125,287.1997375488281,306.73712158203125,283.78070068359375,304.78338623046875,5350427
2022-03-29,266.9955749511719,297.4568786621094,298.4337463378906,288.6650390625,291.59564208984375,4081413
2022-03-30,271.3797607421875,302.3412170410156,305.76025390625,297.9453125,299.8990478515625,2310534
2022-03-31,259.9809265136719,289.64190673828125,300.87591552734375,289.1534729003906,300.87591552734375,2504908
2022-04-01,262.61138916015625,292.572509765625,292.572509765625,283.78070068359375,283.78070068359375,1264967
2022-04-06,263.9266662597656,294.0378112792969,294.0378112792969,286.7113037109375,290.6187744140625,1433276
2022-04-07,262.61138916015625,292.572509765625,294.0378112792969,290.1303405761719,293.0609436035156,1613332
2022-04-08,263.9266662597656,294.0378112792969,295.0146789550781,290.6187744140625,294.0378112792969,1142664
2022-04-11,252.0894317626953,280.8500671386719,293.0609436035156,278.40789794921875,293.0609436035156,2518565
2022-04-12,251.2126007080078,279.8731994628906,282.8038330078125,276.45416259765625,276.45416259765625,2024753
2022-04-13,261.296142578125,291.1072082519531,291.1072082519531,279.384765625,279.384765625,2496021
2022-04-14,262.61138916015625,292.572509765625,294.0378112792969,290.1303405761719,292.0840759277344,1113590
2022-04-15,262.1730041503906,292.0840759277344,293.54937744140625,285.73443603515625,291.1072082519531,1057804
2022-04-18,263.0498352050781,293.0609436035156,296.4800109863281,291.1072082519531,293.0609436035156,908312
2022-04-19,271.81817626953125,302.82965087890625,306.2486877441406,295.50311279296875,296.96844482421875,2279846
2022-04-20,276.20233154296875,307.7139892578125,311.133056640625,304.78338623046875,307.7139892578125,1819580
2022-04-21,278.3944396972656,310.15618896484375,311.133056640625,306.73712158203125,310.15618896484375,1175259
2022-04-22,270.5029296875,301.3643493652344,313.0867919921875,300.3874816894531,308.2024230957031,2083585
2022-04-25,262.1730041503906,292.0840759277344,298.92218017578125,291.59564208984375,295.0146789550781,1194780
2022-04-26,267.43402099609375,297.9453125,301.3643493652344,294.0378112792969,297.9453125,991883
2022-04-27,258.2272644042969,287.68817138671875,291.59564208984375,281.3385009765625,288.1766052246094,1827186
2022-04-28,257.78887939453125,287.1997375488281,292.0840759277344,287.1997375488281,290.6187744140625,799574
2022-04-29,263.48822021484375,293.54937744140625,297.9453125,290.6187744140625,290.6187744140625,863155
2022-05-03,265.24188232421875,295.50311279296875,298.4337463378906,289.64190673828125,294.0378112792969,1059446
2022-05-04,274.44866943359375,305.76025390625,307.7139892578125,298.92218017578125,300.3874816894531,1798755
2022-05-05,301.6304931640625,336.043212890625,336.043212890625,307.7139892578125,312.5983581542969,7768572
2022-05-06,293.7389831542969,327.25140380859375,332.6241760253906,322.3670349121094,323.8323669433594,5066507
2022-05-09,293.7389831542969,327.25140380859375,330.1820068359375,313.5752258300781,322.3670349121094,3137775
2022-05-10,279.2712707519531,311.133056640625,320.4132995605469,302.82965087890625,318.4595642089844,5934064
2022-05-11,274.44866943359375,305.76025390625,317.4826965332031,305.2718200683594,309.1792907714844,2464505
2022-05-12,271.81817626953125,302.82965087890625,308.2024230957031,301.3643493652344,305.2718200683594,1955685
2022-05-13,278.83282470703125,310.6446228027344,311.6214904785156,305.2718200683594,305.76025390625,1392402
2022-05-16,266.1188049316406,296.4800109863281,319.92486572265625,293.0609436035156,316.5058288574219,4488767
2022-05-17,277.07916259765625,308.69085693359375,308.69085693359375,296.4800109863281,296.4800109863281,1866092
2022-05-18,273.5718078613281,304.78338623046875,311.133056640625,304.2949523925781,308.69085693359375,1739484
2022-05-19,272.256591796875,303.3180847167969,304.2949523925781,296.96844482421875,299.8990478515625,1264428
2022-05-20,272.6950378417969,303.8065185546875,308.2024230957031,301.3643493652344,303.8065185546875,766601
2022-05-23,277.5175476074219,309.1792907714844,312.10992431640625,302.82965087890625,305.76025390625,1416773
2022-05-24,263.0498352050781,293.0609436035156,310.15618896484375,293.0609436035156,309.1792907714844,2668981
2022-05-25,263.0498352050781,293.0609436035156,295.9915466308594,288.1766052246094,293.0609436035156,1939971
2022-05-26,260.4193420410156,290.1303405761719,295.0146789550781,288.6650390625,294.0378112792969,1326758
2022-05-27,266.9955749511719,297.4568786621094,299.8990478515625,294.0378112792969,295.9915466308594,1080908
2022-05-30,276.20233154296875,307.7139892578125,309.1792907714844,300.87591552734375,301.852783203125,1536606
2022-05-31,273.1334228515625,304.2949523925781,311.6214904785156,304.2949523925781,310.6446228027344,1249936
2022-06-01,276.20233154296875,307.7139892578125,316.9942626953125,304.2949523925781,304.2949523925781,1957479
2022-06-02,263.9266662597656,294.0378112792969,305.76025390625,294.0378112792969,305.2718200683594,3368882
2022-06-06,261.734619140625,291.59564208984375,295.9915466308594,289.64190673828125,294.0378112792969,1733297
2022-06-07,274.8870849609375,306.2486877441406,308.69085693359375,295.9915466308594,300.3874816894531,4381031
2022-06-08,274.8870849609375,306.2486877441406,312.10992431640625,303.3180847167969,307.7139892578125,1918791
2022-06-09,276.20233154296875,307.7139892578125,310.15618896484375,304.78338623046875,305.2718200683594,839451
2022-06-10,277.07916259765625,308.69085693359375,310.15618896484375,304.78338623046875,307.7139892578125,1276455
2022-06-13,270.94134521484375,301.852783203125,304.2949523925781,299.8990478515625,301.852783203125,780792
2022-06-14,270.94134521484375,301.852783203125,302.82965087890625,295.9915466308594,301.3643493652344,855087
2022-06-15,268.31085205078125,298.92218017578125,301.852783203125,294.5262451171875,301.852783203125,1302080
2022-06-16,263.9266662597656,294.0378112792969,306.73712158203125,294.0378112792969,302.82965087890625,1242096
2022-06-17,261.296142578125,291.1072082519531,296.4800109863281,288.1766052246094,293.0609436035156,1751405
2022-06-20,248.5820770263672,276.9425964355469,295.0146789550781,276.9425964355469,295.0146789550781,2143332
2022-06-21,261.734619140625,291.59564208984375,292.572509765625,278.40789794921875,280.36163330078125,1310310
2022-06-22,257.78887939453125,287.1997375488281,293.54937744140625,285.73443603515625,293.0609436035156,1040081
2022-06-23,257.3504638671875,286.7113037109375,294.5262451171875,283.78070068359375,290.6187744140625,756911
2022-06-24,267.43402099609375,297.9453125,299.8990478515625,288.6650390625,289.64190673828125,1595936
2022-06-27,273.5718078613281,304.78338623046875,307.7139892578125,298.92218017578125,301.852783203125,1671831
2022-06-28,275.32550048828125,306.73712158203125,307.7139892578125,303.3180847167969,303.3180847167969,1051037
2022-06-29,268.749267578125,299.4106140136719,306.2486877441406,295.9915466308594,306.2486877441406,1332879
2022-06-30,270.5029296875,301.3643493652344,305.2718200683594,297.9453125,301.3643493652344,1546943
2022-07-01,255.1583709716797,284.2691345214844,301.3643493652344,284.2691345214844,300.3874816894531,1566934
2022-07-04,257.78887939453125,287.1997375488281,295.0146789550781,284.2691345214844,289.1534729003906,1248234
2022-07-05,260.8577575683594,290.6187744140625,293.0609436035156,282.31536865234375,292.572509765625,1207809
2022-07-06,276.6407470703125,308.2024230957031,310.15618896484375,294.0378112792969,294.0378112792969,5135081
2022-07-07,288.47796630859375,321.3901672363281,322.3670349121094,302.3412170410156,303.8065185546875,5525709
2022-07-08,289.793212890625,322.85546875,329.20513916015625,314.06365966796875,324.32080078125,3257236
2022-07-11,285.8475036621094,318.4595642089844,322.3670349121094,314.06365966796875,322.3670349121094,1496676
2022-07-12,276.6407470703125,308.2024230957031,315.5289611816406,308.2024230957031,315.04052734375,1702516
2022-07-13,276.6407470703125,308.2024230957031,317.97113037109375,308.2024230957031,316.5058288574219,1541962
2022-07-14,279.3880920410156,301.852783203125,306.73712158203125,293.0609436035156,301.3643493652344,2682992
2022-07-15,289.3339538574219,312.5983581542969,313.0867919921875,296.4800109863281,305.2718200683594,2715483
2022-07-18,302.4443664550781,326.7629699707031,327.25140380859375,314.5520935058594,316.5058288574219,4391771
2022-07-19,284.8130798339844,307.7139892578125,322.3670349121094,303.8065185546875,320.4132995605469,3718137
2022-07-20,282.1005859375,304.78338623046875,311.6214904785156,304.78338623046875,311.133056640625,2917547
2022-07-21,283.908935546875,306.73712158203125,309.667724609375,305.2718200683594,305.76025390625,1919809
2022-07-22,280.2922668457031,302.82965087890625,321.3901672363281,299.8990478515625,311.6214904785156,4759902
2022-07-25,280.2922668457031,302.82965087890625,304.2949523925781,299.4106140136719,301.852783203125,900355
2022-07-26,272.6068115234375,294.5262451171875,302.82965087890625,294.5262451171875,302.82965087890625,1598198
2022-07-27,284.36102294921875,307.2255554199219,307.7139892578125,294.0378112792969,295.0146789550781,2825240
2022-07-28,282.55267333984375,305.2718200683594,314.5520935058594,303.3180847167969,309.1792907714844,3009211
2022-07-29,290.2381286621094,313.5752258300781,314.06365966796875,306.73712158203125,309.667724609375,3252535
2022-08-01,281.6485290527344,304.2949523925781,313.5752258300781,302.82965087890625,313.5752258300781,1834478
2022-08-02,276.6755676269531,298.92218017578125,301.3643493652344,295.0146789550781,298.92218017578125,2097664
2022-08-03,273.5109558105469,295.50311279296875,300.3874816894531,294.5262451171875,298.4337463378906,1347388
2022-08-04,277.1276550292969,299.4106140136719,301.3643493652344,295.9915466308594,296.4800109863281,2615486
2022-08-05,284.8130798339844,307.7139892578125,308.69085693359375,299.4106140136719,300.87591552734375,2062989
2022-08-08,281.6485290527344,304.2949523925781,304.78338623046875,299.8990478515625,303.8065185546875,1667592
2022-08-09,285.7172546386719,308.69085693359375,309.1792907714844,302.3412170410156,304.78338623046875,1384058
2022-08-10,285.26513671875,308.2024230957031,308.69085693359375,305.2718200683594,305.2718200683594,651018
2022-08-11,281.1964416503906,303.8065185546875,315.04052734375,302.3412170410156,313.0867919921875,2390349
2022-08-12,277.5797424316406,299.8990478515625,307.7139892578125,299.8990478515625,301.852783203125,1682052
2022-08-15,280.2922668457031,302.82965087890625,304.2949523925781,299.8990478515625,301.3643493652344,1147706
2022-08-16,284.36102294921875,307.2255554199219,307.7139892578125,301.852783203125,303.3180847167969,1748627
2022-08-17,281.1964416503906,303.8065185546875,307.7139892578125,302.82965087890625,306.2486877441406,1107930
2022-08-18,276.6755676269531,298.92218017578125,304.78338623046875,297.4568786621094,302.3412170410156,1656928
2022-08-19,274.4151611328125,296.4800109863281,300.87591552734375,294.0378112792969,299.4106140136719,2237732
2022-08-22,268.9901428222656,290.6187744140625,295.50311279296875,290.1303405761719,294.0378112792969,1232508
2022-08-23,273.05889892578125,295.0146789550781,297.9453125,285.73443603515625,288.1766052246094,2134378
2022-08-24,270.7984619140625,292.572509765625,302.3412170410156,292.0840759277344,296.96844482421875,2089100
2022-08-25,269.4422302246094,291.1072082519531,295.9915466308594,290.1303405761719,294.0378112792969,1451019
2022-08-26,271.70263671875,293.54937744140625,295.50311279296875,290.6187744140625,292.0840759277344,1748479
2022-08-29,296.5672607421875,320.4132995605469,321.3901672363281,297.9453125,298.92218017578125,11135348
2022-08-30,307.8694152832031,332.6241760253906,337.02008056640625,320.9017333984375,324.32080078125,12374407
2022-08-31,307.41729736328125,332.1357421875,335.06634521484375,322.85546875,334.5779113769531,6269772
2022-09-01,303.34857177734375,327.7398376464844,331.6473083496094,325.29766845703125,327.25140380859375,2249654
2022-09-02,298.82769775390625,322.85546875,335.06634521484375,320.9017333984375,331.15887451171875,3503675
2022-09-05,292.04644775390625,315.5289611816406,326.2745361328125,313.5752258300781,326.2745361328125,2086026
2022-09-06,284.8130798339844,307.7139892578125,313.5752258300781,304.78338623046875,312.10992431640625,3314800
2022-09-07,274.4151611328125,296.4800109863281,303.8065185546875,295.9915466308594,303.8065185546875,2472169
2022-09-08,273.9630432128906,295.9915466308594,301.852783203125,292.572509765625,298.4337463378906,2686013
2022-09-12,276.2235107421875,298.4337463378906,303.8065185546875,297.9453125,301.852783203125,1304472
2022-09-13,292.04644775390625,315.5289611816406,318.947998046875,306.73712158203125,307.7139892578125,6023656
2022-09-14,290.6902160644531,314.06365966796875,315.5289611816406,308.69085693359375,308.69085693359375,2219130
2022-09-15,289.3339538574219,312.5983581542969,327.25140380859375,312.10992431640625,315.5289611816406,3614703
2022-09-16,287.5256042480469,310.6446228027344,320.9017333984375,309.667724609375,313.5752258300781,2636693
2022-09-19,280.7443542480469,303.3180847167969,310.6446228027344,300.3874816894531,310.6446228027344,1872150
2022-09-20,280.2922668457031,302.82965087890625,308.69085693359375,300.87591552734375,306.73712158203125,2180409
2022-09-21,275.3193359375,297.4568786621094,301.3643493652344,295.0146789550781,300.3874816894531,2002825
2022-09-22,282.55267333984375,305.2718200683594,305.2718200683594,294.0378112792969,295.0146789550781,2557610
2022-09-23,271.25054931640625,293.0609436035156,306.2486877441406,290.1303405761719,303.8065185546875,2903273
2022-09-26,258.5921936035156,279.384765625,289.64190673828125,276.9425964355469,289.1534729003906,2550404
2022-09-27,265.37347412109375,286.7113037109375,288.1766052246094,279.384765625,281.3385009765625,2009040
2022-09-28,250.45472717285156,270.59295654296875,288.1766052246094,270.59295654296875,286.7113037109375,2249559
2022-09-29,250.9067840576172,271.0813903808594,281.8269348144531,271.0813903808594,275.477294921875,2143801
2022-09-30,253.6193084716797,274.0119934082031,274.0119934082031,262.28955078125,265.7085876464844,2158877
2022-10-03,249.09844970703125,269.1276550292969,274.50042724609375,268.63922119140625,268.63922119140625,997425
2022-10-04,255.8797149658203,276.45416259765625,277.4310302734375,271.56982421875,274.0119934082031,1530288
2022-10-05,258.14013671875,278.8963317871094,282.8038330078125,277.4310302734375,282.31536865234375,1618598
2022-10-06,261.3047180175781,282.31536865234375,284.2691345214844,277.4310302734375,284.2691345214844,1315681
2022-10-07,259.4963684082031,280.36163330078125,283.2922668457031,278.8963317871094,279.8731994628906,1192384
2022-10-11,249.09844970703125,269.1276550292969,274.9888610839844,264.2432861328125,274.9888610839844,1838095
2022-10-12,254.52342224121094,274.9888610839844,275.477294921875,264.7317199707031,270.59295654296875,1415688
2022-10-13,229.2067413330078,247.63650512695312,273.5235595703125,247.63650512695312,271.56982421875,3070916
2022-10-14,229.2067413330078,247.63650512695312,256.9167785644531,246.65963745117188,254.96302795410156,5129711
2022-10-17,234.6317596435547,253.4977264404297,253.4977264404297,237.86781311035156,240.3099822998047,2998375
2022-10-18,239.152587890625,258.382080078125,259.8473815917969,253.00929260253906,256.9167785644531,1807656
2022-10-19,245.933837890625,265.7085876464844,269.1276550292969,257.40521240234375,258.382080078125,2730220
2022-10-20,239.6046600341797,258.8705139160156,259.8473815917969,253.00929260253906,258.8705139160156,2498705
2022-10-21,238.70050048828125,257.8936462402344,261.8011169433594,256.4283447265625,258.8705139160156,1065082
2022-10-24,246.83799743652344,266.6854553222656,271.0813903808594,263.7548522949219,263.7548522949219,1865287
2022-10-25,235.9879913330078,254.96302795410156,266.6854553222656,250.07867431640625,264.7317199707031,3134414
2022-10-26,222.87754821777344,240.7984161376953,254.96302795410156,240.3099822998047,253.4977264404297,3154203
2022-10-27,228.30255126953125,246.65963745117188,247.1480712890625,238.8446807861328,242.2637176513672,2913508
2022-10-28,218.8087921142578,236.40249633789062,244.2174530029297,233.47189331054688,242.7521514892578,2659038
2022-10-31,222.87754821777344,240.7984161376953,242.7521514892578,238.8446807861328,238.8446807861328,1485684
2022-11-01,226.04214477539062,244.2174530029297,247.1480712890625,240.3099822998047,242.2637176513672,1337871
2022-11-02,231.0150604248047,249.59024047851562,251.0555419921875,243.24058532714844,246.65963745117188,1269474
2022-11-03,230.56297302246094,249.101806640625,249.59024047851562,244.2174530029297,245.1943359375,687142
2022-11-04,235.0838165283203,253.9861602783203,255.4514617919922,247.63650512695312,248.61337280273438,1679836
2022-11-07,237.7963409423828,256.9167785644531,262.28955078125,255.4514617919922,257.8936462402344,2537235
2022-11-08,237.7963409423828,256.9167785644531,261.8011169433594,256.9167785644531,258.8705139160156,1439041
2022-11-09,242.76925659179688,262.28955078125,262.7779846191406,258.382080078125,260.3358154296875,1144694
2022-11-10,240.5088348388672,259.8473815917969,261.8011169433594,256.4283447265625,258.8705139160156,1179619
2022-11-11,226.49423217773438,244.70590209960938,264.7317199707031,242.7521514892578,263.7548522949219,8110021
2022-11-14,229.2067413330078,247.63650512695312,250.07867431640625,237.37936401367188,244.70590209960938,6216103
2022-11-15,229.6588134765625,248.12493896484375,249.101806640625,242.7521514892578,247.63650512695312,2853879
2022-11-16,228.754638671875,247.1480712890625,249.59024047851562,245.1943359375,247.1480712890625,3536499
2022-11-17,231.46714782714844,250.07867431640625,251.54397583007812,245.68276977539062,246.65963745117188,3618545
2022-11-18,227.8504638671875,246.17120361328125,256.4283447265625,245.68276977539062,248.61337280273438,4549407
2022-11-21,217.45254516601562,234.93719482421875,246.17120361328125,233.9603271484375,246.17120361328125,5415561
2022-11-22,220.6171112060547,238.3562469482422,238.3562469482422,231.51815795898438,234.93719482421875,4065977
2022-11-23,224.2338104248047,242.2637176513672,246.65963745117188,238.8446807861328,239.82154846191406,3743820
2022-11-24,228.754638671875,247.1480712890625,250.56710815429688,246.17120361328125,248.12493896484375,2756805
2022-11-25,225.13796997070312,243.24058532714844,249.101806640625,243.24058532714844,247.1480712890625,1468380
2022-11-28,226.94631958007812,245.1943359375,247.1480712890625,240.3099822998047,241.77528381347656,1049907
2022-11-29,224.68589782714844,242.7521514892578,246.65963745117188,242.7521514892578,242.7521514892578,2014460
2022-11-30,226.49423217773438,244.70590209960938,246.17120361328125,242.2637176513672,242.2637176513672,1993086
2022-12-01,229.2067413330078,247.63650512695312,252.0324249267578,247.1480712890625,248.12493896484375,3491570
2022-12-02,234.6317596435547,253.4977264404297,259.8473815917969,248.12493896484375,248.12493896484375,5345851
2022-12-05,240.05674743652344,259.35894775390625,261.31268310546875,253.9861602783203,256.4283447265625,4185261
2022-12-06,240.05674743652344,259.35894775390625,263.7548522949219,257.40521240234375,259.8473815917969,4959231
2022-12-07,234.6317596435547,253.4977264404297,260.8242492675781,251.54397583007812,258.382080078125,3098133
2022-12-08,233.72756958007812,252.52085876464844,253.4977264404297,251.0555419921875,253.00929260253906,1730210
2022-12-09,233.72756958007812,252.52085876464844,257.40521240234375,252.0324249267578,253.9861602783203,1494391
2022-12-12,237.7963409423828,256.9167785644531,256.9167785644531,252.52085876464844,253.00929260253906,1642041
2022-12-13,236.44007873535156,255.4514617919922,257.40521240234375,253.9861602783203,256.9167785644531,1894922
2022-12-14,237.34426879882812,256.4283447265625,259.35894775390625,255.4514617919922,255.9398956298828,1518227
2022-12-15,237.7963409423828,256.9167785644531,259.35894775390625,254.96302795410156,257.40521240234375,1702580
2022-12-16,231.0150604248047,249.59024047851562,255.4514617919922,249.59024047851562,253.9861602783203,3436058
2022-12-19,227.3983917236328,245.68276977539062,251.0555419921875,243.24058532714844,250.07867431640625,3381166
2022-12-20,223.3296356201172,241.28684997558594,246.17120361328125,235.9140625,245.68276977539062,3377413
2022-12-21,226.04214477539062,244.2174530029297,244.2174530029297,238.3562469482422,242.2637176513672,2600981
2022-12-22,232.37132263183594,251.0555419921875,251.0555419921875,245.1943359375,246.65963745117188,3161282
2022-12-23,226.94631958007812,245.1943359375,248.12493896484375,245.1943359375,246.17120361328125,1414625
2022-12-26,221.973388671875,239.82154846191406,246.17120361328125,239.82154846191406,246.17120361328125,761757
2022-12-27,222.87754821777344,240.7984161376953,243.72901916503906,240.7984161376953,242.7521514892578,529993
2022-12-28,214.74005126953125,232.006591796875,238.3562469482422,232.006591796875,237.37936401367188,1831999
2022-12-29,213.8358612060547,231.02972412109375,232.006591796875,226.14537048339844,230.54127502441406,1506935
2022-12-30,213.8358612060547,231.02972412109375,237.37936401367188,231.02972412109375,237.37936401367188,1152846
2023-01-03,216.09629821777344,233.47189331054688,234.44876098632812,231.02972412109375,231.02972412109375,517986
2023-01-04,212.47959899902344,229.5644073486328,233.47189331054688,228.58753967285156,231.51815795898438,1143529
2023-01-05,217.9046173095703,235.42562866210938,237.37936401367188,232.006591796875,232.006591796875,1901725
2023-01-06,221.52130126953125,239.33311462402344,241.77528381347656,233.47189331054688,233.9603271484375,1658471
2023-01-09,220.6171112060547,238.3562469482422,243.24058532714844,237.86781311035156,242.7521514892578,1078884
2023-01-10,221.52130126953125,239.33311462402344,243.72901916503906,239.33311462402344,240.3099822998047,1519085
2023-01-11,218.8087921142578,236.40249633789062,240.7984161376953,235.9140625,239.82154846191406,2099418
2023-01-12,226.04214477539062,244.2174530029297,245.1943359375,237.37936401367188,237.37936401367188,2828176
2023-01-13,223.3296356201172,241.28684997558594,246.17120361328125,240.3099822998047,245.1943359375,2212413
2023-01-16,224.2338104248047,242.2637176513672,245.1943359375,241.77528381347656,241.77528381347656,1004096
2023-01-17,226.94631958007812,245.1943359375,247.1480712890625,242.2637176513672,244.2174530029297,1606174
2023-01-30,240.5088348388672,259.8473815917969,265.22015380859375,255.4514617919922,257.8936462402344,7216487
2023-01-31,236.44007873535156,255.4514617919922,260.3358154296875,254.47459411621094,257.8936462402344,4130589
2023-02-01,238.2484130859375,257.40521240234375,262.7779846191406,255.4514617919922,257.8936462402344,3354254
2023-02-02,248.1942596435547,268.1507568359375,269.1276550292969,260.3358154296875,260.8242492675781,6278755
2023-02-03,245.933837890625,265.7085876464844,266.197021484375,263.26641845703125,265.7085876464844,2578458
2023-02-06,246.38592529296875,266.197021484375,271.56982421875,265.22015380859375,270.1045227050781,3385460
2023-02-07,245.48175048828125,265.22015380859375,268.63922119140625,265.22015380859375,266.6854553222656,1924807
2023-02-08,245.933837890625,265.7085876464844,270.1045227050781,265.22015380859375,267.6623229980469,2331122
2023-02-09,240.05674743652344,259.35894775390625,268.1507568359375,259.35894775390625,266.197021484375,4150043
2023-02-10,240.96090698242188,260.3358154296875,262.7779846191406,259.35894775390625,260.8242492675781,1822154
2023-02-13,241.86508178710938,261.31268310546875,262.28955078125,259.8473815917969,260.3358154296875,716847
2023-02-14,245.02967834472656,264.7317199707031,265.22015380859375,262.28955078125,262.7779846191406,1273523
2023-02-15,247.29010009765625,267.17388916015625,270.1045227050781,266.197021484375,266.197021484375,3624167
2023-02-16,253.6193084716797,274.0119934082031,276.9425964355469,271.0813903808594,271.56982421875,5140050
2023-02-17,252.26304626464844,272.54669189453125,273.5235595703125,270.1045227050781,271.56982421875,1943688
2023-02-20,254.07135009765625,274.50042724609375,284.2691345214844,274.50042724609375,279.384765625,5425736
2023-02-21,252.26304626464844,272.54669189453125,277.4310302734375,272.0582580566406,275.477294921875,2066034
2023-02-22,247.74217224121094,267.6623229980469,272.54669189453125,266.6854553222656,270.1045227050781,2170708
2023-02-23,253.6193084716797,274.0119934082031,274.50042724609375,269.1276550292969,269.1276550292969,1882640
2023-02-24,250.45472717285156,270.59295654296875,276.45416259765625,269.6160888671875,274.0119934082031,1647254
2023-03-01,252.7151336669922,273.0351257324219,274.0119934082031,270.1045227050781,270.59295654296875,1014490
2023-03-02,255.8797149658203,276.45416259765625,276.45416259765625,273.0351257324219,273.0351257324219,2096037
2023-03-03,253.6193084716797,274.0119934082031,278.40789794921875,274.0119934082031,276.9425964355469,1098464
2023-03-06,259.94842529296875,280.8500671386719,281.3385009765625,274.9888610839844,276.9425964355469,2389716
2023-03-07,256.7838439941406,277.4310302734375,279.384765625,276.9425964355469,279.384765625,1513700
2023-03-08,254.97552490234375,275.477294921875,277.9194641113281,274.50042724609375,276.45416259765625,1511787
2023-03-09,250.0026092529297,270.1045227050781,274.9888610839844,269.1276550292969,274.50042724609375,3103472
2023-03-10,245.48175048828125,265.22015380859375,270.1045227050781,263.7548522949219,266.6854553222656,2000572
2023-03-13,244.5775909423828,264.2432861328125,266.197021484375,261.31268310546875,265.22015380859375,1554403
2023-03-14,242.31716918945312,261.8011169433594,264.7317199707031,261.31268310546875,263.26641845703125,798270
2023-03-15,244.12550354003906,263.7548522949219,266.197021484375,263.7548522949219,264.2432861328125,768903
2023-03-16,238.2484130859375,257.40521240234375,263.7548522949219,255.9398956298828,262.28955078125,1354384
2023-03-17,242.31716918945312,261.8011169433594,264.7317199707031,260.3358154296875,260.3358154296875,784289
2023-03-20,246.83799743652344,266.6854553222656,268.63922119140625,263.26641845703125,263.7548522949219,957674
2023-03-21,246.38592529296875,266.197021484375,270.59295654296875,266.197021484375,269.1276550292969,515729
2023-03-22,249.550537109375,269.6160888671875,271.0813903808594,268.1507568359375,268.1507568359375,1225171
2023-03-23,248.6463623046875,268.63922119140625,269.6160888671875,267.17388916015625,268.63922119140625,548920
2023-03-24,250.9067840576172,271.0813903808594,273.0351257324219,270.1045227050781,270.59295654296875,805722
2023-03-27,247.74217224121094,267.6623229980469,273.0351257324219,267.17388916015625,272.54669189453125,804919
2023-03-28,243.22132873535156,262.7779846191406,268.63922119140625,262.7779846191406,267.6623229980469,1122747
2023-03-29,248.6463623046875,268.63922119140625,269.1276550292969,264.2432861328125,264.2432861328125,1249422
2023-03-30,251.35888671875,271.56982421875,272.54669189453125,269.6160888671875,269.6160888671875,1096751
2023-03-31,252.26304626464844,272.54669189453125,282.31536865234375,272.0582580566406,273.5235595703125,4661750
2023-04-06,245.02967834472656,264.7317199707031,269.6160888671875,263.7548522949219,269.6160888671875,2023094
2023-04-07,245.933837890625,265.7085876464844,268.1507568359375,264.7317199707031,265.22015380859375,811355
2023-04-10,248.1942596435547,268.1507568359375,268.63922119140625,264.2432861328125,268.1507568359375,621608
2023-04-11,250.9067840576172,271.0813903808594,271.56982421875,268.1507568359375,269.6160888671875,706804
2023-04-12,251.8109588623047,272.0582580566406,275.477294921875,271.0813903808594,272.0582580566406,1178969
2023-04-13,250.45472717285156,270.59295654296875,274.0119934082031,270.59295654296875,273.5235595703125,753822
2023-04-14,250.45472717285156,270.59295654296875,273.0351257324219,270.59295654296875,273.0351257324219,1103252
2023-04-17,246.38592529296875,266.197021484375,271.0813903808594,265.7085876464844,271.0813903808594,1174220
2023-04-18,246.38592529296875,266.197021484375,269.1276550292969,265.7085876464844,267.6623229980469,604725
2023-04-19,246.83799743652344,266.6854553222656,268.63922119140625,266.197021484375,267.6623229980469,633912
2023-04-20,247.81040954589844,267.7360534667969,269.2071228027344,263.32281494140625,266.26495361328125,1297847
2023-04-21,238.7331085205078,257.9288635253906,268.2264099121094,257.4385070800781,268.2264099121094,1712369
2023-04-24,231.4712677001953,250.08311462402344,259.3999328613281,248.61204528808594,258.4192199707031,2237722
2023-04-25,227.386474609375,245.66989135742188,253.515625,245.17953491210938,251.55419921875,1184024
2023-04-26,231.9251251220703,250.57347106933594,251.0638427734375,246.16024780273438,247.14096069335938,543652
2023-04-27,236.00991821289062,254.98670959472656,256.9481506347656,251.0638427734375,253.0252685546875,647279
2023-04-28,238.7331085205078,257.9288635253906,259.8902893066406,255.96742248535156,259.8902893066406,656409
2023-05-02,236.9176483154297,255.96742248535156,260.3806457519531,255.96742248535156,258.4192199707031,495356
2023-05-03,234.64830017089844,253.515625,256.9481506347656,249.59275817871094,255.96742248535156,701439
2023-05-04,233.74058532714844,252.534912109375,254.49635314941406,251.0638427734375,253.515625,333279
2023-05-05,234.19444274902344,253.0252685546875,254.98670959472656,253.0252685546875,253.515625,281054
2023-05-08,236.00991821289062,254.98670959472656,256.4577941894531,254.00599670410156,254.49635314941406,355489
2023-05-09,233.28671264648438,252.0445556640625,254.98670959472656,250.57347106933594,254.98670959472656,411604
2023-05-10,233.74058532714844,252.534912109375,254.49635314941406,251.55419921875,253.0252685546875,351542
2023-05-11,233.74058532714844,252.534912109375,254.00599670410156,250.08311462402344,253.0252685546875,525858
2023-05-12,234.64830017089844,253.515625,256.4577941894531,252.534912109375,252.534912109375,775309
2023-05-15,231.0174102783203,249.59275817871094,253.0252685546875,247.63131713867188,253.0252685546875,545648
2023-05-16,235.55604553222656,254.49635314941406,255.47706604003906,251.0638427734375,251.55419921875,423823
2023-05-17,237.37152099609375,256.4577941894531,257.4385070800781,252.534912109375,253.0252685546875,944614
2023-05-18,237.82537841796875,256.9481506347656,258.9095764160156,255.96742248535156,258.4192199707031,612100
2023-05-19,236.9176483154297,255.96742248535156,258.9095764160156,255.96742248535156,258.4192199707031,398588
2023-05-22,240.54855346679688,259.8902893066406,259.8902893066406,254.49635314941406,254.98670959472656,639965
2023-05-23,241.45631408691406,260.87103271484375,263.81317138671875,259.8902893066406,259.8902893066406,758482
2023-05-24,242.81788635253906,262.34210205078125,262.83245849609375,258.9095764160156,261.85174560546875,557544
2023-05-25,241.91015625,261.36138916015625,262.83245849609375,260.3806457519531,262.83245849609375,386554
2023-05-26,242.36402893066406,261.85174560546875,263.32281494140625,261.36138916015625,262.34210205078125,582546
2023-05-29,245.54107666015625,265.28424072265625,265.77459716796875,263.32281494140625,263.32281494140625,726401
2023-05-30,243.72561645507812,263.32281494140625,266.26495361328125,263.32281494140625,266.26495361328125,568682
2023-05-31,250.9874725341797,271.1685485839844,272.1492614746094,264.79388427734375,264.79388427734375,1928063
2023-06-01,250.07972717285156,270.1878356933594,272.6396484375,269.2071228027344,272.1492614746094,719623
2023-06-02,246.90267944335938,266.7553405761719,271.1685485839844,266.26495361328125,270.1878356933594,1045859
2023-06-05,245.99493408203125,265.77459716796875,269.6974792480469,265.77459716796875,267.7360534667969,755666
2023-06-06,244.63336181640625,264.30352783203125,266.7553405761719,263.32281494140625,264.79388427734375,643708
2023-06-07,247.35653686523438,267.2456970214844,267.2456970214844,264.30352783203125,264.30352783203125,337771
2023-06-08,249.62588500976562,269.6974792480469,269.6974792480469,265.77459716796875,267.2456970214844,691111
2023-06-09,255.07225036621094,275.581787109375,277.0528564453125,272.1492614746094,272.6396484375,2339722
2023-06-12,262.7879638671875,283.91790771484375,287.84075927734375,277.0528564453125,278.5239562988281,4062210
2023-06-13,259.61090087890625,280.4853820800781,286.86004638671875,280.4853820800781,286.36968994140625,1960217
2023-06-14,259.1570129394531,279.9950256347656,284.89862060546875,279.0143127441406,280.9757385253906,1247663
2023-06-15,258.70318603515625,279.5046691894531,281.9564514160156,276.5625,281.4660949707031,1472598
2023-06-16,255.52610778808594,276.0721435546875,282.9371643066406,276.0721435546875,280.9757385253906,1252134
2023-06-19,261.8802185058594,282.9371643066406,286.36968994140625,278.5239562988281,278.5239562988281,2628296
2023-06-20,265.5111389160156,286.86004638671875,290.2925720214844,283.91790771484375,285.38897705078125,2520683
2023-06-21,289.5660400390625,312.8490905761719,315.3008728027344,289.8022155761719,289.8022155761719,13943374
2023-06-26,286.84283447265625,309.90692138671875,312.3587341308594,301.5708312988281,306.96478271484375,5416394
2023-06-27,280.48870849609375,303.0419006347656,308.43585205078125,299.609375,304.0226135253906,4203420
2023-06-28,273.2268981933594,295.1961669921875,306.96478271484375,295.1961669921875,305.9840393066406,4396095
2023-06-29,294.5585021972656,318.2430419921875,321.675537109375,303.0419006347656,305.0033264160156,9445725
2023-06-30,292.2892150878906,315.7912292480469,320.2044677734375,310.39727783203125,312.8490905761719,5076618
2023-07-03,295.46624755859375,319.2237548828125,325.5984191894531,310.88763427734375,321.1851806640625,6881538
2023-07-04,296.8278503417969,320.69482421875,333.44415283203125,319.2237548828125,328.0502014160156,6520818
2023-07-05,292.7430725097656,316.2815856933594,325.5984191894531,316.2815856933594,325.5984191894531,2605411
2023-07-06,290.4737548828125,313.8298034667969,319.2237548828125,311.86834716796875,313.8298034667969,2957100
2023-07-07,284.11962890625,306.96478271484375,315.7912292480469,306.96478271484375,312.8490905761719,2312640
2023-07-10,283.2118835449219,305.9840393066406,311.86834716796875,305.4936828613281,306.96478271484375,1259711
2023-07-11,288.20440673828125,311.37799072265625,315.3008728027344,306.96478271484375,308.92620849609375,1514393
2023-07-12,286.84283447265625,309.90692138671875,315.7912292480469,307.94549560546875,313.3394470214844,1314520
2023-07-13,292.7430725097656,316.2815856933594,319.2237548828125,307.94549560546875,311.37799072265625,3040710
2023-07-14,295.9201354980469,319.714111328125,324.6177062988281,316.7719421386719,323.1466064453125,3003519
2023-07-17,288.20440673828125,311.37799072265625,322.65625,310.88763427734375,322.65625,2374403
2023-07-18,285.9350891113281,308.92620849609375,314.3201599121094,306.96478271484375,314.3201599121094,1697931
2023-07-19,276.8577880859375,299.1190185546875,311.86834716796875,298.1383056640625,310.88763427734375,2861276
2023-07-20,279.12713623046875,301.5708312988281,304.0226135253906,297.1575927734375,299.1190185546875,2198537
2023-07-21,276.8577880859375,299.1190185546875,301.0804748535156,294.2154235839844,300.0997314453125,1554529
2023-07-24,280.9425964355469,303.5322570800781,305.9840393066406,295.6865234375,299.609375,1874346
2023-07-25,285.74212646484375,298.54925537109375,303.5003356933594,295.57861328125,297.5590515136719,1665526
2023-07-26,287.1637268066406,300.0345764160156,303.0052185058594,297.5590515136719,299.5394592285156,1002297
2023-07-27,290.0069274902344,303.0052185058594,305.4807434082031,298.54925537109375,300.0345764160156,1314379
2023-07-28,292.8501281738281,305.9758605957031,307.461181640625,298.54925537109375,303.0052185058594,2698522
2023-07-31,286.6898498535156,299.5394592285156,306.966064453125,299.5394592285156,306.966064453125,2063692
2023-08-01,288.1114501953125,301.0247802734375,308.4513854980469,301.0247802734375,302.0150146484375,1435239
2023-08-02,282.89892578125,295.57861328125,305.9758605957031,294.5884094238281,303.0052185058594,1248111
2023-08-04,276.7386779785156,289.1422424316406,298.05413818359375,287.16180419921875,297.5590515136719,1861813
2023-08-07,281.00341796875,293.5981750488281,294.5884094238281,288.1520080566406,292.60797119140625,524102
2023-08-08,278.1602783203125,290.6275634765625,293.5981750488281,289.1422424316406,292.1128845214844,489846
2023-08-09,269.1567687988281,281.22052001953125,290.6275634765625,279.7351989746094,289.1422424316406,2886581
2023-08-10,261.57489013671875,273.298828125,283.2009582519531,271.3183898925781,281.22052001953125,3497210
2023-08-11,256.8362121582031,268.3477478027344,278.2498779296875,267.3575439453125,278.2498779296875,2584939
2023-08-14,254.94076538085938,266.3673400878906,267.3575439453125,260.921142578125,267.3575439453125,2166235
2023-08-15,253.04527282714844,264.38690185546875,267.3575439453125,263.3966979980469,264.38690185546875,1486497
2023-08-16,255.41461181640625,266.8624267578125,268.3477478027344,263.3966979980469,264.38690185546875,504032
2023-08-17,254.94076538085938,266.3673400878906,268.8428649902344,260.921142578125,264.38690185546875,1178472
2023-08-18,250.20205688476562,261.416259765625,268.3477478027344,260.4260559082031,265.3771057128906,1187294
2023-08-21,248.7804718017578,259.9309387207031,263.3966979980469,257.9505310058594,263.3966979980469,1151225
2023-08-22,249.25433349609375,260.4260559082031,265.8722229003906,258.94073486328125,265.8722229003906,1358863
2023-08-23,253.99298095703125,265.3771057128906,267.8526611328125,257.9505310058594,262.4064636230469,1446839
2023-08-24,256.8362121582031,268.3477478027344,269.83306884765625,263.89178466796875,265.3771057128906,1150959
2023-08-25,253.04527282714844,264.38690185546875,268.3477478027344,263.89178466796875,263.89178466796875,648175
2023-08-28,227.93028259277344,238.14625549316406,251.51412963867188,238.14625549316406,250.52392578125,6755646
2023-08-29,230.29962158203125,240.6217803955078,242.6022186279297,231.70986938476562,237.65115356445312,3052473
2023-08-30,235.5121612548828,246.06796264648438,248.54348754882812,241.1168975830078,241.1168975830078,1870772
2023-08-31,236.4598846435547,247.05816650390625,249.03860473632812,244.5826416015625,245.07774353027344,930769
2023-09-01,240.72470092773438,251.51412963867188,253.9896697998047,247.55328369140625,248.54348754882812,1230146
2023-09-04,239.3031005859375,250.02880859375,252.0092315673828,247.05816650390625,249.03860473632812,1021370
2023-09-05,242.6201629638672,253.4945526123047,256.4652099609375,248.54348754882812,250.02880859375,874585
2023-09-06,238.82923889160156,249.53370666503906,254.48477172851562,248.0483856201172,253.4945526123047,1074954
2023-09-07,238.82923889160156,249.53370666503906,252.0092315673828,247.55328369140625,247.55328369140625,591018
2023-09-08,238.35537719726562,249.03860473632812,250.02880859375,246.5630645751953,247.55328369140625,916072
2023-09-11,235.5121612548828,246.06796264648438,248.54348754882812,244.08753967285156,248.0483856201172,890308
2023-09-12,241.1985626220703,252.0092315673828,252.0092315673828,248.54348754882812,249.53370666503906,843024
2023-09-13,244.98951721191406,255.9700927734375,263.89178466796875,252.0092315673828,252.0092315673828,2666178
2023-09-14,244.98951721191406,255.9700927734375,259.43585205078125,255.47499084472656,256.9602966308594,757388
2023-09-15,246.41111755371094,257.4554138183594,260.4260559082031,255.47499084472656,257.9505310058594,749865
2023-09-18,245.93724060058594,256.9602966308594,256.9602966308594,252.99945068359375,254.97987365722656,724389
2023-09-19,245.93724060058594,256.9602966308594,256.9602966308594,254.48477172851562,256.4652099609375,444988
2023-09-20,259.6794128417969,271.3183898925781,272.30859375,255.9700927734375,257.9505310058594,3944457
2023-09-21,253.99298095703125,265.3771057128906,271.3183898925781,262.9015808105469,268.3477478027344,2301501
2023-09-22,259.20556640625,270.82330322265625,273.298828125,262.4064636230469,262.9015808105469,2001118
2023-09-25,259.6794128417969,271.3183898925781,272.8037109375,268.8428649902344,270.32818603515625,817213
2023-09-26,258.731689453125,270.32818603515625,271.3183898925781,264.38690185546875,271.3183898925781,908511
2023-09-27,255.41461181640625,266.8624267578125,269.83306884765625,264.88201904296875,269.83306884765625,666651
2023-09-28,255.88848876953125,267.3575439453125,268.3477478027344,264.38690185546875,267.3575439453125,595932
2023-10-02,253.99298095703125,265.3771057128906,266.8624267578125,263.89178466796875,265.8722229003906,1222688
2023-10-03,253.99298095703125,265.3771057128906,269.83306884765625,264.88201904296875,265.3771057128906,537255
2023-10-04,256.36236572265625,267.8526611328125,267.8526611328125,261.416259765625,263.89178466796875,595789
2023-10-05,252.0975341796875,263.3966979980469,269.3379821777344,263.3966979980469,268.8428649902344,667735
2023-10-06,246.41111755371094,257.4554138183594,263.3966979980469,254.48477172851562,263.3966979980469,1378886
2023-10-11,243.0940399169922,253.9896697998047,259.43585205078125,251.51412963867188,257.4554138183594,990802
2023-10-12,246.41111755371094,257.4554138183594,257.9505310058594,252.0092315673828,255.9700927734375,540720
2023-10-13,242.14630126953125,252.99945068359375,255.9700927734375,252.5043487548828,253.9896697998047,617245
2023-10-16,243.5679168701172,254.48477172851562,256.4652099609375,250.52392578125,250.52392578125,440872
2023-10-17,253.99298095703125,265.3771057128906,266.3673400878906,256.9602966308594,258.44561767578125,1573527
2023-10-18,250.67593383789062,261.911376953125,267.3575439453125,260.921142578125,267.3575439453125,1024214
2023-10-19,251.1497802734375,262.4064636230469,269.83306884765625,260.921142578125,261.416259765625,1119601
2023-10-20,244.98951721191406,255.9700927734375,258.44561767578125,253.4945526123047,257.4554138183594,988626
2023-10-23,245.46339416503906,256.4652099609375,260.921142578125,253.9896697998047,253.9896697998047,449909
2023-10-24,251.6236572265625,262.9015808105469,263.3966979980469,255.47499084472656,260.921142578125,554158
2023-10-25,247.8327178955078,258.94073486328125,263.89178466796875,258.94073486328125,263.3966979980469,373940
2023-10-26,244.51565551757812,255.47499084472656,261.911376953125,255.47499084472656,256.4652099609375,488633
2023-10-27,244.0417938232422,254.97987365722656,261.416259765625,254.97987365722656,258.44561767578125,390630
2023-10-30,244.51565551757812,255.47499084472656,257.4554138183594,253.4945526123047,256.4652099609375,240538
2023-10-31,238.35537719726562,249.03860473632812,256.4652099609375,248.0483856201172,256.4652099609375,1037209
2023-11-01,238.35537719726562,249.03860473632812,250.52392578125,246.06796264648438,249.03860473632812,396109
2023-11-02,240.72470092773438,251.51412963867188,253.4945526123047,250.52392578125,251.51412963867188,300018
2023-11-03,237.4076385498047,248.0483856201172,254.48477172851562,248.0483856201172,252.5043487548828,481009
2023-11-06,242.6201629638672,253.4945526123047,254.48477172851562,249.53370666503906,250.02880859375,453350
2023-11-07,243.5679168701172,254.48477172851562,255.9700927734375,252.0092315673828,254.48477172851562,261167
2023-11-08,249.72817993164062,260.921142578125,260.921142578125,255.47499084472656,255.9700927734375,616626
2023-11-09,247.3588409423828,258.44561767578125,260.921142578125,256.9602966308594,260.921142578125,514478
2023-11-10,243.5679168701172,254.48477172851562,259.43585205078125,252.5043487548828,256.4652099609375,472087
2023-11-13,240.72470092773438,251.51412963867188,255.47499084472656,250.52392578125,253.4945526123047,755872
2023-11-14,241.6724395751953,252.5043487548828,253.9896697998047,250.02880859375,250.02880859375,268697
2023-11-15,245.93724060058594,256.9602966308594,258.44561767578125,254.48477172851562,255.47499084472656,592491
2023-11-16,246.41111755371094,257.4554138183594,259.43585205078125,255.9700927734375,258.44561767578125,404297
2023-11-17,248.30662536621094,259.43585205078125,260.4260559082031,256.9602966308594,257.4554138183594,386642
2023-11-20,247.3588409423828,258.44561767578125,261.416259765625,255.47499084472656,259.43585205078125,385081
2023-11-21,252.57138061523438,263.89178466796875,264.88201904296875,256.4652099609375,260.921142578125,1575360
2023-11-22,255.88848876953125,267.3575439453125,267.3575439453125,263.3966979980469,264.88201904296875,2587178
2023-11-23,256.36236572265625,267.8526611328125,270.32818603515625,266.3673400878906,267.3575439453125,1786862
2023-11-24,252.57138061523438,263.89178466796875,268.8428649902344,261.911376953125,267.8526611328125,1252380
2023-11-27,250.67593383789062,261.911376953125,264.38690185546875,260.4260559082031,264.38690185546875,518208
2023-11-28,252.0975341796875,263.3966979980469,263.3966979980469,261.911376953125,262.9015808105469,307846
2023-11-29,252.57138061523438,263.89178466796875,266.3673400878906,262.9015808105469,264.38690185546875,583005
2023-11-30,250.20205688476562,261.416259765625,265.8722229003906,260.921142578125,265.3771057128906,1214311
2023-12-01,257.7839660644531,269.3379821777344,271.3183898925781,261.911376953125,263.3966979980469,1910805
2023-12-04,261.57489013671875,273.298828125,276.26947021484375,271.8135070800781,273.298828125,2280184
2023-12-05,256.8362121582031,268.3477478027344,272.30859375,267.8526611328125,272.30859375,849487
2023-12-06,256.36236572265625,267.8526611328125,269.3379821777344,265.3771057128906,268.3477478027344,706339
2023-12-07,254.94076538085938,266.3673400878906,271.8135070800781,266.3673400878906,268.3477478027344,424841
2023-12-08,252.57138061523438,263.89178466796875,269.3379821777344,263.89178466796875,268.3477478027344,613163
2023-12-11,257.3100891113281,268.8428649902344,270.32818603515625,265.8722229003906,266.3673400878906,621540
2023-12-12,254.94076538085938,266.3673400878906,269.83306884765625,265.3771057128906,269.3379821777344,383046
2023-12-13,250.67593383789062,261.911376953125,267.8526611328125,261.416259765625,266.3673400878906,806177
2023-12-14,253.51913452148438,264.88201904296875,266.8624267578125,262.4064636230469,264.38690185546875,778902
2023-12-15,257.7839660644531,269.3379821777344,272.30859375,266.3673400878906,266.8624267578125,1552411
2023-12-18,252.57138061523438,263.89178466796875,268.8428649902344,263.89178466796875,268.8428649902344,663039
2023-12-19,250.20205688476562,261.416259765625,265.8722229003906,261.416259765625,265.8722229003906,503228
2023-12-20,250.67593383789062,261.911376953125,264.38690185546875,261.911376953125,263.3966979980469,436304
2023-12-21,246.41111755371094,257.4554138183594,260.921142578125,257.4554138183594,260.4260559082031,890263
2023-12-22,244.51565551757812,255.47499084472656,259.43585205078125,255.47499084472656,259.43585205078125,669094
2023-12-25,246.41111755371094,257.4554138183594,259.9309387207031,255.9700927734375,257.9505310058594,321529
2023-12-26,248.7804718017578,259.9309387207031,259.9309387207031,257.4554138183594,258.44561767578125,323273
2023-12-27,251.1497802734375,262.4064636230469,262.9015808105469,260.4260559082031,260.4260559082031,467153
2023-12-28,251.6236572265625,262.9015808105469,263.3966979980469,260.921142578125,262.4064636230469,275858
2023-12-29,253.04527282714844,264.38690185546875,265.8722229003906,263.89178466796875,263.89178466796875,391784
2024-01-02,251.1497802734375,262.4064636230469,265.3771057128906,260.921142578125,264.38690185546875,384121
2024-01-03,248.7804718017578,259.9309387207031,262.4064636230469,259.43585205078125,260.4260559082031,254575
2024-01-04,245.46339416503906,256.4652099609375,261.416259765625,256.4652099609375,259.43585205078125,405046
2024-01-05,242.6201629638672,253.4945526123047,256.4652099609375,253.4945526123047,256.4652099609375,661059
2024-01-08,238.82923889160156,249.53370666503906,254.48477172851562,249.53370666503906,252.5043487548828,728874
2024-01-09,240.72470092773438,251.51412963867188,253.4945526123047,249.53370666503906,250.52392578125,632421
2024-01-10,235.98602294921875,246.5630645751953,251.01902770996094,245.07774353027344,251.01902770996094,989135
2024-01-11,233.61671447753906,244.08753967285156,247.55328369140625,243.09732055664062,247.55328369140625,1062756
2024-01-12,233.61671447753906,244.08753967285156,244.08753967285156,241.1168975830078,244.08753967285156,838849
2024-01-15,232.66896057128906,243.09732055664062,245.07774353027344,242.6022186279297,245.07774353027344,469839
2024-01-16,231.24734497070312,241.61199951171875,244.5826416015625,241.61199951171875,243.09732055664062,714361
2024-01-17,228.40414428710938,238.641357421875,244.08753967285156,237.65115356445312,241.61199951171875,597019
2024-01-18,227.4564208984375,237.65115356445312,239.136474609375,234.18540954589844,239.136474609375,948863
2024-01-19,227.4564208984375,237.65115356445312,239.136474609375,235.6707305908203,237.65115356445312,921559
2024-01-22,227.93028259277344,238.14625549316406,240.12667846679688,237.65115356445312,238.14625549316406,955060
2024-01-23,232.66896057128906,243.09732055664062,245.57286071777344,240.12667846679688,241.61199951171875,1245352
2024-01-24,232.66896057128906,243.09732055664062,245.07774353027344,242.6022186279297,243.59242248535156,385662
2024-01-25,229.3518829345703,239.63157653808594,243.09732055664062,239.63157653808594,243.09732055664062,427724
2024-01-26,220.34841918945312,230.22454833984375,241.1168975830078,227.7490234375,238.641357421875,4422858
2024-01-29,223.1916046142578,233.1951904296875,234.68051147460938,230.7196502685547,232.70008850097656,915129
2024-01-30,222.71774291992188,232.70008850097656,236.6609344482422,232.20497131347656,236.16583251953125,631076
2024-01-31,218.92678833007812,228.73922729492188,234.18540954589844,228.73922729492188,233.69029235839844,1331033
2024-02-01,220.82228088378906,230.7196502685547,232.20497131347656,229.7294464111328,231.2147674560547,536550
2024-02-02,220.34841918945312,230.22454833984375,232.70008850097656,229.7294464111328,230.7196502685547,527513
2024-02-05,216.55746459960938,226.26370239257812,229.23434448242188,220.32241821289062,229.23434448242188,2231755
2024-02-15,220.34841918945312,230.22454833984375,231.70986938476562,225.2734832763672,227.25390625,1414246
2024-02-16,224.61322021484375,234.68051147460938,235.6707305908203,229.23434448242188,231.70986938476562,1253846
2024-02-19,232.66896057128906,243.09732055664062,245.07774353027344,235.1756134033203,236.6609344482422,2489922
2024-02-20,231.72122192382812,242.1071014404297,244.08753967285156,240.12667846679688,243.59242248535156,1298379
2024-02-21,230.29962158203125,240.6217803955078,242.1071014404297,238.641357421875,242.1071014404297,751543
2024-02-22,230.7734832763672,241.1168975830078,244.08753967285156,240.6217803955078,244.08753967285156,857449
2024-02-23,231.24734497070312,241.61199951171875,245.07774353027344,240.12667846679688,243.09732055664062,1392142
2024-02-26,228.40414428710938,238.641357421875,243.09732055664062,236.6609344482422,241.1168975830078,1788527
2024-02-27,228.40414428710938,238.641357421875,243.09732055664062,236.6609344482422,241.1168975830078,1178038
2024-02-29,229.82574462890625,240.12667846679688,244.5826416015625,237.65115356445312,242.1071014404297,1240127
2024-03-01,226.03480529785156,236.16583251953125,241.1168975830078,233.69029235839844,241.1168975830078,1373921
2024-03-04,234.56443786621094,245.07774353027344,250.02880859375,241.61199951171875,241.61199951171875,3139116
2024-03-05,235.98602294921875,246.5630645751953,247.55328369140625,241.61199951171875,245.07774353027344,1082236
2024-03-06,235.03831481933594,245.57286071777344,248.54348754882812,245.57286071777344,248.54348754882812,736914
2024-03-07,230.29962158203125,240.6217803955078,246.5630645751953,240.12667846679688,246.06796264648438,898188
2024-03-08,230.29962158203125,240.6217803955078,244.08753967285156,239.136474609375,242.6022186279297,685433
2024-03-11,227.93028259277344,238.14625549316406,249.03860473632812,237.15603637695312,246.06796264648438,1787933
2024-03-12,231.72122192382812,242.1071014404297,244.08753967285156,239.136474609375,240.6217803955078,1067313
2024-03-13,231.72122192382812,242.1071014404297,244.08753967285156,240.6217803955078,241.61199951171875,704568
2024-03-14,231.72122192382812,242.1071014404297,243.09732055664062,238.641357421875,241.61199951171875,681815
2024-03-15,232.19509887695312,242.6022186279297,244.5826416015625,240.6217803955078,242.1071014404297,636118
2024-03-18,232.66896057128906,243.09732055664062,246.06796264648438,241.61199951171875,245.07774353027344,552406
2024-03-19,239.3031005859375,250.02880859375,251.01902770996094,244.08753967285156,244.5826416015625,1401123
2024-03-20,240.25083923339844,251.01902770996094,255.47499084472656,249.03860473632812,252.0092315673828,1028547
2024-03-21,244.51565551757812,255.47499084472656,256.9602966308594,251.51412963867188,252.99945068359375,1988976
2024-03-22,248.7804718017578,259.9309387207031,260.921142578125,254.48477172851562,255.47499084472656,2190468
2024-03-25,246.885009765625,257.9505310058594,260.921142578125,255.9700927734375,259.9309387207031,1200297
2024-03-26,242.6201629638672,253.4945526123047,257.9505310058594,251.01902770996094,256.4652099609375,1691917
2024-03-27,238.82923889160156,249.53370666503906,256.4652099609375,248.54348754882812,254.48477172851562,898529
2024-03-28,243.5679168701172,254.48477172851562,256.9602966308594,250.52392578125,250.52392578125,941914
2024-03-29,243.0940399169922,253.9896697998047,255.47499084472656,253.4945526123047,253.4945526123047,418091
2024-04-01,240.72470092773438,251.51412963867188,254.48477172851562,249.03860473632812,253.4945526123047,993927
2024-04-02,243.0940399169922,253.9896697998047,255.47499084472656,248.0483856201172,253.4945526123047,631739
2024-04-03,243.0940399169922,253.9896697998047,256.4652099609375,251.51412963867188,252.0092315673828,401355
2024-04-08,241.6724395751953,252.5043487548828,256.4652099609375,250.52392578125,256.4652099609375,652869
2024-04-09,240.72470092773438,251.51412963867188,253.9896697998047,250.02880859375,251.01902770996094,525614
2024-04-10,242.14630126953125,252.99945068359375,256.9602966308594,252.0092315673828,252.99945068359375,667673
2024-04-11,237.4076385498047,248.0483856201172,252.0092315673828,248.0483856201172,252.0092315673828,622210
2024-04-12,234.56443786621094,245.07774353027344,248.54348754882812,245.07774353027344,248.0483856201172,692071
2024-04-15,230.29962158203125,240.6217803955078,249.53370666503906,240.6217803955078,244.5826416015625,1705158
2024-04-16,220.82228088378906,230.7196502685547,238.641357421875,229.23434448242188,238.641357421875,2122151
2024-04-17,223.1916046142578,233.1951904296875,234.68051147460938,230.22454833984375,231.70986938476562,1882617
2024-04-18,221.29615783691406,231.2147674560547,234.68051147460938,230.22454833984375,233.1951904296875,1360356
2024-04-19,214.66200256347656,224.2832794189453,230.22454833984375,220.81752014160156,228.73922729492188,1444276
2024-04-22,214.18812561035156,223.7881622314453,225.76858520507812,221.8077392578125,222.79795837402344,1410743
2024-04-23,215.1358642578125,224.77838134765625,226.26370239257812,222.30284118652344,225.2734832763672,1025967
2024-04-24,223.1916046142578,233.1951904296875,233.1951904296875,225.2734832763672,229.7294464111328,1441535
2024-04-25,221.29615783691406,231.2147674560547,234.68051147460938,230.7196502685547,230.7196502685547,461833
2024-04-26,219.87454223632812,229.7294464111328,232.70008850097656,228.73922729492188,232.70008850097656,687705
2024-04-29,218.92678833007812,228.73922729492188,230.22454833984375,227.25390625,229.7294464111328,923634
2024-04-30,218.4529266357422,228.24412536621094,235.1756134033203,228.24412536621094,233.69029235839844,1261815
2024-05-02,214.18812561035156,223.7881622314453,227.7490234375,223.7881622314453,227.7490234375,1179803
2024-05-03,213.24038696289062,222.79795837402344,226.75880432128906,222.79795837402344,225.2734832763672,1236179
2024-05-06,215.1358642578125,224.77838134765625,227.25390625,222.79795837402344,223.29306030273438,799030
2024-05-07,216.55746459960938,226.26370239257812,228.24412536621094,224.77838134765625,226.75880432128906,824724
2024-05-08,217.0313262939453,226.75880432128906,227.7490234375,224.77838134765625,225.76858520507812,530487
2024-05-09,212.2926483154297,221.8077392578125,228.24412536621094,221.8077392578125,226.75880432128906,833537
2024-05-10,216.08358764648438,225.76858520507812,226.26370239257812,222.30284118652344,223.7881622314453,500188
2024-05-13,217.97906494140625,227.7490234375,228.73922729492188,225.76858520507812,226.26370239257812,483046
2024-05-14,220.34841918945312,230.22454833984375,230.7196502685547,228.24412536621094,228.24412536621094,608356
2024-05-15,220.82228088378906,230.7196502685547,233.69029235839844,230.7196502685547,233.1951904296875,1252383
2024-05-16,219.87454223632812,229.7294464111328,232.70008850097656,227.7490234375,231.70986938476562,1089834
2024-05-17,227.93028259277344,238.14625549316406,242.6022186279297,229.23434448242188,229.23434448242188,2974133
2024-05-20,228.40414428710938,238.641357421875,244.5826416015625,238.641357421875,241.1168975830078,1675891
2024-05-21,245.46339416503906,256.4652099609375,260.4260559082031,239.63157653808594,241.61199951171875,5242546
2024-05-22,246.41111755371094,257.4554138183594,259.43585205078125,251.01902770996094,255.47499084472656,4139848
2024-05-23,252.0975341796875,263.3966979980469,266.3673400878906,253.4945526123047,257.4554138183594,4293890
2024-05-24,249.72817993164062,260.921142578125,266.8624267578125,260.4260559082031,262.9015808105469,2434982
2024-05-27,250.20205688476562,261.416259765625,265.8722229003906,260.4260559082031,264.38690185546875,1765989
2024-05-28,252.0975341796875,263.3966979980469,266.8624267578125,255.9700927734375,262.4064636230469,4746166
2024-05-29,247.8327178955078,258.94073486328125,261.911376953125,254.97987365722656,261.911376953125,2378806
2024-05-30,253.99298095703125,265.3771057128906,269.3379821777344,256.9602966308594,257.4554138183594,3827040
2024-05-31,262.5226135253906,274.2890319824219,278.2498779296875,262.4064636230469,266.3673400878906,9752481
2024-06-03,262.5226135253906,274.2890319824219,278.2498779296875,265.8722229003906,278.2498779296875,3688454
2024-06-04,271.99993896484375,284.191162109375,286.1716003417969,274.2890319824219,275.27923583984375,5416750
2024-06-05,270.5783386230469,282.7058410644531,289.1422424316406,276.26947021484375,286.66668701171875,5473288
2024-06-06,261.1009826660156,272.8037109375,282.7058410644531,270.32818603515625,282.7058410644531,3558843
2024-06-07,272.94769287109375,285.1813659667969,289.1422424316406,270.82330322265625,273.7939147949219,5480651
2024-06-11,275.7909240722656,288.1520080566406,298.05413818359375,288.1520080566406,289.6373291015625,9922984
2024-06-12,268.20904541015625,280.2303161621094,288.1520080566406,275.27923583984375,288.1520080566406,5819305
2024-06-13,288.1114501953125,301.0247802734375,307.9562683105469,288.1520080566406,290.1324462890625,9657054
2024-06-14,306.59228515625,320.3339538574219,326.77032470703125,301.0247802734375,308.9465026855469,9711067
2024-06-17,332.655029296875,347.5648193359375,348.5550231933594,318.8486328125,326.77032470703125,9871378
2024-06-18,316.06964111328125,330.236083984375,346.5745849609375,321.81927490234375,346.5745849609375,8727929
2024-06-19,323.1777038574219,337.6626892089844,353.5060729980469,334.6920471191406,341.62353515625,12691641
2024-06-20,322.2299499511719,336.6724548339844,337.6626892089844,327.26544189453125,332.71160888671875,6421025
2024-06-21,314.6480712890625,328.7507629394531,335.6822509765625,324.2947998046875,332.21649169921875,7915989
2024-06-24,312.7525634765625,326.77032470703125,333.20672607421875,326.77032470703125,331.7214050292969,4154453
2024-06-25,320.3344421386719,334.6920471191406,336.6724548339844,316.8681945800781,329.245849609375,7233924
2024-06-26,341.65850830078125,356.9718322753906,366.87396240234375,338.65289306640625,342.6137390136719,14651281
2024-06-27,341.18463134765625,356.4767150878906,361.9228820800781,351.5256652832031,354.0011901855469,6326818
2024-06-28,354.45294189453125,370.3397216796875,384.20269775390625,367.8641662597656,376.2809753417969,7076648
2024-07-01,346.39715576171875,361.9228820800781,374.3005676269531,360.43756103515625,372.81524658203125,3259744
2024-07-02,347.81878662109375,363.408203125,373.8054504394531,361.9228820800781,362.4179992675781,4092627
2024-07-03,368.195068359375,384.6977844238281,391.1341857910156,368.8544006347656,368.8544006347656,9322701
2024-07-04,363.4563903808594,379.7467346191406,388.6586608886719,379.2516174316406,388.6586608886719,4227561
2024-07-05,364.87799072265625,381.2320556640625,384.6977844238281,376.7760925292969,380.2418518066406,2805495
2024-07-08,363.4563903808594,379.7467346191406,383.21246337890625,369.3494873046875,376.7760925292969,3698113
2024-07-09,359.19158935546875,375.290771484375,381.2320556640625,369.8446044921875,380.7369384765625,3073968
2024-07-10,365.8257141113281,382.2222595214844,384.20269775390625,375.290771484375,376.7760925292969,3274186
2024-07-11,380.989501953125,398.065673828125,404.5020751953125,380.7369384765625,386.18310546875,7350239
2024-07-12,365.8257141113281,382.2222595214844,393.1146240234375,382.2222595214844,385.1929016113281,4560487
2024-07-15,398.0487060546875,415.8894958496094,420.345458984375,386.18310546875,393.1146240234375,7607755
2024-07-16,389.9929504394531,407.4726867675781,418.36505126953125,405.4922790527344,409.453125,2943245
2024-07-17,368.6689758300781,385.1929016113281,406.97760009765625,384.20269775390625,406.97760009765625,5894447
2024-07-18,369.61669921875,386.18310546875,388.6586608886719,370.8348083496094,372.32012939453125,6167335
2024-07-19,371.51214599609375,388.1635437011719,402.0265197753906,380.7369384765625,385.6880187988281,6378777
2024-07-22,367.7212219238281,384.20269775390625,395.09503173828125,374.795654296875,385.6880187988281,3072242
2024-07-23,385.4971008300781,393.6097106933594,401.03631591796875,391.1341857910156,393.1146240234375,4989118
2024-07-26,370.46514892578125,378.26141357421875,388.1635437011719,366.37884521484375,366.37884521484375,6031948
2024-07-29,367.07080078125,374.795654296875,392.6195068359375,374.795654296875,382.2222595214844,3156844
2024-07-30,379.6782531738281,387.6684265136719,391.1341857910156,374.795654296875,377.2712097167969,3809905
2024-07-31,367.55572509765625,375.290771484375,387.17333984375,375.290771484375,382.2222595214844,2673105
2024-08-01,402.4686584472656,410.9384460449219,412.42376708984375,386.18310546875,386.18310546875,7954556
2024-08-02,366.5859375,374.3005676269531,402.0265197753906,374.3005676269531,389.15374755859375,7097233
2024-08-05,335.5522155761719,342.6137390136719,356.4767150878906,337.1675720214844,349.05010986328125,4934389
2024-08-06,345.250244140625,352.515869140625,374.3005676269531,334.6920471191406,369.3494873046875,5559049
2024-08-07,360.2821960449219,367.8641662597656,375.785888671875,355.48651123046875,356.9718322753906,4610178
2024-08-08,355.9180908203125,363.408203125,368.3592834472656,356.4767150878906,360.43756103515625,2507157
2024-08-09,371.91986083984375,379.7467346191406,389.15374755859375,374.3005676269531,374.3005676269531,4127285
2024-08-12,374.3443298339844,382.2222595214844,386.18310546875,376.2809753417969,379.7467346191406,1817407
2024-08-13,376.76885986328125,384.6977844238281,386.67822265625,377.2712097167969,384.20269775390625,1623763
2024-08-14,379.1933898925781,387.17333984375,393.6097106933594,383.21246337890625,392.1243896484375,1842729
2024-08-15,371.91986083984375,379.7467346191406,392.6195068359375,378.75653076171875,384.20269775390625,1469559
2024-08-16,392.2857360839844,400.54119873046875,405.98736572265625,382.7173767089844,384.6977844238281,5031068
2024-08-19,407.8025817871094,416.3846130371094,419.8503723144531,401.03631591796875,404.5020751953125,5183898
2024-08-20,412.6516418457031,421.335693359375,439.1595153808594,417.86993408203125,422.8210144042969,5574910
2024-08-21,404.4082946777344,412.91888427734375,422.8210144042969,412.91888427734375,417.86993408203125,2221277
2024-08-22,411.1969299316406,419.8503723144531,430.2475891113281,408.9580078125,413.9090881347656,3537777
2024-08-23,416.53082275390625,425.2965393066406,434.70355224609375,413.4139709472656,413.4139709472656,4162538
2024-08-26,418.4704284667969,427.2769470214844,442.1301574707031,422.8210144042969,434.70355224609375,4372200
2024-08-27,455.322998046875,464.9050598144531,467.8757019042969,415.3944091796875,437.1791076660156,11816138
2024-08-28,437.3816223144531,446.58612060546875,472.8267517089844,442.6252746582031,472.3316650390625,6769242
2024-08-29,428.1684875488281,437.1791076660156,441.6350402832031,426.7818603515625,439.6546325683594,7005736
2024-08-30,441.7457275390625,451.0420837402344,451.0420837402344,433.2182312011719,438.6643981933594,3595890
2024-09-02,425.25909423828125,434.2084655761719,450.0518493652344,433.2182312011719,450.0518493652344,3377840
2024-09-03,419.9251403808594,428.76226806640625,444.110595703125,427.7720642089844,440.64483642578125,3512897
2024-09-04,403.4384765625,411.92864990234375,419.3552551269531,395.59014892578125,403.0167541503906,5200555
2024-09-05,399.55926513671875,407.9678039550781,416.8797302246094,404.5020751953125,414.8992919921875,4652964
2024-09-06,407.31768798828125,415.8894958496094,419.8503723144531,396.5803527832031,406.48248291015625,2665499
2024-09-09,400.529052734375,408.9580078125,413.9090881347656,401.03631591796875,404.9971618652344,2433223
2024-09-10,385.4971008300781,393.6097106933594,413.4139709472656,390.14398193359375,411.92864990234375,2841607
2024-09-11,389.37628173828125,397.570556640625,412.91888427734375,394.59991455078125,405.98736572265625,3398882
2024-09-12,408.2875061035156,416.8797302246094,426.7818603515625,409.453125,409.453125,5361780
2024-09-13,400.0441589355469,408.4629211425781,419.8503723144531,407.4726867675781,415.8894958496094,2201060
2024-09-16,400.529052734375,408.9580078125,412.42376708984375,399.0558776855469,408.9580078125,1719407
2024-09-18,397.134765625,405.4922790527344,418.8601379394531,404.0069580078125,406.48248291015625,1429191
2024-09-19,403.92340087890625,412.42376708984375,416.8797302246094,405.98736572265625,408.4629211425781,1448324
2024-09-20,421.86474609375,430.7427062988281,437.6741943359375,412.91888427734375,416.8797302246094,6325214
2024-09-23,437.3816223144531,446.58612060546875,449.5567626953125,432.22802734375,435.69378662109375,4682557
2024-09-24,447.07965087890625,456.4882507324219,472.3316650390625,443.120361328125,443.615478515625,6880141
2024-09-25,446.10986328125,455.498046875,465.4001770019531,445.5959167480469,464.4099426269531,4493394
2024-09-26,449.0192565917969,458.46868896484375,465.4001770019531,452.03228759765625,455.498046875,2508796
2024-09-27,449.504150390625,458.9637756347656,474.31207275390625,455.498046875,461.9344177246094,3388563
2024-09-30,447.07965087890625,456.4882507324219,469.36102294921875,452.52740478515625,456.4882507324219,2502651
2024-10-01,464.5361328125,474.31207275390625,474.31207275390625,447.08123779296875,462.92462158203125,4108436
2024-10-04,418.4704284667969,427.2769470214844,468.86590576171875,427.2769470214844,468.86590576171875,6625553
2024-10-07,441.2608337402344,450.5469665527344,454.5078125,431.73291015625,431.73291015625,4186898
2024-10-08,431.077880859375,440.14971923828125,450.0518493652344,433.2182312011719,447.5763244628906,2521097
2024-10-09,430.593017578125,439.6546325683594,443.615478515625,429.25738525390625,440.64483642578125,3362356
2024-10-11,442.2306213378906,451.53717041015625,455.0029296875,439.6546325683594,439.6546325683594,2184886
2024-10-14,443.6853332519531,453.0224914550781,453.0224914550781,438.1693115234375,451.53717041015625,2218953
2024-10-15,452.89849853515625,462.4295349121094,470.3512268066406,452.03228759765625,452.03228759765625,2458404
2024-10-16,453.38336181640625,462.92462158203125,467.3805847167969,449.5567626953125,461.9344177246094,3079257
2024-10-17,450.9588928222656,460.4490966796875,468.86590576171875,453.5176086425781,465.895263671875,2032239
2024-10-18,456.7776794433594,466.390380859375,479.7582702636719,455.9931335449219,465.4001770019531,3453944
2024-10-21,465.5059509277344,475.30230712890625,479.2631530761719,463.91485595703125,471.3414611816406,2970604
2024-10-22,480.052978515625,490.1554870605469,505.0086975097656,478.7680358886719,485.2044372558594,5263161
2024-10-23,473.749267578125,483.7191162109375,496.0967712402344,481.7386779785156,494.1163330078125,2263324
2024-10-24,462.1116027832031,471.8365478515625,502.0380554199219,471.8365478515625,495.1065673828125,3592025
2024-10-25,455.322998046875,464.9050598144531,489.165283203125,461.4393005371094,485.2044372558594,3642150
2024-10-28,455.8078918457031,465.4001770019531,476.2925109863281,447.5763244628906,468.3708190917969,2626126
2024-10-29,438.3514099121094,447.5763244628906,464.4099426269531,446.58612060546875,462.4295349121094,2331635
2024-10-30,457.26263427734375,466.885498046875,473.3218688964844,447.5763244628906,449.0616455078125,2421211
2024-11-01,454.83807373046875,464.4099426269531,476.2925109863281,455.9931335449219,455.9931335449219,1911991
2024-11-04,466.4757385253906,476.2925109863281,480.25335693359375,462.92462158203125,468.86590576171875,2680422
2024-11-05,468.41534423828125,478.27294921875,484.7093200683594,474.80718994140625,476.2925109863281,1300946
2024-11-06,474.71905517578125,484.7093200683594,490.1554870605469,478.7680358886719,488.1750793457031,2281127
2024-11-07,479.08319091796875,489.165283203125,503.02825927734375,485.2044372558594,485.2044372558594,4408448
2024-11-08,505.2679443359375,515.9010620117188,536.6954956054688,509.9597473144531,536.6954956054688,5283375
2024-11-11,555.6976928710938,567.39208984375,567.39208984375,520.8521118164062,531.7444458007812,7081464
2024-11-12,553.7581176757812,565.4116821289062,588.1865844726562,558.480224609375,576.3040161132812,8640782
2024-11-13,548.9091186523438,560.4606323242188,573.3333740234375,556.499755859375,567.39208984375,3324575
2024-11-14,556.66748046875,568.38232421875,573.3333740234375,562.4410400390625,568.38232421875,3281662
2024-11-15,578.003173828125,590.1669921875,594.1278686523438,542.6367797851562,559.4703979492188,7487169
2024-11-18,544.06005859375,555.5095825195312,590.1669921875,555.5095825195312,590.1669921875,3832558
2024-11-19,582.8522338867188,595.1181030273438,600.0691528320312,557.489990234375,567.39208984375,4698681
2024-11-20,580.91259765625,593.1376342773438,608.9810791015625,579.274658203125,590.1669921875,4546091
2024-11-21,622.6141357421875,635.716796875,646.6091918945312,588.1865844726562,593.1376342773438,5448516
2024-11-22,613.885986328125,626.804931640625,654.5308837890625,621.8538208007812,637.697265625,4236013
2024-11-25,609.0369262695312,621.8538208007812,635.716796875,616.9027709960938,635.716796875,2321421
2024-11-26,601.2784423828125,613.93212890625,625.814697265625,601.0593872070312,615.9125366210938,2696999
2024-11-27,600.3086547851562,612.94189453125,631.7559814453125,611.9517211914062,613.93212890625,2670565
2024-11-28,585.7616577148438,598.0887451171875,621.8538208007812,588.1865844726562,616.9027709960938,3695393
2024-11-29,627.4631958007812,640.6679077148438,651.5602416992188,595.1181030273438,596.1082763671875,5530031
2024-12-02,637.1612548828125,650.5700073242188,668.3938598632812,635.716796875,643.6385498046875,4225089
2024-12-03,652.6781005859375,666.4134521484375,698.1002807617188,655.5210571289062,675.3253784179688,4934350
2024-12-04,706.9871215820312,721.8653564453125,727.806640625,675.3253784179688,687.2078857421875,6658808
2024-12-05,699.228759765625,713.9436645507812,720.8751831054688,696.1198120117188,714.9338989257812,3731226
2024-12-06,688.5609130859375,703.0513305664062,730.7772827148438,698.1002807617188,722.8555908203125,3150300
2024-12-09,682.7420043945312,697.1100463867188,716.914306640625,690.1785278320312,710.9730224609375,2656318
2024-12-10,661.4063720703125,675.3253784179688,696.1198120117188,656.5112915039062,686.2177124023438,4844473
2024-12-11,665.2855224609375,679.2861938476562,686.2177124023438,658.49169921875,663.4428100585938,3897572
2024-12-12,674.983642578125,689.1883544921875,701.0708618164062,682.2568359375,690.1785278320312,3731863
2024-12-13,681.772216796875,696.1198120117188,707.0121459960938,679.2861938476562,684.2372436523438,3014052
2024-12-16,661.4063720703125,675.3253784179688,726.81640625,664.4329833984375,703.0513305664062,5239227
2024-12-17,655.5875244140625,669.3840942382812,681.2666015625,662.4525756835938,679.2861938476562,3167379
2024-12-18,590.6106567382812,603.039794921875,658.49169921875,603.039794921875,656.5112915039062,9457228
2024-12-19,611.9462890625,624.824462890625,624.824462890625,600.0691528320312,603.039794921875,7603871
2024-12-20,601.2784423828125,613.93212890625,636.70703125,609.9713134765625,621.8538208007812,3515584
2024-12-23,594.4899291992188,607.0006713867188,622.8440551757812,606.0104370117188,616.9027709960938,2040545
2024-12-24,582.8522338867188,595.1181030273438,616.9027709960938,595.1181030273438,609.9713134765625,2560660
2024-12-25,573.1541748046875,585.2159423828125,610.9614868164062,585.2159423828125,606.0104370117188,3238348
2024-12-26,583.822021484375,596.1082763671875,603.039794921875,585.2159423828125,593.1376342773438,1788118
2024-12-27,582.8522338867188,595.1181030273438,608.9810791015625,592.1474609375,596.1082763671875,1946844
2024-12-30,583.822021484375,596.1082763671875,606.0104370117188,585.2159423828125,597.0985107421875,1855416
2024-12-31,593.5200805664062,606.0104370117188,617.8930053710938,588.1865844726562,594.1278686523438,2943859
2025-01-02,586.7313842773438,599.0789184570312,628.7853393554688,593.1376342773438,604.030029296875,5160852
2025-01-03,586.7313842773438,599.0789184570312,615.9125366210938,595.1181030273438,606.0104370117188,3517906
2025-01-06,609.0369262695312,621.8538208007812,624.824462890625,600.0691528320312,607.9908447265625,3233339
2025-01-07,606.1275024414062,618.8831787109375,640.6679077148438,618.8831787109375,629.7755737304688,3390445
2025-01-08,620.674560546875,633.7363891601562,639.6776733398438,615.9125366210938,617.8930053710938,3000131
2025-01-09,623.583984375,636.70703125,654.5308837890625,630.7657470703125,633.7363891601562,4367259
2025-01-10,601.2784423828125,613.93212890625,649.579833984375,606.0104370117188,633.7363891601562,3471575
2025-01-13,575.0938110351562,587.1964111328125,612.94189453125,572.3432006835938,612.94189453125,4813323
2025-01-14,566.3656005859375,578.2844848632812,594.1278686523438,572.3432006835938,594.1278686523438,2565357
2025-01-15,525.6337890625,536.6954956054688,582.2453002929688,529.7640380859375,580.264892578125,7873869
2025-01-16,539.2109985351562,550.5584716796875,557.489990234375,538.6759643554688,548.5780639648438,3619911
2025-01-17,544.06005859375,555.5095825195312,563.4312744140625,534.715087890625,544.6171875,5191008
2025-01-20,598.3690795898438,610.9614868164062,610.9614868164062,563.4312744140625,564.4215087890625,4514774
2025-01-21,593.5200805664062,606.0104370117188,621.8538208007812,595.1181030273438,610.9614868164062,4849675
2025-01-22,617.7651977539062,630.7657470703125,635.716796875,611.9517211914062,613.93212890625,4265221
2025-02-03,565.395751953125,577.2942504882812,584.2257690429688,568.38232421875,570.3627319335938,6021935
2025-02-04,553.7581176757812,565.4116821289062,605.0202026367188,565.4116821289062,586.2061767578125,5071746
2025-02-05,581.8824462890625,594.1278686523438,601.0593872070312,570.3627319335938,572.3432006835938,2707929
2025-02-06,601.2784423828125,613.93212890625,640.6679077148438,613.93212890625,618.8831787109375,5832272
2025-02-07,626.493408203125,639.6776733398438,641.6580810546875,613.93212890625,621.8538208007812,3232507
2025-02-10,636.1914672851562,649.579833984375,652.5504760742188,633.7363891601562,641.6580810546875,4010453
2025-02-11,684.681640625,699.0904541015625,699.0904541015625,650.5700073242188,654.5308837890625,7474065
2025-02-12,677.89306640625,692.1589965820312,716.914306640625,681.2666015625,703.0513305664062,4551556
2025-02-13,672.07421875,686.2177124023438,706.02197265625,684.2372436523438,698.1002807617188,2379887
2025-02-14,676.9232177734375,691.1687622070312,701.0708618164062,680.2764282226562,693.149169921875,2731734
2025-02-17,638.1310424804688,651.5602416992188,696.1198120117188,644.6287231445312,691.1687622070312,4300199
2025-02-18,665.2855224609375,679.2861938476562,681.2666015625,657.5015258789062,657.5015258789062,3984662
2025-02-19,661.4063720703125,675.3253784179688,686.2177124023438,666.4134521484375,669.3840942382812,2317132
2025-02-20,673.0440063476562,687.2078857421875,695.129638671875,669.3840942382812,679.2861938476562,3348805
2025-02-21,671.1044311523438,685.2274780273438,688.1981201171875,670.374267578125,683.2470703125,2024615
2025-02-24,634.2518310546875,647.599365234375,678.2959594726562,644.6287231445312,678.2959594726562,4651166
2025-02-25,614.855712890625,627.7951049804688,647.599365234375,626.804931640625,637.697265625,2779118
2025-02-26,609.0369262695312,621.8538208007812,631.7559814453125,614.92236328125,618.8831787109375,3134335
2025-02-27,577.033447265625,589.1768188476562,626.804931640625,586.2061767578125,621.8538208007812,4477591
2025-03-03,573.1541748046875,585.2159423828125,593.1376342773438,579.274658203125,584.2257690429688,1840385
2025-03-04,568.30517578125,580.264892578125,587.1964111328125,565.4116821289062,572.3432006835938,2449078
2025-03-05,583.822021484375,596.1082763671875,609.9713134765625,591.1572265625,594.1278686523438,3597137
2025-03-06,581.8824462890625,594.1278686523438,599.0789184570312,574.3236083984375,594.1278686523438,3788141
2025-03-07,550.8486938476562,562.4410400390625,599.0789184570312,561.4508666992188,590.1669921875,3978427
2025-03-10,566.3656005859375,578.2844848632812,590.1669921875,569.37255859375,579.274658203125,2870451
2025-03-11,524.6640014648438,535.705322265625,555.5095825195312,527.7835693359375,551.5487060546875,4310962
2025-03-12,514.9659423828125,525.8031616210938,546.59765625,522.83251953125,544.6171875,3300829
2025-03-13,522.724365234375,533.724853515625,557.489990234375,532.7346801757812,543.6270141601562,4015624
2025-03-14,522.724365234375,533.724853515625,542.6367797851562,522.83251953125,535.705322265625,1621283
2025-03-17,541.1506958007812,552.5389404296875,558.480224609375,536.6954956054688,541.6466064453125,3666075
2025-03-18,561.5164794921875,573.3333740234375,577.2942504882812,553.5291137695312,562.4410400390625,4980923
2025-03-19,543.0902709960938,554.5193481445312,569.37255859375,544.6171875,569.37255859375,3143211
2025-03-20,542.1204223632812,553.5291137695312,566.4019165039062,550.5584716796875,564.4215087890625,1564671
2025-03-21,580.91259765625,593.1376342773438,595.1181030273438,551.5487060546875,558.480224609375,4796683
2025-03-24,562.4863891601562,574.3236083984375,598.0887451171875,574.3236083984375,594.1278686523438,3849882
2025-03-25,570.2447509765625,582.2453002929688,597.0985107421875,577.2942504882812,592.1474609375,4507163
2025-03-26,562.4863891601562,574.3236083984375,591.1572265625,574.3236083984375,591.1572265625,1401088
2025-03-27,535.3318481445312,546.59765625,559.4703979492188,546.59765625,558.480224609375,2069875
2025-03-28,525.6337890625,536.6954956054688,558.480224609375,534.715087890625,545.607421875,2088998
2025-03-31,488.7812194824219,499.0674133300781,523.82275390625,497.08697509765625,509.9597473144531,3016809
2025-04-01,509.1471252441406,519.8618774414062,521.84228515625,498.07720947265625,505.9989013671875,2039340
2025-04-02,498.4792785644531,508.96954345703125,519.8618774414062,501.0478515625,514.9108276367188,1598976
2025-04-07,449.0192565917969,458.46868896484375,458.46868896484375,458.46868896484375,458.46868896484375,130638
2025-04-08,404.4082946777344,412.91888427734375,412.91888427734375,412.91888427734375,412.91888427734375,1165087
2025-04-09,364.1614074707031,371.82501220703125,401.53143310546875,371.82501220703125,376.7760925292969,5443637
2025-04-10,400.529052734375,408.9580078125,408.9580078125,408.9580078125,408.9580078125,1211861
2025-04-11,440.2910461425781,449.5567626953125,449.5567626953125,377.2712097167969,377.2712097167969,7048381
2025-04-14,469.3851318359375,479.2631530761719,485.2044372558594,456.4882507324219,471.3414611816406,5512154
2025-04-15,490.7208251953125,501.0478515625,504.01849365234375,473.3218688964844,481.7386779785156,3708689
2025-04-16,471.3247985839844,481.24359130859375,506.9891052246094,481.24359130859375,491.1457214355469,2425068
2025-04-17,481.5076904296875,491.64080810546875,500.0576171875,470.3512268066406,470.3512268066406,3138020
2025-04-18,501.388671875,511.940185546875,517.8814697265625,489.165283203125,494.1163330078125,4403196
2025-04-21,468.41534423828125,478.27294921875,507.9793395996094,478.27294921875,506.9891052246094,3849781
2025-04-22,466.9606628417969,476.7876281738281,502.0380554199219,467.3805847167969,470.3512268066406,3295363
2025-04-23,495.5698547363281,505.9989013671875,521.84228515625,495.1065673828125,499.0674133300781,4004691
2025-04-24,515.9357299804688,526.7933959960938,537.6857299804688,509.9597473144531,512.930419921875,5922885
2025-04-25,523.6942138671875,534.715087890625,547.5878295898438,532.7346801757812,539.6661376953125,4135197
2025-04-28,518.8451538085938,529.7640380859375,545.607421875,524.8129272460938,543.6270141601562,2654007
2025-04-29,519.81494140625,530.7542114257812,536.6954956054688,525.8031616210938,527.7835693359375,1364854
2025-04-30,520.7847290039062,531.7444458007812,545.607421875,527.7835693359375,533.724853515625,1959307
2025-05-02,572.1843872070312,584.2257690429688,584.2257690429688,544.6171875,545.607421875,5004468
2025-05-05,584.7918090820312,597.0985107421875,607.0006713867188,572.3432006835938,587.1964111328125,5721837
2025-05-06,578.9730224609375,591.1572265625,611.9517211914062,584.2257690429688,586.2061767578125,4570889
2025-05-07,571.214599609375,583.2355346679688,597.0985107421875,575.3138427734375,595.1181030273438,2567544
2025-05-08,586.7313842773438,599.0789184570312,599.0789184570312,586.2061767578125,592.1474609375,2478632
2025-05-09,595.4596557617188,607.9908447265625,614.92236328125,592.1474609375,602.049560546875,3906960
2025-05-12,593.5200805664062,606.0104370117188,617.8930053710938,602.049560546875,615.9125366210938,2048334
2025-05-13,593.5200805664062,606.0104370117188,624.824462890625,602.049560546875,619.8734130859375,2749361
2025-05-14,623.583984375,636.70703125,646.6091918945312,607.0006713867188,613.93212890625,6489674
2025-05-15,596.4295043945312,608.9810791015625,620.8636474609375,603.039794921875,619.8734130859375,5243201
2025-05-16,602.248291015625,614.92236328125,615.9125366210938,602.049560546875,604.030029296875,2480735
2025-05-19,579.9428100585938,592.1474609375,619.8734130859375,591.1572265625,614.92236328125,3149124
2025-05-20,581.8824462890625,594.1278686523438,607.9908447265625,592.1474609375,604.030029296875,2592674
2025-05-21,598.3690795898438,610.9614868164062,613.93212890625,589.1768188476562,598.0887451171875,4547028
2025-05-22,598.3690795898438,610.9614868164062,625.814697265625,602.049560546875,607.0006713867188,5136936
2025-05-23,606.1275024414062,618.8831787109375,629.7755737304688,614.92236328125,618.8831787109375,3950861
2025-05-26,610.9765625,623.8342895507812,638.6874389648438,610.9614868164062,619.8734130859375,4564299
2025-05-27,603.2181396484375,615.9125366210938,627.7951049804688,614.92236328125,620.8636474609375,2240215
2025-05-28,598.3690795898438,610.9614868164062,628.7853393554688,607.0006713867188,625.814697265625,2547295
2025-05-29,625.5235595703125,638.6874389648438,643.6385498046875,619.8734130859375,620.8636474609375,5647107
2025-06-02,618.7349853515625,631.7559814453125,643.6385498046875,622.8440551757812,626.804931640625,2988478
2025-06-03,629.4027709960938,642.6483154296875,681.2666015625,642.6483154296875,653.5406494140625,10293490
2025-06-04,610.9765625,623.8342895507812,671.364501953125,623.8342895507812,656.5112915039062,6147853
2025-06-05,623.583984375,636.70703125,640.6679077148438,621.8538208007812,630.7657470703125,2667321
2025-06-06,598.3690795898438,610.9614868164062,626.804931640625,605.0202026367188,623.8342895507812,5619078
2025-06-09,605.1577758789062,617.8930053710938,628.7853393554688,611.9517211914062,622.8440551757812,2885090
2025-06-10,635.2216796875,648.589599609375,652.5504760742188,621.8538208007812,623.8342895507812,4819178
2025-06-11,647.8291015625,661.4623413085938,678.2959594726562,650.5700073242188,653.5406494140625,6039674
2025-06-12,671.1044311523438,685.2274780273438,690.1785278320312,656.5112915039062,656.5112915039062,4825799
2025-06-13,729.2926025390625,744.6402587890625,748.6011352539062,680.2764282226562,688.1981201171875,13445292
2025-06-16,742.869873046875,758.5032348632812,761.473876953125,730.7772827148438,731.7675170898438,5746292
2025-06-17,757.4169311523438,773.3564453125,788.2096557617188,760.4837036132812,767.4151611328125,6040262
2025-06-18,761.296142578125,777.3173217773438,792.1704711914062,765.4347534179688,765.4347534179688,6367961
2025-06-19,746.7490844726562,762.464111328125,784.248779296875,754.5424194335938,776.3270874023438,4753468
2025-06-20,741.900146484375,757.5130615234375,767.4151611328125,735.7283325195312,762.464111328125,4897549
2025-06-23,760.3263549804688,776.3270874023438,785.239013671875,746.6206665039062,746.6206665039062,4838973
2025-06-24,772.9337768554688,789.1998291015625,811.9747314453125,782.2683715820312,796.13134765625,5499935
2025-06-25,785.541259765625,802.0726318359375,809.004150390625,783.2586059570312,802.0726318359375,3841187
2025-06-26,778.7525634765625,795.14111328125,808.013916015625,774.3466796875,807.023681640625,3882504
2025-06-27,784.5714721679688,801.0823974609375,808.013916015625,791.1802978515625,807.023681640625,2069741
2025-06-30,822.3938598632812,839.7007446289062,849.6028442382812,806.0335083007812,807.023681640625,5445822
2025-07-01,822.3938598632812,839.7007446289062,865.4462890625,834.7496337890625,835.7398681640625,4442279
2025-07-02,809.786376953125,826.8279418945312,849.6028442382812,820.8866577148438,832.7692260742188,3600576
2025-07-03,841.7899169921875,859.5050048828125,864.4560546875,821.8768920898438,837.7202758789062,3418621
2025-07-04,859.246337890625,877.3287963867188,892.1820068359375,852.573486328125,855.5441284179688,4305866
2025-07-07,835.0012817382812,852.573486328125,883.2700805664062,851.5833129882812,870.3973388671875,4075371
2025-07-08,852.457763671875,870.3973388671875,874.3582153320312,839.7007446289062,846.6322021484375,3791662
2025-07-09,905.7969970703125,924.8590698242188,926.8394775390625,867.4266967773438,867.4266967773438,5687566
2025-07-10,883.491455078125,902.0841674804688,917.9275512695312,891.1918334960938,912.9765014648438,4500583
2025-07-11,868.9443969726562,887.23095703125,910.005859375,879.3092651367188,902.0841674804688,4217655
2025-07-14,847.6087646484375,865.4462890625,905.0548095703125,863.4658203125,896.1428833007812,3282586
2025-07-15,858.2765502929688,876.338623046875,886.24072265625,862.4756469726562,879.3092651367188,2694772
2025-07-16,855.3671264648438,873.3679809570312,897.1331176757812,872.3777465820312,885.2505493164062,2926127
2025-07-17,854.5121459960938,862.0,888.0,855.0,878.0,4050726
2025-07-18,863.4339599609375,871.0,895.0,864.0,874.0,4361980
2025-07-21,860.4600219726562,868.0,876.0,854.0,874.0,2602375
2025-07-22,810.8943481445312,818.0,878.0,811.0,869.0,5443482
2025-07-23,818.8248901367188,826.0,838.0,808.0,832.0,4378145
2025-07-24,842.6163940429688,850.0,865.0,832.0,836.0,3677022
2025-07-25,825.7640380859375,833.0,851.0,821.0,851.0,3062084
2025-07-28,868.3905639648438,876.0,883.0,833.0,833.0,4585452
2025-07-29,880.2863159179688,888.0,893.0,870.0,885.0,3684018
2025-07-30,870.3731689453125,878.0,900.0,866.0,891.0,2827515
2025-07-31,903.0864868164062,911.0,916.0,888.0,888.0,3970275
2025-08-04,842.6163940429688,850.0,885.0,849.0,885.0,3781924
2025-08-05,877.3123779296875,885.0,887.0,871.0,872.0,3034620
2025-08-06,870.3731689453125,878.0,894.0,863.0,885.0,3464410
2025-08-07,921.9214477539062,930.0,932.0,890.0,896.0,4452485
2025-08-08,964.5479125976562,973.0,978.0,931.0,936.0,5261045
2025-08-11,972.4784545898438,981.0,983.0,936.0,973.0,3777389
2025-08-12,955.6260986328125,964.0,989.0,954.0,985.0,3834860
2025-08-13,980.408935546875,989.0,1010.0,967.0,980.0,5145954
2025-08-14,980.408935546875,989.0,1005.0,984.0,999.0,2667180
2025-08-15,976.4437255859375,985.0,1005.0,980.0,989.0,3232221
2025-08-18,968.51318359375,977.0,990.0,954.0,981.0,4642659
2025-08-19,935.7998657226562,944.0,996.0,943.0,985.0,4474934
2025-08-20,916.9649047851562,925.0,976.0,925.0,935.0,4744111
2025-08-21,968.51318359375,977.0,1000.0,960.0,972.0,7780459
2025-08-22,933.8171997070312,942.0,992.0,939.0,985.0,5112478
2025-08-25,920.93017578125,929.0,979.0,929.0,968.0,4940272
2025-08-26,926.8780517578125,935.0,941.0,912.0,939.0,3815143
2025-08-27,952.6521606445312,961.0,967.0,930.0,940.0,4916693
2025-08-28,972.4784545898438,981.0,1005.0,957.0,959.0,5636264
2025-08-29,1065.661865234375,1075.0,1075.0,995.0,1000.0,6768115
2025-09-01,967.5218505859375,976.0,1055.0,968.0,1045.0,6031162
2025-09-02,950.6695556640625,959.0,982.0,946.0,980.0,4605060
2025-09-03,958.6000366210938,967.0,985.0,958.0,965.0,2703406
2025-09-04,1050.792236328125,1060.0,1060.0,998.0,1005.0,8082297
2025-09-05,1065.661865234375,1075.0,1100.0,1040.0,1085.0,5956890
2025-09-08,1075.5750732421875,1085.0,1090.0,1055.0,1070.0,2089810
2025-09-09,1080.5316162109375,1090.0,1120.0,1070.0,1110.0,3006345
2025-09-10,1125.1407470703125,1135.0,1160.0,1100.0,1100.0,2855426
2025-09-11,1115.2275390625,1125.0,1185.0,1120.0,1170.0,2715119
2025-09-12,1090.4447021484375,1100.0,1140.0,1080.0,1120.0,2376697
2025-09-15,1085.4881591796875,1095.0,1130.0,1085.0,1120.0,2007080
2025-09-16,1105.314453125,1115.0,1160.0,1075.0,1080.0,4722806
2025-09-17,1090.4447021484375,1100.0,1120.0,1090.0,1110.0,1853502
2025-09-18,1115.2275390625,1125.0,1135.0,1100.0,1110.0,1431450
2025-09-19,1105.314453125,1115.0,1145.0,1095.0,1140.0,3947433
2025-09-22,1110.27099609375,1120.0,1125.0,1100.0,1115.0,1198798
2025-09-23,1075.5750732421875,1085.0,1145.0,1085.0,1135.0,2145319
2025-09-24,1085.4881591796875,1095.0,1110.0,1065.0,1095.0,1343404
2025-09-25,989.3307495117188,998.0,1110.0,997.0,1085.0,4162126
2025-09-26,975.452392578125,984.0,997.0,971.0,981.0,2670539
2025-09-30,1021.0527954101562,1030.0,1040.0,992.0,1000.0,2708576
2025-10-01,1030.9659423828125,1040.0,1050.0,1020.0,1035.0,1633303
2025-10-02,1016.0962524414062,1025.0,1060.0,1015.0,1060.0,1828170
2025-10-03,1050.792236328125,1060.0,1095.0,1025.0,1035.0,2780422
2025-10-07,1021.0527954101562,1030.0,1105.0,1005.0,1095.0,2280745
2025-10-08,1045.835693359375,1055.0,1065.0,1000.0,1010.0,2795654
2025-10-09,1095.4012451171875,1105.0,1115.0,1080.0,1080.0,3102551
2025-10-13,1085.4881591796875,1095.0,1120.0,1065.0,1070.0,2660324
2025-10-14,1115.2275390625,1125.0,1200.0,1115.0,1155.0,5827451
2025-10-15,1174.7064208984375,1185.0,1200.0,1105.0,1145.0,5472613
2025-10-16,1209.40234375,1220.0,1245.0,1175.0,1195.0,3757404
2025-10-17,1283.7508544921875,1295.0,1315.0,1215.0,1220.0,5444399
2025-10-20,1278.7943115234375,1290.0,1320.0,1265.0,1295.0,3045851
2025-10-21,1278.7943115234375,1290.0,1320.0,1280.0,1300.0,2565855
2025-10-22,1308.53369140625,1320.0,1385.0,1300.0,1300.0,4902741
2025-10-23,1318.44677734375,1330.0,1345.0,1290.0,1300.0,2276491
2025-10-27,1358.099365234375,1370.0,1410.0,1360.0,1395.0,2690511
2025-10-28,1432.4478759765625,1445.0,1460.0,1395.0,1395.0,3241395
2025-10-29,1447.3175048828125,1460.0,1460.0,1400.0,1455.0,2432328
2025-10-30,1387.8387451171875,1400.0,1455.0,1385.0,1445.0,2945127
2025-10-31,1382.8822021484375,1395.0,1415.0,1380.0,1410.0,1817170
2025-11-03,1442.3609619140625,1455.0,1460.0,1390.0,1395.0,2872849
2025-11-04,1368.012451171875,1380.0,1475.0,1370.0,1460.0,2748978
2025-11-05,1363.055908203125,1375.0,1380.0,1305.0,1325.0,3455089
2025-11-06,1358.099365234375,1370.0,1415.0,1365.0,1405.0,2461811
2025-11-07,1402.70849609375,1415.0,1420.0,1320.0,1340.0,2925091
2025-11-10,1521.666015625,1535.0,1550.0,1465.0,1480.0,4122431
2025-11-11,1536.5357666015625,1550.0,1620.0,1530.0,1540.0,3981087
2025-11-12,1486.9700927734375,1500.0,1600.0,1500.0,1555.0,3261756
2025-11-13,1591.0579833984375,1605.0,1615.0,1500.0,1500.0,3539222
2025-11-14,1506.79638671875,1520.0,1570.0,1490.0,1535.0,3698972
2025-11-17,1610.88427734375,1625.0,1665.0,1555.0,1560.0,3456114
2025-11-18,1556.362060546875,1570.0,1660.0,1535.0,1570.0,3833121
2025-11-19,1566.275146484375,1580.0,1630.0,1540.0,1560.0,2952457
2025-11-20,1665.406494140625,1680.0,1730.0,1665.0,1680.0,3034497
2025-11-21,1591.0579833984375,1605.0,1645.0,1560.0,1590.0,3762862
2025-11-24,1546.4488525390625,1560.0,1660.0,1530.0,1660.0,17049556
2025-11-25,1531.5792236328125,1545.0,1630.0,1430.0,1605.0,9262634
2025-11-26,1486.9700927734375,1500.0,1560.0,1480.0,1550.0,5629631
2025-11-27,1526.6226806640625,1540.0,1610.0,1520.0,1530.0,4793334
2025-11-28,1596.0145263671875,1610.0,1620.0,1565.0,1580.0,3891476
2025-12-01,1586.1014404296875,1600.0,1640.0,1580.0,1610.0,2936229
2025-12-02,1521.666015625,1535.0,1740.0,1535.0,1710.0,6996110
2025-12-03,1511.7529296875,1525.0,1580.0,1510.0,1555.0,3538331
2025-12-04,1516.70947265625,1530.0,1585.0,1515.0,1545.0,3853383
2025-12-05,1511.7529296875,1525.0,1540.0,1500.0,1535.0,1870663
2025-12-08,1501.83984375,1515.0,1555.0,1500.0,1530.0,2221625
2025-12-09,1457.230712890625,1470.0,1565.0,1460.0,1520.0,3687241
2025-12-10,1511.7529296875,1525.0,1540.0,1470.0,1480.0,3147746
2025-12-11,1521.666015625,1535.0,1565.0,1525.0,1540.0,2677436
2025-12-12,1521.666015625,1535.0,1580.0,1530.0,1550.0,1819171
2025-12-15,1462.187255859375,1475.0,1510.0,1475.0,1490.0,2632694
2025-12-16,1427.4913330078125,1440.0,1475.0,1410.0,1455.0,3855922
2025-12-17,1422.53466796875,1435.0,1470.0,1430.0,1465.0,1757858
2025-12-18,1427.4913330078125,1440.0,1465.0,1425.0,1430.0,2439398
2025-12-19,1427.4913330078125,1440.0,1480.0,1415.0,1455.0,8101154
2025-12-22,1462.187255859375,1475.0,1495.0,1440.0,1460.0,2604822
2025-12-23,1447.3175048828125,1460.0,1490.0,1450.0,1490.0,1625180
2025-12-24,1536.5357666015625,1550.0,1560.0,1480.0,1480.0,3399711
2025-12-26,1531.5792236328125,1545.0,1570.0,1530.0,1565.0,1881377
2025-12-29,1491.9266357421875,1505.0,1555.0,1490.0,1555.0,2230577
2025-12-30,1491.9266357421875,1505.0,1520.0,1490.0,1505.0,1062893
2025-12-31,1506.79638671875,1520.0,1550.0,1500.0,1510.0,1922723
2026-01-02,1511.7529296875,1525.0,1570.0,1510.0,1525.0,2292185
2026-01-05,1561.318603515625,1575.0,1590.0,1525.0,1540.0,3086804
2026-01-06,1561.318603515625,1575.0,1640.0,1520.0,1595.0,3447013
2026-01-07,1417.578125,1430.0,1595.0,1420.0,1585.0,7461375
2026-01-08,1397.7518310546875,1410.0,1475.0,1385.0,1435.0,4770851
2026-01-09,1412.62158203125,1425.0,1475.0,1410.0,1410.0,3079442
2026-01-12,1382.8822021484375,1395.0,1450.0,1380.0,1450.0,2349611
2026-01-13,1407.6650390625,1420.0,1440.0,1405.0,1415.0,1762505
2026-01-14,1482.0135498046875,1495.0,1500.0,1430.0,1435.0,2907419
2026-01-15,1457.230712890625,1470.0,1525.0,1450.0,1495.0,1795568
2026-01-16,1387.8387451171875,1400.0,1495.0,1385.0,1495.0,3499253
2026-01-19,1303.5771484375,1315.0,1400.0,1310.0,1380.0,4804063
2026-01-20,1328.3599853515625,1340.0,1355.0,1310.0,1315.0,2221905
2026-01-21,1288.7073974609375,1300.0,1330.0,1275.0,1330.0,3633161
2026-01-22,1407.6650390625,1420.0,1420.0,1285.0,1330.0,4510254
2026-01-23,1377.9256591796875,1390.0,1440.0,1365.0,1425.0,3159653
2026-01-26,1417.578125,1430.0,1435.0,1385.0,1395.0,1839644
2026-01-27,1407.6650390625,1420.0,1460.0,1420.0,1440.0,2077086
2026-01-28,1427.4913330078125,1440.0,1455.0,1415.0,1435.0,1673759
2026-01-29,1353.142822265625,1365.0,1475.0,1350.0,1455.0,3728872
2026-01-30,1288.7073974609375,1300.0,1370.0,1280.0,1365.0,3896158
2026-02-02,1313.490234375,1325.0,1355.0,1270.0,1270.0,2659750
2026-02-03,1397.7518310546875,1410.0,1425.0,1345.0,1365.0,3426104
2026-02-04,1328.3599853515625,1340.0,1410.0,1315.0,1400.0,3284564
2026-02-05,1249.054931640625,1260.0,1320.0,1250.0,1315.0,3495568
2026-02-06,1273.8377685546875,1285.0,1315.0,1245.0,1265.0,4800561
2026-02-09,1244.0982666015625,1255.0,1365.0,1255.0,1350.0,3728258
2026-02-10,1368.012451171875,1380.0,1380.0,1345.0,1345.0,2739907
2026-02-11,1353.142822265625,1365.0,1460.0,1355.0,1390.0,6994347
2026-02-23,1278.7943115234375,1290.0,1385.0,1285.0,1375.0,4704873
2026-02-24,1283.7508544921875,1295.0,1315.0,1285.0,1290.0,3820257
2026-02-25,1333.3165283203125,1345.0,1365.0,1295.0,1325.0,5663172
2026-02-26,1397.7518310546875,1410.0,1440.0,1375.0,1390.0,5440294
2026-03-02,1491.9266357421875,1505.0,1540.0,1370.0,1380.0,5870040
2026-03-03,1630.7105712890625,1645.0,1655.0,1595.0,1640.0,10591525
2026-03-04,1596.0145263671875,1610.0,1630.0,1545.0,1580.0,7439435
2026-03-05,1710.015625,1725.0,1770.0,1690.0,1745.0,6324106
2026-03-06,1754.624755859375,1770.0,1785.0,1710.0,1735.0,4478302
2026-03-09,1581.1448974609375,1595.0,1595.0,1595.0,1595.0,970758
2026-03-10,1551.405517578125,1565.0,1615.0,1490.0,1605.0,8699014
2026-03-11,1640.6236572265625,1655.0,1685.0,1590.0,1600.0,3576565
2026-03-12,1620.79736328125,1635.0,1655.0,1590.0,1635.0,3047745
2026-03-13,1576.1883544921875,1590.0,1620.0,1560.0,1590.0,2949330
2026-03-16,1630.7105712890625,1645.0,1675.0,1590.0,1625.0,4915243
2026-03-17,1724.88525390625,1740.0,1770.0,1670.0,1715.0,4096391
2026-03-18,1675.3197021484375,1690.0,1760.0,1675.0,1730.0,3996754
2026-03-19,1705.05908203125,1720.0,1745.0,1690.0,1715.0,4609896
2026-03-20,1809.14697265625,1825.0,1835.0,1720.0,1760.0,9752972
2026-03-23,1754.624755859375,1770.0,1810.0,1700.0,1755.0,3197004
2026-03-24,1714.97216796875,1730.0,1840.0,1710.0,1830.0,2525477
2026-03-25,1789.3206787109375,1805.0,1840.0,1735.0,1770.0,4192333
2026-03-26,1799.2337646484375,1815.0,1930.0,1810.0,1850.0,3331156
2026-03-27,1843.8428955078125,1860.0,1905.0,1765.0,1790.0,2519542
2026-03-30,1863.669189453125,1880.0,1895.0,1775.0,1775.0,2309087
2026-03-31,1724.88525390625,1740.0,1865.0,1725.0,1865.0,3628608
2026-04-01,1893.4085693359375,1910.0,1910.0,1860.0,1865.0,2555176
2026-04-02,1898.3651123046875,1915.0,2075.0,1900.0,1980.0,4775396
2026-04-07,1972.713623046875,1990.0,2070.0,1980.0,2015.0,2696385
2026-04-08,1997.4964599609375,2015.0,2105.0,1995.0,2100.0,2616667
2026-04-09,2111.49755859375,2130.0,2165.0,1995.0,2010.0,3662829
2026-04-10,2180.889404296875,2200.0,2225.0,2115.0,2200.0,2293430
2026-04-13,2205.67236328125,2225.0,2235.0,2165.0,2200.0,1932336
2026-04-14,2275.064208984375,2295.0,2380.0,2250.0,2345.0,2906999
2026-04-15,2329.58642578125,2350.0,2410.0,2300.0,2330.0,2400200
2026-04-16,2374.195556640625,2395.0,2490.0,2385.0,2430.0,2575628
2026-04-17,2344.456298828125,2365.0,2475.0,2335.0,2405.0,2263409
2026-04-20,2438.630859375,2460.0,2515.0,2365.0,2395.0,2538403
2026-04-21,2403.93505859375,2425.0,2600.0,2400.0,2570.0,2554256
2026-04-22,2532.8056640625,2555.0,2560.0,2435.0,2465.0,3168869
2026-04-23,2731.068359375,2755.0,2810.0,2590.0,2785.0,6501191
2026-04-24,2740.9814453125,2765.0,2910.0,2720.0,2800.0,3388426
2026-04-27,2607.154296875,2630.0,2820.0,2630.0,2820.0,2969166
2026-04-28,2607.154296875,2630.0,2745.0,2605.0,2660.0,2335870
2026-04-29,2755.851318359375,2780.0,2820.0,2605.0,2620.0,2638261
2026-04-30,2745.938232421875,2770.0,2815.0,2715.0,2760.0,2645974
2026-05-04,2914.46142578125,2940.0,2970.0,2860.0,2950.0,2778750
2026-05-05,2850.026123046875,2875.0,2950.0,2825.0,2945.0,2040625
2026-05-06,2721.1552734375,2745.0,2885.0,2590.0,2885.0,6029606
2026-05-07,2755.851318359375,2780.0,2810.0,2690.0,2770.0,2462663
2026-05-08,2726.11181640625,2750.0,2800.0,2710.0,2760.0,1861923
2026-05-11,2879.765380859375,2905.0,2925.0,2645.0,2650.0,2619632
2026-05-12,2750.894775390625,2775.0,3010.0,2775.0,3000.0,3295285
2026-05-13,2478.283447265625,2500.0,2500.0,2500.0,2500.0,834386
2026-05-14,2230.455078125,2250.0,2300.0,2250.0,2250.0,5038688
2026-05-15,2076.801513671875,2095.0,2335.0,2060.0,2335.0,9777574
2026-05-18,2007.40966796875,2025.0,2085.0,1990.0,2070.0,4966815
2026-05-19,1972.713623046875,1990.0,2065.0,1940.0,2060.0,3433198
2026-05-20,1947.9307861328125,1965.0,2000.0,1860.0,1970.0,2067750
2026-05-21,2136.2802734375,2155.0,2160.0,2030.0,2030.0,2378816
2026-05-22,2205.67236328125,2225.0,2270.0,2200.0,2255.0,2166519
2026-05-25,2364.282470703125,2385.0,2430.0,2340.0,2340.0,1915270
2026-05-26,2245.324951171875,2265.0,2415.0,2250.0,2410.0,1265772
2026-05-27,2096.6279296875,2115.0,2335.0,2115.0,2310.0,2207901
2026-05-28,2096.6279296875,2115.0,2115.0,1950.0,2030.0,2787471
2026-05-29,2066.888427734375,2085.0,2315.0,2085.0,2315.0,2548504
2026-06-01,2101.58447265625,2120.0,2180.0,2095.0,2150.0,1366117
2026-06-02,2175.932861328125,2195.0,2200.0,2095.0,2110.0,1772044
2026-06-03,2284.977294921875,2305.0,2385.0,2265.0,2345.0,4590911
2026-06-04,2136.2802734375,2155.0,2275.0,2130.0,2265.0,3073078
2026-06-05,2180.889404296875,2200.0,2260.0,2120.0,2120.0,2598833
2026-06-08,2076.801513671875,2095.0,2120.0,1980.0,1980.0,3207049
2026-06-09,2136.2802734375,2155.0,2180.0,2090.0,2120.0,2422782
2026-06-10,2136.2802734375,2155.0,2155.0,2155.0,2155.0,0
2026-06-11,2141.237060546875,2160.0,2280.0,2005.0,2230.0,5754377
2026-06-12,2289.933837890625,2310.0,2350.0,2235.0,2300.0,3902739
2026-06-15,2245.324951171875,2265.0,2425.0,2250.0,2420.0,2896513
2026-06-16,2101.58447265625,2120.0,2275.0,2110.0,2265.0,2689021
2026-06-17,2071.844970703125,2090.0,2150.0,2060.0,2145.0,2947550
2026-06-18,2081.758056640625,2100.0,2140.0,2080.0,2140.0,6861015
2026-06-22,1972.713623046875,1990.0,2115.0,1970.0,2115.0,4815051
2026-06-23,1982.6268310546875,2000.0,2025.0,1980.0,1990.0,1785674
2026-06-24,1987.5833740234375,2005.0,2075.0,1940.0,1995.0,3251799
2026-06-25,1903.32177734375,1920.0,2045.0,1920.0,2020.0,2280635
2026-06-26,1838.8863525390625,1855.0,1960.0,1850.0,1900.0,2744647
2026-06-29,1863.669189453125,1880.0,1915.0,1820.0,1855.0,1463372
2026-06-30,1898.3651123046875,1915.0,1950.0,1885.0,1900.0,1169644
2026-07-01,1992.5399169921875,2010.0,2040.0,1950.0,1965.0,1997319
2026-07-02,2022.279296875,2040.0,2040.0,1945.0,1975.0,1332985
2026-07-03,1977.6702880859375,1995.0,2015.0,1940.0,1985.0,2046639
2026-07-06,1928.1046142578125,1945.0,1995.0,1910.0,1995.0,1955430
2026-07-07,1962.800537109375,1980.0,2130.0,1975.0,2020.0,4360153
2026-07-08,1883.4954833984375,1900.0,1995.0,1830.0,1995.0,3366998
2026-07-09,1848.7994384765625,1865.0,1910.0,1865.0,1905.0,1267072
2026-07-10,1848.7994384765625,1865.0,1865.0,1865.0,1865.0,0
2026-07-13,1848.7994384765625,1865.0,1910.0,1830.0,1865.0,1436516
2026-07-14,1759.581298828125,1775.0,1880.0,1725.0,1865.0,2635917
2026-07-15,1910.0,1910.0,1915.0,1790.0,1805.0,2902639
2026-07-16,1955.0,1955.0,1985.0,1815.0,1890.0,2721632
2026-07-17,1765.0,1765.0,1915.0,1765.0,1855.0,3215109
2026-07-20,1820.0,1820.0,1860.0,1685.0,1800.0,3040279
2026-07-21,2000.0,2000.0,2000.0,1825.0,1850.0,2429277
2026-07-22,2115.0,2115.0,2195.0,2040.0,2060.0,4628929
2026-07-23,2285.0,2285.0,2325.0,2105.0,2120.0,5767386
2026-07-24,2205.0,2205.0,2350.0,2190.0,2235.0,2859495
2026-07-27,2150.0,2150.0,2225.0,2075.0,2225.0,2032962
2026-07-28,2215.0,2215.0,2280.0,2055.0,2060.0,3739842
2026-07-29,2090.0,2090.0,2275.0,1995.0,2230.0,4020920
2026-07-30,1910.0,1910.0,2125.0,1885.0,2070.0,4187156
2026-07-31,2100.0,2100.0,2100.0,2035.0,2100.0,2347557
2026-08-03,2095.0,2095.0,2300.0,2060.0,2100.0,4675646
2026-08-04,2300.0,2300.0,2300.0,2105.0,2105.0,3695189
2026-08-05,2355.0,2355.0,2450.0,2330.0,2400.0,3749200
2026-08-06,2370.0,2370.0,2555.0,2370.0,2405.0,4665449
2026-08-07,2200.0,2200.0,2300.0,2185.0,2300.0,5305766
2026-08-10,2190.0,2190.0,2300.0,2115.0,2190.0,4131547
2026-08-11,2200.0,2200.0,2205.0,2070.0,2145.0,3457537
2026-08-12,2155.0,2155.0,2195.0,2130.0,2195.0,2888323
2026-08-13,2205.0,2205.0,2275.0,2165.0,2180.0,2529404
2026-08-14,2200.0,2200.0,2245.0,2180.0,2235.0,1564445
2026-08-17,2135.0,2135.0,2185.0,2095.0,2185.0,1786567
2026-08-18,2240.0,2240.0,2310.0,2125.0,2130.0,2976989
2026-08-19,2200.0,2200.0,2210.0,2120.0,2150.0,1980907
2026-08-20,2250.0,2250.0,2255.0,2180.0,2225.0,1395933
2026-08-21,2275.0,2275.0,2360.0,2225.0,2270.0,3366013
2026-08-24,2050.0,2050.0,2275.0,2050.0,2275.0,4438955
2026-08-25,2075.0,2075.0,2080.0,2010.0,2035.0,2505573
2026-08-26,2005.0,2005.0,2055.0,1930.0,2035.0,4573570
2026-08-27,2055.0,2055.0,2070.0,1980.0,2040.0,2768259
2026-08-28,2260.0,2260.0,2260.0,2070.0,2075.0,3772881
2026-08-31,2170.0,2170.0,2240.0,2105.0,2230.0,3013126
2026-09-01,2315.0,2315.0,2375.0,2165.0,2190.0,4280857
2026-09-02,2170.0,2170.0,2235.0,2165.0,2200.0,3222294
2026-09-03,2100.0,2100.0,2180.0,2100.0,2170.0,2317076
2026-09-04,2145.0,2145.0,2175.0,2115.0,2135.0,1416632
2026-09-07,2070.0,2070.0,2185.0,2060.0,2175.0,2356358
2026-09-08,1935.0,1935.0,2070.0,1930.0,2070.0,2723671
2026-09-09,1975.0,1975.0,2015.0,1890.0,1935.0,2269580
2026-09-10,1930.0,1930.0,1975.0,1925.0,1960.0,815368
2026-09-11,1875.0,1875.0,1890.0,1850.0,1880.0,1729263
2026-09-14,1955.0,1955.0,2000.0,1810.0,1825.0,2138601
2026-09-15,1980.0,1980.0,2020.0,1925.0,1940.0,2481511
2026-09-16,1995.0,1995.0,2030.0,1935.0,1980.0,2411189
2026-09-17,2010.0,2010.0,2085.0,1985.0,2035.0,3082605
2026-09-18,2210.0,2210.0,2210.0,2045.0,2060.0,5964833
2026-09-21,2300.0,2300.0,2320.0,2190.0,2225.0,4166727
2026-09-22,2245.0,2245.0,2345.0,2215.0,2335.0,5774575
2026-09-23,2340.0,2340.0,2340.0,2240.0,2290.0,3427335
2026-09-24,2340.0,2340.0,2470.0,2285.0,2410.0,4339283
2026-09-29,2445.0,2445.0,2465.0,2375.0,2385.0,4550271
