Price,Adj Close,Close,High,Low,Open,Volume
Ticker,6472.TW,6472.TW,6472.TW,6472.TW,6472.TW,6472.TW
Date,,,,,,
2021-08-31,125.48546600341797,137.5338134765625,137.76771545410156,134.96090698242188,136.3643035888672,1085929
2021-09-01,126.12574768066406,138.2355194091797,141.04232788085938,137.5338134765625,139.40501403808594,1346723
2021-09-02,122.71113586425781,134.49310302734375,140.10671997070312,133.32359313964844,140.10671997070312,1098755
2021-09-03,126.55255126953125,138.7033233642578,138.93722534179688,132.62188720703125,135.42869567871094,2017947
2021-09-06,129.32687377929688,141.74403381347656,141.74403381347656,137.06600952148438,138.93722534179688,3073949
2021-09-07,121.23711395263672,131.78427124023438,146.6537322998047,129.16024780273438,144.90438842773438,4999003
2021-09-08,126.06513977050781,137.03231811523438,143.44659423828125,131.78427124023438,132.95050048828125,1918999
2021-09-09,127.40628051757812,138.4901123046875,141.4056854248047,136.74075317382812,136.74075317382812,891760
2021-09-10,124.99226379394531,135.8660888671875,139.07322692871094,134.40829467773438,138.4901123046875,624232
2021-09-13,122.8464584350586,133.5336151123047,138.4901123046875,133.2420654296875,137.03231811523438,809444
2021-09-14,120.16421508789062,130.6180419921875,135.282958984375,130.6180419921875,135.282958984375,651671
2021-09-15,120.70067596435547,131.20115661621094,131.20115661621094,126.53622436523438,131.20115661621094,1025524
2021-09-16,119.35955047607422,129.7433624267578,134.11672973632812,128.86868286132812,131.20115661621094,706548
2021-09-17,118.82310485839844,129.16024780273438,130.03492736816406,128.2855682373047,130.03492736816406,447595
2021-09-22,116.14087677001953,126.24466705322266,127.41089630126953,125.07843017578125,127.11933898925781,612227
2021-09-23,118.55487060546875,128.86868286132812,129.45179748535156,126.8277816772461,127.11933898925781,392717
2021-09-24,119.09132385253906,129.45179748535156,131.20115661621094,129.16024780273438,131.20115661621094,272672
2021-09-27,120.43244934082031,130.9095916748047,131.20115661621094,128.86868286132812,129.7433624267578,322405
2021-09-28,119.62777709960938,130.03492736816406,132.3673858642578,128.86868286132812,131.49270629882812,253808
2021-09-29,116.67731475830078,126.8277816772461,129.45179748535156,125.95310974121094,129.45179748535156,430445
2021-09-30,117.48198699951172,127.70245361328125,128.2855682373047,126.53622436523438,127.70245361328125,212650
2021-10-01,111.84929656982422,121.5797348022461,127.41089630126953,121.5797348022461,127.41089630126953,709978
2021-10-04,111.04462432861328,120.70506286621094,123.91220092773438,120.12194061279297,122.45440673828125,492183
2021-10-05,109.16706085205078,118.66415405273438,120.41350555419922,115.45701599121094,120.41350555419922,814588
2021-10-06,109.70350646972656,119.24726867675781,123.62064361572266,118.9557113647461,120.70506286621094,384142
2021-10-07,113.1904067993164,123.03752136230469,123.03752136230469,118.9557113647461,120.12194061279297,524766
2021-10-08,117.75020599365234,127.99401092529297,131.78427124023438,123.03752136230469,124.2037582397461,1104411
2021-10-12,115.06797790527344,125.07843017578125,132.3673858642578,124.78687286376953,131.20115661621094,974076
2021-10-13,113.1904067993164,123.03752136230469,126.24466705322266,123.03752136230469,126.24466705322266,447595
2021-10-14,111.31285095214844,120.99662017822266,124.78687286376953,119.83038330078125,124.49531555175781,579644
2021-10-15,110.23995208740234,119.83038330078125,123.32908630371094,119.53882598876953,122.74596405029297,533341
2021-10-18,108.36239624023438,117.78948211669922,120.41350555419922,116.04013061523438,120.12194061279297,797439
2021-10-19,109.97173309326172,119.53882598876953,119.83038330078125,117.20635986328125,118.37259674072266,305256
2021-10-20,108.36239624023438,117.78948211669922,120.70506286621094,117.4979248046875,120.70506286621094,258953
2021-10-21,108.630615234375,118.08103942871094,120.41350555419922,117.78948211669922,118.37259674072266,423586
2021-10-22,108.09416961669922,117.4979248046875,119.24726867675781,117.20635986328125,118.37259674072266,272672
2021-10-25,110.50817108154297,120.12194061279297,120.70506286621094,118.08103942871094,118.37259674072266,260668
2021-10-26,108.89883422851562,118.37259674072266,122.16284942626953,118.08103942871094,120.12194061279297,571069
2021-10-27,109.70350646972656,119.24726867675781,121.28817749023438,118.37259674072266,118.66415405273438,360134
2021-10-28,113.45863342285156,123.32908630371094,125.07843017578125,119.24726867675781,119.24726867675781,586503
2021-10-29,116.9455337524414,127.11933898925781,128.86868286132812,123.32908630371094,123.91220092773438,826593
2021-11-01,115.06797790527344,125.07843017578125,129.45179748535156,124.78687286376953,128.2855682373047,487038
2021-11-02,114.53152465820312,124.49531555175781,126.24466705322266,123.91220092773438,125.36998748779297,276102
2021-11-03,117.21375274658203,127.41089630126953,129.16024780273438,125.07843017578125,125.36998748779297,536771
2021-11-04,117.21375274658203,127.41089630126953,130.9095916748047,127.41089630126953,129.7433624267578,353274
2021-11-05,116.40909576416016,126.53622436523438,128.86868286132812,126.24466705322266,127.41089630126953,185211
2021-11-08,113.99507141113281,123.91220092773438,127.99401092529297,123.91220092773438,126.53622436523438,277817
2021-11-09,116.40909576416016,126.53622436523438,126.53622436523438,123.03752136230469,124.49531555175781,169777
2021-11-10,115.33619689941406,125.36998748779297,127.41089630126953,124.2037582397461,126.53622436523438,233229
2021-11-11,112.11751556396484,121.87129211425781,125.36998748779297,121.87129211425781,125.36998748779297,583074
2021-11-12,108.630615234375,118.08103942871094,120.70506286621094,116.91480255126953,120.70506286621094,1332495
2021-11-15,109.16706085205078,118.66415405273438,119.83038330078125,118.08103942871094,118.9557113647461,296681
2021-11-16,110.77639770507812,120.41350555419922,120.41350555419922,118.9557113647461,118.9557113647461,229799
2021-11-17,110.50817108154297,120.12194061279297,120.70506286621094,119.53882598876953,120.12194061279297,257238
2021-11-18,112.92218780517578,122.74596405029297,123.32908630371094,118.66415405273438,118.66415405273438,526481
2021-11-19,109.4352798461914,118.9557113647461,127.70245361328125,118.66415405273438,127.41089630126953,1351360
2021-11-22,108.36239624023438,117.78948211669922,118.9557113647461,117.20635986328125,118.9557113647461,523051
2021-11-23,107.0212631225586,116.3316879272461,118.9557113647461,114.8739013671875,117.20635986328125,1401092
2021-11-24,107.55770874023438,116.91480255126953,117.78948211669922,115.45701599121094,116.62324523925781,427016
2021-11-25,107.28948211669922,116.62324523925781,118.08103942871094,116.04013061523438,117.78948211669922,334410
2021-11-26,107.28948211669922,116.62324523925781,119.24726867675781,115.45701599121094,117.20635986328125,377283
2021-11-29,106.21659088134766,115.45701599121094,118.66415405273438,115.16545867919922,116.04013061523438,380713
2021-11-30,105.94837188720703,115.16545867919922,116.62324523925781,115.16545867919922,116.3316879272461,236659
2021-12-01,105.94837188720703,115.16545867919922,116.04013061523438,114.8739013671875,115.16545867919922,240089
2021-12-02,105.68014526367188,114.8739013671875,116.04013061523438,114.8739013671875,116.04013061523438,234944
2021-12-03,107.28948211669922,116.62324523925781,117.78948211669922,115.45701599121094,116.62324523925781,183496
2021-12-06,109.97173309326172,119.53882598876953,120.99662017822266,118.08103942871094,118.08103942871094,591648
2021-12-07,108.630615234375,118.08103942871094,120.70506286621094,117.4979248046875,120.12194061279297,246949
2021-12-08,108.630615234375,118.08103942871094,119.24726867675781,117.4979248046875,119.24726867675781,180067
2021-12-09,107.0212631225586,116.3316879272461,120.12194061279297,116.3316879272461,118.9557113647461,384142
2021-12-10,106.21659088134766,115.45701599121094,117.78948211669922,115.45701599121094,116.62324523925781,337840
2021-12-13,105.1436996459961,114.29077911376953,116.04013061523438,114.29077911376953,115.16545867919922,427016
2021-12-14,102.46145629882812,111.37519836425781,114.8739013671875,110.79208374023438,114.8739013671875,759711
2021-12-15,102.46145629882812,111.37519836425781,111.95832061767578,110.20896911621094,111.95832061767578,445880
2021-12-16,101.65678405761719,110.50052642822266,111.95832061767578,110.50052642822266,111.37519836425781,317260
2021-12-17,99.2427749633789,107.87650299072266,109.6258544921875,107.29338836669922,109.6258544921875,673965
2021-12-20,101.65678405761719,110.50052642822266,111.95832061767578,107.29338836669922,107.87650299072266,737417
2021-12-21,102.1932373046875,111.0836410522461,111.0836410522461,110.20896911621094,110.50052642822266,144053
2021-12-22,100.58390045166016,109.33429718017578,111.37519836425781,109.04273223876953,110.20896911621094,397862
2021-12-23,99.77922058105469,108.4596176147461,110.20896911621094,108.16806030273438,110.20896911621094,305256
2021-12-24,99.51100158691406,108.16806030273438,109.33429718017578,107.87650299072266,109.33429718017578,404722
2021-12-27,100.58390045166016,109.33429718017578,109.33429718017578,108.16806030273438,108.4596176147461,169777
2021-12-28,99.77922058105469,108.4596176147461,110.20896911621094,108.4596176147461,109.6258544921875,282962
2021-12-29,99.2427749633789,107.87650299072266,108.75117492675781,107.87650299072266,108.16806030273438,339554
2021-12-30,98.70632934570312,107.29338836669922,108.4596176147461,107.0018310546875,107.29338836669922,385857
2022-01-03,97.09698486328125,105.54403686523438,109.04273223876953,105.25247955322266,107.29338836669922,447595
2022-01-04,96.56053924560547,104.96092224121094,105.54403686523438,103.2115707397461,104.96092224121094,571069
2022-01-05,94.9511947631836,103.2115707397461,104.96092224121094,102.92001342773438,104.96092224121094,533341
2022-01-06,92.80540466308594,100.87910461425781,103.2115707397461,100.87910461425781,103.2115707397461,524766
2022-01-07,90.9278335571289,98.83820343017578,100.87910461425781,97.67196655273438,100.87910461425781,984366
2022-01-10,92.26895141601562,100.29598999023438,103.2115707397461,96.5057373046875,97.9635238647461,1001515
2022-01-11,90.39139556884766,98.25508880615234,100.87910461425781,97.9635238647461,100.87910461425781,370423
2022-01-12,88.24560546875,95.92262268066406,98.83820343017578,94.75638580322266,97.9635238647461,780290
2022-01-13,91.73250579833984,99.71287536621094,99.71287536621094,95.63106536865234,96.21417999267578,507617
2022-01-14,98.70632934570312,107.29338836669922,109.33429718017578,102.62845611572266,102.62845611572266,2599824
2022-01-17,97.3652114868164,105.8355941772461,106.71027374267578,104.96092224121094,106.71027374267578,646526
2022-01-18,97.63343048095703,106.12715148925781,108.4596176147461,106.12715148925781,106.41871643066406,334410
2022-01-19,97.09698486328125,105.54403686523438,106.71027374267578,104.96092224121094,104.96092224121094,169777
2022-01-20,94.9511947631836,103.2115707397461,105.25247955322266,102.33689880371094,105.25247955322266,413296
2022-01-21,92.000732421875,100.00443267822266,103.79468536376953,100.00443267822266,103.2115707397461,282962
2022-01-24,93.0736312866211,101.17066955566406,102.04534149169922,97.08885192871094,100.29598999023438,360134
2022-01-25,93.87830352783203,102.04534149169922,104.3778076171875,100.29598999023438,101.17066955566406,358419
2022-01-26,94.14652252197266,102.33689880371094,103.2115707397461,102.04534149169922,103.2115707397461,209220
2022-02-07,98.16988372802734,106.71027374267578,107.58494567871094,103.2115707397461,103.2115707397461,439020
2022-02-08,98.43810272216797,107.0018310546875,108.75117492675781,105.54403686523438,107.58494567871094,274387
2022-02-09,98.70632934570312,107.29338836669922,108.4596176147461,106.12715148925781,108.4596176147461,221225
2022-02-10,97.90166473388672,106.41871643066406,108.4596176147461,105.8355941772461,107.87650299072266,231514
2022-02-11,96.02409362792969,104.3778076171875,106.12715148925781,103.2115707397461,104.08625030517578,365278
2022-02-14,93.0736312866211,101.17066955566406,103.2115707397461,100.87910461425781,102.62845611572266,209220
2022-02-15,93.34185028076172,101.46222686767578,102.33689880371094,100.5875473022461,100.5875473022461,144053
2022-02-16,96.56053924560547,104.96092224121094,105.25247955322266,101.46222686767578,101.46222686767578,264098
2022-02-17,95.48764038085938,103.79468536376953,106.71027374267578,103.50312805175781,106.41871643066406,281247
2022-02-18,95.48764038085938,103.79468536376953,104.66936492919922,102.62845611572266,104.66936492919922,195501
2022-02-21,98.16988372802734,106.71027374267578,107.29338836669922,102.62845611572266,103.50312805175781,361848
2022-02-22,95.75586700439453,104.08625030517578,106.12715148925781,102.33689880371094,106.12715148925781,349844
2022-02-23,96.8287582397461,105.25247955322266,106.12715148925781,104.08625030517578,104.08625030517578,217795
2022-02-24,94.41474914550781,102.62845611572266,104.96092224121094,102.33689880371094,104.3778076171875,317260
2022-02-25,96.02409362792969,104.3778076171875,104.96092224121094,102.04534149169922,102.92001342773438,267528
2022-03-01,97.3652114868164,105.8355941772461,106.41871643066406,104.08625030517578,104.3778076171875,181781
2022-03-02,100.85211944580078,109.6258544921875,109.6258544921875,104.96092224121094,106.41871643066406,476748
2022-03-03,99.2427749633789,107.87650299072266,110.20896911621094,107.58494567871094,109.6258544921875,370423
2022-03-04,97.3652114868164,105.8355941772461,107.87650299072266,105.8355941772461,106.71027374267578,224655
2022-03-07,94.68297576904297,102.92001342773438,104.96092224121094,102.62845611572266,104.96092224121094,339554
2022-03-08,93.61006927490234,101.7537841796875,104.66936492919922,101.46222686767578,102.62845611572266,372138
2022-03-09,96.02409362792969,104.3778076171875,105.54403686523438,102.62845611572266,103.2115707397461,224655
2022-03-10,94.68297576904297,102.92001342773438,107.0018310546875,102.33689880371094,106.41871643066406,701403
2022-03-11,92.26895141601562,100.29598999023438,102.33689880371094,100.29598999023438,102.33689880371094,378998
2022-03-14,90.39139556884766,98.25508880615234,100.87910461425781,97.38040924072266,100.29598999023438,619087
2022-03-15,88.51382446289062,96.21417999267578,99.1297607421875,96.21417999267578,99.1297607421875,313831
2022-03-16,87.44093322753906,95.04794311523438,97.9635238647461,94.46482849121094,96.79729461669922,404722
2022-03-17,90.65961456298828,98.54664611816406,98.83820343017578,93.59015655517578,93.59015655517578,476748
2022-03-18,90.65961456298828,98.54664611816406,98.83820343017578,97.38040924072266,98.83820343017578,214365
2022-03-21,95.21941375732422,103.50312805175781,104.66936492919922,99.1297607421875,99.1297607421875,528196
2022-03-22,93.0736312866211,101.17066955566406,104.08625030517578,101.17066955566406,104.08625030517578,253808
2022-03-23,95.48764038085938,103.79468536376953,104.08625030517578,102.04534149169922,102.04534149169922,248663
2022-03-24,93.61006927490234,101.7537841796875,103.50312805175781,101.17066955566406,103.50312805175781,120044
2022-03-25,93.87830352783203,102.04534149169922,102.92001342773438,101.17066955566406,102.92001342773438,101180
2022-03-28,93.61006927490234,101.7537841796875,102.04534149169922,101.46222686767578,102.04534149169922,92605
2022-03-29,94.68297576904297,102.92001342773438,103.50312805175781,101.7537841796875,101.7537841796875,133764
2022-03-30,94.68297576904297,102.92001342773438,104.3778076171875,102.33689880371094,104.08625030517578,219510
2022-03-31,94.9511947631836,103.2115707397461,104.3778076171875,102.33689880371094,103.50312805175781,224655
2022-04-01,94.14652252197266,102.33689880371094,103.79468536376953,102.33689880371094,103.79468536376953,195501
2022-04-06,96.02409362792969,104.3778076171875,106.12715148925781,102.33689880371094,104.3778076171875,461314
2022-04-07,93.0736312866211,101.17066955566406,104.08625030517578,100.5875473022461,103.50312805175781,384142
2022-04-08,94.9511947631836,103.2115707397461,103.79468536376953,101.17066955566406,101.17066955566406,219510
2022-04-11,95.21941375732422,103.50312805175781,106.12715148925781,102.04534149169922,103.79468536376953,440735
2022-04-12,93.34185028076172,101.46222686767578,104.66936492919922,100.5875473022461,103.79468536376953,289822
2022-04-13,92.53717041015625,100.5875473022461,101.7537841796875,100.29598999023438,101.46222686767578,209220
2022-04-14,92.53717041015625,100.5875473022461,101.7537841796875,100.5875473022461,100.87910461425781,133764
2022-04-15,89.31848907470703,97.08885192871094,100.87910461425781,97.08885192871094,100.5875473022461,368708
2022-04-18,89.85494232177734,97.67196655273438,101.17066955566406,97.38040924072266,97.38040924072266,341269
2022-04-19,89.58671569824219,97.38040924072266,99.42131805419922,96.21417999267578,98.83820343017578,219510
2022-04-20,89.0502700805664,96.79729461669922,98.54664611816406,96.5057373046875,98.54664611816406,200646
2022-04-21,91.1960678100586,99.1297607421875,99.42131805419922,96.21417999267578,96.79729461669922,332695
2022-04-22,89.31848907470703,97.08885192871094,98.83820343017578,97.08885192871094,97.9635238647461,169777
2022-04-25,84.75869750976562,92.13236236572266,95.63106536865234,91.84080505371094,95.63106536865234,545345
2022-04-26,82.61290740966797,89.79989624023438,92.71548461914062,88.92522430419922,92.71548461914062,595078
2022-04-27,81.00357055664062,88.05055236816406,89.21678161621094,85.13497161865234,87.46743774414062,473319
2022-04-28,81.00357055664062,88.05055236816406,89.79989624023438,87.46743774414062,89.21678161621094,140623
2022-04-29,82.34468841552734,89.50833892822266,89.79989624023438,88.05055236816406,88.92522430419922,216080
2022-05-03,80.7353515625,87.75899505615234,88.92522430419922,87.1758804321289,88.92522430419922,171492
2022-05-04,79.66243743896484,86.59275817871094,87.75899505615234,86.30120086669922,87.75899505615234,233229
2022-05-05,82.61290740966797,89.79989624023438,90.09146118164062,87.1758804321289,87.1758804321289,207505
2022-05-06,80.46712493896484,87.46743774414062,88.6336669921875,86.88431549072266,88.6336669921875,149198
2022-05-09,78.58954620361328,85.42652893066406,87.75899505615234,84.84341430664062,87.75899505615234,282962
2022-05-10,80.7353515625,87.75899505615234,88.34210968017578,84.26029968261719,84.26029968261719,361848
2022-05-11,86.09980773925781,93.59015655517578,96.5057373046875,91.54924774169922,93.29859924316406,1090691
2022-05-12,83.4175796508789,90.67457580566406,93.59015655517578,88.92522430419922,93.59015655517578,409866
2022-05-13,82.88113403320312,90.09146118164062,92.13236236572266,89.21678161621094,90.96613311767578,252093
2022-05-16,86.36803436279297,93.8817138671875,95.63106536865234,92.13236236572266,92.13236236572266,457884
2022-05-17,86.09980773925781,93.59015655517578,95.3395004272461,92.71548461914062,93.8817138671875,330980
2022-05-18,89.31848907470703,97.08885192871094,97.08885192871094,93.29859924316406,94.75638580322266,306971
2022-05-19,88.51382446289062,96.21417999267578,102.62845611572266,95.04794311523438,97.9635238647461,1581159
2022-05-20,87.44093322753906,95.04794311523438,97.38040924072266,94.75638580322266,97.08885192871094,205790
2022-05-23,86.90448760986328,94.46482849121094,96.21417999267578,94.46482849121094,96.21417999267578,162917
2022-05-24,85.56336975097656,93.00704193115234,95.3395004272461,93.00704193115234,95.3395004272461,80601
2022-05-25,87.17271423339844,94.75638580322266,95.63106536865234,92.71548461914062,93.29859924316406,145768
2022-05-26,85.83158874511719,93.29859924316406,95.04794311523438,93.29859924316406,95.04794311523438,80601
2022-05-27,86.09980773925781,93.59015655517578,94.46482849121094,92.71548461914062,93.8817138671875,116614
2022-05-30,88.24560546875,95.92262268066406,96.21417999267578,93.8817138671875,95.04794311523438,164632
2022-05-31,89.85494232177734,97.67196655273438,98.25508880615234,95.63106536865234,95.63106536865234,174922
2022-06-01,90.9278335571289,98.83820343017578,99.42131805419922,97.08885192871094,97.9635238647461,229799
2022-06-02,90.39139556884766,98.25508880615234,100.5875473022461,98.25508880615234,99.1297607421875,207505
2022-06-06,90.12316131591797,97.9635238647461,99.71287536621094,97.9635238647461,99.42131805419922,78886
2022-06-07,92.80540466308594,100.87910461425781,100.87910461425781,98.54664611816406,99.1297607421875,308686
2022-06-08,93.34185028076172,101.46222686767578,102.92001342773438,101.17066955566406,101.17066955566406,229799
2022-06-09,96.56053924560547,104.96092224121094,107.58494567871094,103.2115707397461,104.3778076171875,1016949
2022-06-10,101.38856506347656,110.20896911621094,113.7076644897461,104.3778076171875,104.3778076171875,2212251
2022-06-13,101.92501831054688,110.79208374023438,114.29077911376953,107.58494567871094,111.66675567626953,1985881
2022-06-14,102.46145629882812,111.37519836425781,113.7076644897461,109.04273223876953,109.04273223876953,1329066
2022-06-15,112.65396881103516,122.45440673828125,122.45440673828125,118.66415405273438,121.87129211425781,4947555
2022-06-16,117.75020599365234,127.99401092529297,132.95050048828125,122.45440673828125,128.86868286132812,8950188
2022-06-17,128.21092224121094,139.36477661132812,139.36477661132812,125.95310974121094,125.95310974121094,8082436
2022-06-20,119.35955047607422,129.7433624267578,147.81996154785156,129.7433624267578,141.69725036621094,13321529
2022-06-21,131.16139221191406,142.57191467285156,142.57191467285156,132.3673858642578,132.3673858642578,8595198
2022-06-22,130.89317321777344,142.28036499023438,148.98619079589844,136.44920349121094,147.52841186523438,16766811
2022-06-23,131.4296112060547,142.8634796142578,146.6537322998047,137.906982421875,142.28036499023438,9953418
2022-06-24,127.13803100585938,138.19854736328125,143.7381591796875,136.44920349121094,140.531005859375,6214884
2022-06-27,130.3567352294922,141.69725036621094,142.28036499023438,132.95050048828125,137.03231811523438,5786153
2022-06-28,127.67448425292969,138.7816619873047,146.94529724121094,136.44920349121094,141.69725036621094,8406557
2022-06-29,140.281005859375,152.48489379882812,152.48489379882812,140.2394561767578,142.28036499023438,14686608
2022-06-30,142.69500732421875,155.10891723632812,160.35696411132812,146.6537322998047,155.69203186035156,30264977
2022-07-01,131.4296112060547,142.8634796142578,153.651123046875,142.8634796142578,153.06800842285156,10445601
2022-07-04,129.2838134765625,140.531005859375,147.23684692382812,136.44920349121094,142.8634796142578,4103813
2022-07-05,137.0623321533203,148.98619079589844,151.61021423339844,139.36477661132812,141.4056854248047,6911143
2022-07-06,131.966064453125,143.44659423828125,154.5258026123047,143.44659423828125,151.027099609375,6828827
2022-07-07,129.5172119140625,138.7816619873047,146.3621826171875,138.7816619873047,144.0297088623047,4676597
2022-07-08,117.54503631591797,125.95310974121094,138.7816619873047,125.95310974121094,135.8660888671875,6744795
2022-07-11,129.24513244628906,138.4901123046875,138.4901123046875,127.11933898925781,127.11933898925781,6022812
2022-07-12,121.89854431152344,130.6180419921875,141.1141357421875,130.03492736816406,139.36477661132812,9919120
2022-07-13,120.81016540527344,129.45179748535156,134.40829467773438,128.2855682373047,134.40829467773438,5189359
2022-07-14,119.99388885498047,128.57713317871094,133.2420654296875,123.91220092773438,129.7433624267578,7139228
2022-07-15,118.63340759277344,127.11933898925781,127.41089630126953,123.03752136230469,126.8277816772461,3779692
2022-07-18,122.98693084716797,131.78427124023438,131.78427124023438,123.62064361572266,123.62064361572266,3061139
2022-07-19,119.99388885498047,128.57713317871094,137.03231811523438,128.57713317871094,131.20115661621094,4313033
2022-07-20,122.170654296875,130.9095916748047,132.95050048828125,128.2855682373047,130.03492736816406,2282563
2022-07-21,123.53112030029297,132.3673858642578,133.82518005371094,130.03492736816406,132.3673858642578,1576015
2022-07-22,130.877685546875,140.2394561767578,144.61282348632812,132.658935546875,132.658935546875,6233748
2022-07-25,131.14976501464844,140.531005859375,152.19334411621094,140.2394561767578,144.61282348632812,7825197
2022-07-26,129.5172119140625,138.7816619873047,145.4875030517578,138.19854736328125,143.44659423828125,4237577
2022-07-27,125.97998046875,134.9914093017578,141.69725036621094,134.40829467773438,140.2394561767578,2850203
2022-07-28,129.5172119140625,138.7816619873047,142.8634796142578,135.8660888671875,136.74075317382812,3496729
2022-07-29,128.42881774902344,137.6154327392578,141.1141357421875,137.03231811523438,140.82257080078125,1901850
2022-08-01,120.81016540527344,129.45179748535156,139.36477661132812,128.86868286132812,137.6154327392578,3786552
2022-08-02,122.4427490234375,131.20115661621094,133.5336151123047,127.41089630126953,128.86868286132812,3539603
2022-08-03,119.72178649902344,128.2855682373047,131.49270629882812,125.95310974121094,128.86868286132812,2587820
2022-08-04,121.89854431152344,130.6180419921875,130.6180419921875,127.11933898925781,127.41089630126953,1330780
2022-08-05,125.435791015625,134.40829467773438,135.282958984375,131.20115661621094,132.3673858642578,1555436
2022-08-08,128.97300720214844,138.19854736328125,138.4901123046875,133.2420654296875,135.8660888671875,2052763
2022-08-09,129.24513244628906,138.4901123046875,139.94789123535156,136.74075317382812,136.74075317382812,1274188
2022-08-10,128.70091247558594,137.906982421875,141.98880004882812,137.6154327392578,139.94789123535156,1960158
2022-08-11,139.58474731445312,149.56932067871094,151.027099609375,138.7816619873047,139.94789123535156,6547579
2022-08-12,145.84291076660156,156.275146484375,156.85826110839844,149.86087036132812,150.44398498535156,7197535
2022-08-15,154.54995727539062,165.60501098632812,169.395263671875,153.651123046875,158.899169921875,7926378
2022-08-16,163.8011932373047,175.5179901123047,175.80953979492188,165.60501098632812,165.60501098632812,9649877
2022-08-17,166.25003051757812,178.1420135498047,181.05758666992188,173.7686309814453,174.93487548828125,7602257
2022-08-18,173.8686981201172,186.30563354492188,189.22122192382812,175.5179901123047,175.5179901123047,10286113
2022-08-19,173.59661865234375,186.0140838623047,189.5127716064453,180.7660369873047,189.5127716064453,2344301
2022-08-22,171.6919403076172,183.97317504882812,188.6381072998047,182.515380859375,187.47186279296875,788865
2022-08-23,176.8617401123047,189.5127716064453,190.09588623046875,183.68161010742188,187.47186279296875,1382228
2022-08-24,192.09906005859375,205.84002685546875,208.46405029296875,190.387451171875,190.387451171875,2219111
2022-08-25,188.56182861328125,202.04977416992188,207.00625610351562,198.259521484375,207.00625610351562,1263898
2022-08-26,190.4664764404297,204.09068298339844,204.09068298339844,199.71731567382812,204.09068298339844,1291337
2022-08-29,188.56182861328125,202.04977416992188,203.21600341796875,198.259521484375,198.259521484375,1210736
2022-08-30,206.6007080078125,221.37899780273438,222.0206756591797,205.6578826904297,205.6578826904297,1396338
2022-08-31,203.00765991210938,217.5289306640625,226.51243591308594,211.7538299560547,224.90823364257812,1425948
2022-09-01,198.2169189453125,212.3955078125,220.09564208984375,210.47047424316406,217.5289306640625,1094006
2022-09-02,185.04237365722656,198.27857971191406,222.34152221679688,195.7118682861328,222.34152221679688,2194246
2022-09-05,176.95799255371094,189.6159210205078,205.01620483398438,184.8033447265625,202.12864685058594,2496578
2022-09-06,176.0597381591797,188.65341186523438,199.88278198242188,178.7073974609375,193.78683471679688,8398289
2022-09-07,168.27479553222656,180.3115997314453,189.936767578125,178.3865509033203,188.65341186523438,3991096
2022-09-08,176.95799255371094,189.6159210205078,191.22012329101562,180.3115997314453,183.8408203125,5491848
2022-09-12,176.35916137695312,188.9742431640625,192.82432556152344,181.27410888671875,191.86180114746094,4768744
2022-09-13,174.26319885253906,186.72837829589844,191.22012329101562,184.8033447265625,188.9742431640625,2817611
2022-09-14,174.56263732910156,187.04920959472656,192.82432556152344,182.23663330078125,182.87831115722656,3825904
2022-09-15,187.13833618164062,200.5244598388672,205.6578826904297,187.37005615234375,187.37005615234375,12127572
2022-09-16,184.4435272216797,197.63690185546875,205.01620483398438,195.0701904296875,201.1661376953125,9447101
2022-09-19,176.0597381591797,188.65341186523438,203.73284912109375,187.37005615234375,202.44949340820312,9322428
2022-09-20,182.64700317382812,195.7118682861328,201.48696899414062,188.3325653076172,192.18264770507812,8152060
2022-09-21,185.6412353515625,198.92025756835938,200.5244598388672,192.82432556152344,193.14515686035156,7252855
2022-09-22,199.4146270751953,213.67886352539062,217.5289306640625,197.31607055664062,199.5619354248047,13633000
2022-09-23,197.6180877685547,211.7538299560547,220.09564208984375,204.05369567871094,215.60389709472656,13659493
2022-09-26,186.53948974609375,199.88278198242188,212.71633911132812,199.88278198242188,210.47047424316406,7541162
2022-09-27,184.7429656982422,197.95774841308594,203.41201782226562,189.2950897216797,200.8452911376953,9344246
2022-09-28,177.85626220703125,190.5784454345703,205.33705139160156,190.5784454345703,197.95774841308594,12073028
2022-09-29,183.8446807861328,196.99522399902344,205.01620483398438,193.14515686035156,196.03271484375,11437195
2022-09-30,196.12095642089844,210.14962768554688,213.99969482421875,190.5784454345703,194.74935913085938,12291206
2022-10-03,190.13253784179688,203.73284912109375,218.491455078125,201.48696899414062,211.11215209960938,13106256
2022-10-04,194.62387084960938,208.54544067382812,215.60389709472656,206.9412384033203,208.54544067382812,9484503
2022-10-05,191.62965393066406,205.33705139160156,213.35801696777344,205.33705139160156,211.7538299560547,5293930
2022-10-06,196.42037963867188,210.47047424316406,210.7913055419922,203.41201782226562,209.50794982910156,4890301
2022-10-07,200.01344299316406,214.32054138183594,222.662353515625,209.82879638671875,210.7913055419922,14440258
2022-10-11,208.69667053222656,223.6248779296875,232.28753662109375,215.28306579589844,219.45396423339844,16294770
2022-10-12,205.70245361328125,220.41648864746094,223.6248779296875,216.8872528076172,223.3040313720703,9553074
2022-10-13,185.341796875,198.59942626953125,226.83326721191406,198.59942626953125,221.05816650390625,15147778
2022-10-14,181.44932556152344,194.4285125732422,207.2620849609375,192.50347900390625,204.69537353515625,12412762
2022-10-17,172.76609802246094,185.12417602539062,192.82432556152344,177.1031951904297,192.50347900390625,9864756
2022-10-18,173.6643829345703,186.08670043945312,191.86180114746094,183.1991424560547,187.37005615234375,6433130
2022-10-19,170.07131958007812,182.23663330078125,188.01173400878906,177.744873046875,182.87831115722656,8518287
2022-10-20,161.9869384765625,173.573974609375,179.669921875,171.64894104003906,179.0282440185547,8114658
2022-10-21,154.80081176757812,165.8738250732422,175.81983947753906,165.8738250732422,173.573974609375,5558860
2022-10-24,157.49560546875,168.76138305664062,172.9322967529297,168.1197052001953,168.1197052001953,4182781
2022-10-25,154.80081176757812,165.8738250732422,170.68641662597656,161.382080078125,170.04473876953125,6027942
2022-10-26,161.9869384765625,173.573974609375,175.17816162109375,160.41957092285156,164.91131591796875,7480384
2022-10-27,165.28057861328125,177.1031951904297,178.3865509033203,169.72390747070312,170.36558532714844,8572831
2022-10-28,160.48985290527344,171.9697723388672,180.63243103027344,169.72390747070312,177.1031951904297,6682476
2022-10-31,164.68173217773438,176.46151733398438,179.0282440185547,172.6114501953125,173.89480590820312,3568766
2022-11-01,181.14991760253906,194.10768127441406,194.10768127441406,176.46151733398438,176.46151733398438,9852289
2022-11-02,185.6412353515625,198.92025756835938,198.92025756835938,190.25759887695312,195.3910369873047,10477213
2022-11-03,186.24005126953125,199.5619354248047,201.1661376953125,195.0701904296875,195.3910369873047,5392110
2022-11-04,183.8446807861328,196.99522399902344,204.69537353515625,196.6743927001953,199.5619354248047,7176493
2022-11-07,186.83889770507812,200.20361328125,205.97872924804688,196.35354614257812,200.20361328125,6578062
2022-11-08,190.13253784179688,203.73284912109375,217.20809936523438,203.09117126464844,205.33705139160156,12443930
2022-11-09,191.62965393066406,205.33705139160156,209.50794982910156,203.73284912109375,207.58291625976562,6027942
2022-11-10,193.4261932373047,207.2620849609375,213.67886352539062,205.6578826904297,209.18711853027344,6464298
2022-11-11,212.58914184570312,227.79579162597656,227.79579162597656,210.47047424316406,213.67886352539062,13762348
2022-11-14,218.57757568359375,234.2125701904297,239.3459930419922,224.58738708496094,228.75830078125,16704633
2022-11-15,240.43531799316406,257.6338195800781,257.6338195800781,236.13760375976562,238.70431518554688,20463526
2022-11-16,252.11277770996094,270.14654541015625,275.9216613769531,256.9921569824219,258.5963439941406,16985147
2022-11-17,256.6040954589844,274.9591369628906,287.47186279296875,266.6173095703125,272.7132568359375,21744541
2022-11-18,256.90350341796875,275.27996826171875,278.8092041015625,265.6548156738281,273.0340881347656,2666445
2022-11-21,256.3046875,274.6383056640625,276.24249267578125,272.7132568359375,272.7132568359375,1573997
2022-11-22,263.4907531738281,282.33843994140625,282.9801025390625,273.3549499511719,276.8841857910156,2283075
2022-11-23,279.9589538574219,299.9845886230469,304.79718017578125,281.6967468261719,286.8302001953125,3004620
2022-11-24,276.66534423828125,296.4553527832031,302.87213134765625,292.60528564453125,302.87213134765625,1623866
2022-11-25,249.11854553222656,266.93817138671875,294.53033447265625,266.93817138671875,293.8886413574219,4343298
2022-11-28,256.3046875,274.6383056640625,277.20501708984375,256.0296325683594,256.0296325683594,2766183
2022-11-29,255.40638732910156,273.67578125,284.9051513671875,270.14654541015625,274.6383056640625,2113208
2022-11-30,268.88037109375,288.1135559082031,288.1135559082031,273.0340881347656,274.6383056640625,2621251
2022-12-01,267.0838317871094,286.1885070800781,290.6802673339844,282.6592712402344,288.7552185058594,1695553
2022-12-02,277.2641296386719,297.0970458984375,301.5887756347656,288.1135559082031,288.1135559082031,1679969
2022-12-05,277.86297607421875,297.73870849609375,299.0220642089844,282.33843994140625,288.7552185058594,2367229
2022-12-06,250.3162384033203,268.2215270996094,300.9471130371094,268.2215270996094,297.0970458984375,8471535
2022-12-07,239.53704833984375,256.6712951660156,270.14654541015625,250.25453186035156,262.4464111328125,9411258
2022-12-08,232.05152893066406,248.65032958984375,263.0881042480469,245.12109375,263.0881042480469,5471589
2022-12-09,236.243408203125,253.14207458496094,256.3504638671875,246.0836181640625,250.25453186035156,4597319
2022-12-12,237.74053955078125,254.74627685546875,255.38795471191406,243.51690673828125,251.8587188720703,4711083
2022-12-13,240.7347412109375,257.95465087890625,267.2590026855469,255.06710815429688,255.06710815429688,5897036
2022-12-14,240.7347412109375,257.95465087890625,263.0881042480469,247.04612731933594,259.87969970703125,7375970
2022-12-15,235.9440155029297,252.8212432861328,261.1630554199219,251.5378875732422,259.5588684082031,3215006
2022-12-16,229.65615844726562,246.0836181640625,255.06710815429688,244.80026245117188,248.65032958984375,4193690
2022-12-19,238.03994750976562,255.06710815429688,264.3714599609375,246.0836181640625,246.0836181640625,6903771
2022-12-20,232.3509521484375,248.97116088867188,264.3714599609375,247.04612731933594,261.8047180175781,6286639
2022-12-21,242.53128051757812,259.87969970703125,263.7297668457031,251.8587188720703,255.06710815429688,6306898
2022-12-22,249.11854553222656,266.93817138671875,274.9591369628906,255.06710815429688,264.3714599609375,12577954
2022-12-23,243.42953491210938,260.84222412109375,269.18402099609375,259.2380065917969,265.3339538574219,7097014
2022-12-26,250.91505432128906,268.8631896972656,272.07159423828125,263.408935546875,264.05059814453125,7262206
2022-12-27,247.02261352539062,264.6922912597656,272.7132568359375,261.8047180175781,272.3924255371094,5853400
2022-12-28,246.42373657226562,264.05059814453125,270.4673767089844,262.4464111328125,263.0881042480469,5195750
2022-12-29,251.51394653320312,269.5048828125,269.5048828125,256.3504638671875,264.05059814453125,6998834
2022-12-30,248.2202911376953,265.97564697265625,280.41339111328125,265.97564697265625,271.4299011230469,10273060
2023-01-03,260.1971130371094,278.8092041015625,279.1300354003906,267.9006652832031,268.2215270996094,10132803
2023-01-04,255.10696411132812,273.3549499511719,283.6217956542969,273.0340881347656,280.41339111328125,8892306
2023-01-05,248.2202911376953,265.97564697265625,279.771728515625,264.6922912597656,275.600830078125,5315748
2023-01-06,243.42953491210938,260.84222412109375,270.14654541015625,260.5213623046875,266.93817138671875,4516281
2023-01-09,246.72320556640625,264.3714599609375,266.2964782714844,260.2005310058594,263.0881042480469,2929817
2023-01-10,243.7289581298828,261.1630554199219,267.9006652832031,260.84222412109375,263.0881042480469,3718374
2023-01-11,236.243408203125,253.14207458496094,265.6548156738281,253.14207458496094,262.4464111328125,5027441
2023-01-12,230.2550048828125,246.7252960205078,255.06710815429688,244.4794158935547,254.74627685546875,6408195
2023-01-13,229.65615844726562,246.0836181640625,249.6128387451172,244.4794158935547,248.00865173339844,3451885
2023-01-16,235.9440155029297,252.8212432861328,252.8212432861328,244.80026245117188,247.36697387695312,3964603
2023-01-17,240.7347412109375,257.95465087890625,262.4464111328125,250.89620971679688,252.8212432861328,4865366
2023-01-30,238.33938598632812,255.38795471191406,264.3714599609375,254.74627685546875,263.0881042480469,3129294
2023-01-31,247.02261352539062,264.6922912597656,264.6922912597656,255.7087860107422,258.5963439941406,3590584
2023-02-01,242.23187255859375,259.5588684082031,265.3339538574219,258.2755126953125,265.3339538574219,2912674
2023-02-02,244.02838134765625,261.48388671875,263.408935546875,258.91717529296875,261.1630554199219,2052430
2023-02-03,246.42373657226562,264.05059814453125,266.93817138671875,261.8047180175781,263.7297668457031,3367731
2023-02-06,254.80755615234375,273.0340881347656,287.1510314941406,265.3339538574219,266.6173095703125,12397178
2023-02-07,280.25836181640625,300.305419921875,300.305419921875,277.20501708984375,277.20501708984375,15032455
2023-02-08,307.80511474609375,329.8226318359375,329.8226318359375,302.5513000488281,305.75970458984375,20030287
2023-02-09,316.18890380859375,338.8061218261719,345.8645935058594,333.6726989746094,340.0894775390625,12127572
2023-02-10,323.973876953125,347.14794921875,368.3233337402344,340.7311706542969,347.78961181640625,15713482
2023-02-13,317.3866271972656,340.0894775390625,352.92303466796875,331.7476501464844,351.6396789550781,9535931
2023-02-14,285.6479187011719,306.0805358886719,306.0805358886719,306.0805358886719,306.0805358886719,1136083
2023-02-15,280.85723876953125,300.9471130371094,303.83465576171875,288.1135559082031,288.1135559082031,3704348
2023-02-16,281.4560241699219,301.5887756347656,302.87213134765625,292.2844543457031,297.4178771972656,2309568
2023-02-17,299.1218566894531,320.5182800292969,321.4808044433594,301.5887756347656,301.5887756347656,2879947
2023-02-20,294.92999267578125,316.02655029296875,323.4058532714844,316.02655029296875,323.4058532714844,1254522
2023-02-21,299.42132568359375,320.8391418457031,322.12249755859375,311.2139587402344,320.5182800292969,1315300
2023-02-22,295.22943115234375,316.3473815917969,322.12249755859375,316.3473815917969,320.8391418457031,754272
2023-02-23,305.4097595214844,327.25592041015625,333.6726989746094,317.6307373046875,320.8391418457031,1295041
2023-02-24,301.2178649902344,322.76416015625,328.5392761230469,319.5557861328125,328.5392761230469,1242055
2023-03-01,307.80511474609375,329.8226318359375,329.8226318359375,321.4808044433594,324.0475158691406,748038
2023-03-02,307.80511474609375,329.8226318359375,335.5977478027344,329.8226318359375,331.7476501464844,805699
2023-03-03,311.9970397949219,334.31439208984375,336.2394104003906,330.46429443359375,333.6726989746094,1045695
2023-03-06,312.59588623046875,334.9560546875,344.58123779296875,311.85565185546875,336.881103515625,6825850
2023-03-07,297.9242248535156,319.23492431640625,340.0894775390625,319.23492431640625,336.2394104003906,5633664
2023-03-08,291.33697509765625,312.1764831542969,325.33087158203125,311.85565185546875,320.8391418457031,3949019
2023-03-09,296.4271240234375,317.6307373046875,317.6307373046875,313.1390075683594,314.42236328125,1458674
2023-03-10,297.32537841796875,318.59326171875,327.25592041015625,315.7057189941406,316.98907470703125,5097570
2023-03-13,302.41552734375,324.0475158691406,324.0475158691406,308.00555419921875,320.19744873046875,3475261
2023-03-14,311.3981628417969,333.6726989746094,343.2978820800781,321.4808044433594,322.12249755859375,7812326
2023-03-15,342.53802490234375,367.03997802734375,367.03997802734375,338.1644592285156,339.44781494140625,9283468
2023-03-16,337.747314453125,361.90655517578125,375.38177490234375,360.6231994628906,367.681640625,12046535
2023-03-17,348.5263977050781,373.4567565917969,374.0984191894531,349.71466064453125,372.17340087890625,17497865
2023-03-20,335.9507141113281,359.98150634765625,379.2318420410156,359.98150634765625,378.5901794433594,6895979
2023-03-21,323.973876953125,347.14794921875,363.8315734863281,347.14794921875,361.90655517578125,4054991
2023-03-22,356.3114013671875,381.798583984375,381.798583984375,381.798583984375,381.798583984375,2128792
2023-03-23,391.64312744140625,419.6575927734375,419.6575927734375,391.4237365722656,399.1238708496094,7229479
2023-03-24,419.1898498535156,449.1747741699219,451.0998229980469,420.9409484863281,445.9664001464844,14800251
2023-03-27,424.5794677734375,454.94989013671875,476.7669677734375,445.9664001464844,452.3831787109375,13244955
2023-03-28,420.3875427246094,450.4581298828125,473.5585632324219,441.4746398925781,460.7250061035156,14851679
2023-03-29,462.3065185546875,495.3756103515625,495.3756103515625,463.9333801269531,467.14178466796875,9080874
2023-03-30,452.7250671386719,485.1087646484375,538.3680419921875,485.1087646484375,501.1507263183594,10960321
2023-03-31,443.1435546875,474.8419189453125,488.3171691894531,471.6335144042969,481.900390625,1405688
2023-04-06,483.8648681640625,518.4760131835938,518.4760131835938,479.975341796875,487.67547607421875,2465409
2023-04-07,487.4579162597656,522.3261108398438,534.5180053710938,503.7174377441406,518.4760131835938,1938666
2023-04-10,481.469482421875,515.9093017578125,522.3261108398438,512.0592651367188,513.3425903320312,1153225
2023-04-11,482.0683898925781,516.551025390625,528.742919921875,515.2676391601562,522.9677734375,1143875
2023-04-12,471.8880310058594,505.6424865722656,519.7593994140625,501.1507263183594,519.1177368164062,1396338
2023-04-13,465.8996276855469,499.2257080078125,506.2841491699219,492.167236328125,501.79241943359375,1028552
2023-04-14,462.9053649902344,496.0173034667969,506.92584228515625,496.0173034667969,506.92584228515625,790115
2023-04-17,470.09149169921875,503.7174377441406,505.00079345703125,491.5255432128906,491.5255432128906,790115
2023-04-18,471.8880310058594,505.6424865722656,519.7593994140625,503.7174377441406,510.7759094238281,1108031
2023-04-19,506.620849609375,542.8598022460938,545.426513671875,510.13421630859375,510.13421630859375,2329828
2023-04-20,472.48681640625,506.2841491699219,540.9347534179688,500.5090637207031,540.9347534179688,1767240
2023-04-21,425.7771301269531,456.2332458496094,502.43408203125,456.2332458496094,498.5840148925781,9362947
2023-04-24,434.1609191894531,465.21673583984375,486.3921203613281,448.5331115722656,448.5331115722656,7477267
2023-04-25,421.5852355957031,451.74151611328125,479.975341796875,437.62457275390625,472.9168701171875,8264266
2023-04-26,425.17828369140625,455.5915832519531,464.5750732421875,442.1163330078125,458.7999572753906,6445597
2023-04-27,440.14935302734375,471.6335144042969,476.1252746582031,455.5915832519531,462.00836181640625,4994714
2023-04-28,437.1551513671875,468.4251403808594,484.46710205078125,468.4251403808594,478.6919860839844,4361999
2023-05-02,453.9226989746094,486.3921203613281,488.9588317871094,470.35015869140625,470.35015869140625,4103302
2023-05-03,458.7134704589844,491.5255432128906,499.86737060546875,476.1252746582031,485.1087646484375,5018091
2023-05-04,501.2313232421875,537.084716796875,540.2930908203125,496.0173034667969,497.3006591796875,11290704
2023-05-05,498.2370910644531,533.8763427734375,545.426513671875,528.1011962890625,541.5764770507812,6796240
2023-05-08,467.0973205566406,500.5090637207031,540.2930908203125,500.5090637207031,539.009765625,5756779
2023-05-09,466.4984130859375,499.86737060546875,521.6844482421875,494.0922546386719,510.13421630859375,5583795
2023-05-10,468.2949523925781,501.79241943359375,519.1177368164062,497.94232177734375,506.92584228515625,4790562
2023-05-11,461.10882568359375,494.0922546386719,504.359130859375,485.1087646484375,490.8838806152344,6863252
2023-05-12,465.3007507324219,498.5840148925781,503.0757751464844,462.6500244140625,497.94232177734375,8970227
2023-05-15,468.2949523925781,501.79241943359375,535.8013305664062,501.1507263183594,515.9093017578125,12038743
2023-05-16,471.2891845703125,505.00079345703125,518.4760131835938,502.43408203125,508.2091979980469,6020150
2023-05-17,488.0567626953125,522.9677734375,528.1011962890625,501.79241943359375,508.8508605957031,8820619
2023-05-18,477.8764343261719,512.0592651367188,535.15966796875,510.13421630859375,531.3096313476562,9970728
2023-05-19,466.4984130859375,499.86737060546875,521.042724609375,497.94232177734375,514.6259765625,6551569
2023-05-22,473.6845397949219,507.5675048828125,516.551025390625,499.86737060546875,503.0757751464844,4656539
2023-05-23,483.2659912109375,517.8343505859375,519.1177368164062,508.8508605957031,513.9843139648438,3723049
2023-05-24,465.8996276855469,499.2257080078125,522.3261108398438,497.3006591796875,519.1177368164062,6012358
2023-05-25,456.318115234375,488.9588317871094,503.7174377441406,483.8254089355469,497.3006591796875,5346916
2023-05-26,456.318115234375,488.9588317871094,496.0173034667969,484.46710205078125,493.4505920410156,2822286
2023-05-29,467.69610595703125,501.1507263183594,506.92584228515625,486.3921203613281,488.9588317871094,3467469
2023-05-30,455.71923828125,488.3171691894531,510.7759094238281,487.0338134765625,505.00079345703125,5130296
2023-05-31,456.318115234375,488.9588317871094,500.5090637207031,488.3171691894531,489.60052490234375,3112151
2023-06-01,455.71923828125,488.3171691894531,494.73394775390625,487.0338134765625,492.167236328125,1882563
2023-06-02,453.9226989746094,486.3921203613281,501.79241943359375,482.54205322265625,492.167236328125,3765126
2023-06-05,456.318115234375,488.9588317871094,497.3006591796875,487.67547607421875,490.8838806152344,2228531
2023-06-06,449.7308349609375,481.900390625,496.0173034667969,479.33367919921875,493.4505920410156,2194246
2023-06-07,443.1435546875,474.8419189453125,486.3921203613281,474.8419189453125,486.3921203613281,2068014
2023-06-08,434.759765625,465.8584289550781,475.4836120605469,450.4581298828125,472.27520751953125,4793679
2023-06-09,452.126220703125,484.46710205078125,490.2421875,475.4836120605469,478.0503234863281,4848224
2023-06-12,431.1667175292969,462.00836181640625,485.7504577636719,458.1582946777344,484.46710205078125,3523572
2023-06-13,427.57366943359375,458.1582946777344,467.783447265625,456.2332458496094,463.9333801269531,2653977
2023-06-14,428.1725158691406,458.7999572753906,467.14178466796875,452.3831787109375,460.7250061035156,3356822
2023-06-15,435.95745849609375,467.14178466796875,467.14178466796875,456.87493896484375,461.3666687011719,1990093
2023-06-16,426.3759765625,456.87493896484375,470.35015869140625,456.87493896484375,468.4251403808594,2194246
2023-06-19,425.17828369140625,455.5915832519531,461.3666687011719,453.6665344238281,457.5166015625,1187510
2023-06-20,426.9748229980469,457.5166015625,468.4251403808594,456.2332458496094,458.7999572753906,2348528
2023-06-21,421.5852355957031,451.74151611328125,458.7999572753906,449.1747741699219,454.3082275390625,1807759
2023-06-26,434.1609191894531,465.21673583984375,467.14178466796875,445.32470703125,449.1747741699219,2706964
2023-06-27,450.3296813964844,482.54205322265625,490.8838806152344,460.7250061035156,467.14178466796875,6774422
2023-06-28,461.7077331542969,494.73394775390625,503.0757751464844,479.33367919921875,490.2421875,8097515
2023-06-29,460.510009765625,493.4505920410156,508.8508605957031,491.5255432128906,497.3006591796875,5783272
2023-06-30,466.4984130859375,499.86737060546875,507.5675048828125,496.0173034667969,499.2257080078125,4651863
2023-07-03,469.49267578125,503.0757751464844,510.7759094238281,499.86737060546875,507.5675048828125,2780209
2023-07-04,476.67877197265625,510.7759094238281,519.1177368164062,505.00079345703125,507.5675048828125,2995270
2023-07-05,506.0220031738281,542.2181396484375,546.7098999023438,510.7759094238281,515.9093017578125,7316750
2023-07-06,484.86224365234375,514.6259765625,552.4849853515625,514.6259765625,547.3515625,7375970
2023-07-07,486.6759948730469,516.551025390625,526.81787109375,510.7759094238281,519.7593994140625,3573441
2023-07-10,488.4896240234375,518.4760131835938,534.5180053710938,511.4175720214844,527.4595336914062,3408250
2023-07-11,475.7937316894531,505.00079345703125,526.1762084960938,504.359130859375,524.892822265625,3130852
2023-07-12,465.51611328125,494.0922546386719,512.700927734375,494.0922546386719,505.00079345703125,3698114
2023-07-13,459.470458984375,487.67547607421875,499.86737060546875,487.67547607421875,497.94232177734375,2688263
2023-07-14,482.4440002441406,512.0592651367188,512.0592651367188,488.3171691894531,496.6589660644531,3984863
2023-07-17,487.2804870605469,517.1926879882812,528.742919921875,515.2676391601562,520.4010620117188,3713699
2023-07-18,487.8850402832031,517.8343505859375,523.6094970703125,513.9843139648438,521.042724609375,2632160
2023-07-19,536.2503662109375,569.1686401367188,569.1686401367188,524.2511596679688,526.1762084960938,9755667
2023-07-20,577.3609008789062,612.802734375,621.1445922851562,572.3770141601562,583.92724609375,11882902
2023-07-21,595.4978637695312,632.0531005859375,651.303466796875,616.0111083984375,628.2030029296875,10142154
2023-07-24,610.6119995117188,648.0950317382812,657.72021484375,632.0531005859375,651.303466796875,4683032
2023-07-25,607.5892333984375,644.8866577148438,660.9285888671875,633.33642578125,644.8866577148438,3412925
2023-07-26,547.132568359375,580.7188110351562,631.4114379882812,580.7188110351562,610.2360229492188,7653368
2023-07-27,548.3417358398438,582.002197265625,605.7442626953125,582.002197265625,590.343994140625,4616020
2023-07-28,543.5051879882812,576.8687744140625,589.7023315429688,565.960205078125,587.7772827148438,3313186
2023-07-31,545.9234008789062,579.4354858398438,593.5524291992188,575.5853881835938,589.0606689453125,2279958
2023-08-01,539.8777465820312,573.0186767578125,614.0861206054688,570.4519653320312,582.002197265625,6738579
2023-08-02,527.7864379882812,560.1851196289062,587.7772827148438,553.1266479492188,578.152099609375,3726166
2023-08-04,540.4823608398438,573.660400390625,576.2271118164062,547.3515625,565.960205078125,3328770
2023-08-07,544.7142333984375,578.152099609375,589.0606689453125,567.2435913085938,589.0606689453125,2072689
2023-08-08,560.4329833984375,594.8357543945312,601.8942260742188,577.5104370117188,582.002197265625,3634219
2023-08-09,567.6878662109375,602.535888671875,612.802734375,588.4189453125,595.4774169921875,4078367
2023-08-10,562.2557373046875,596.7703247070312,640.9447021484375,595.9368896484375,610.1060180664062,6747627
2023-08-11,544.1944580078125,577.600341796875,612.6064453125,576.7669067382812,607.6055908203125,3124257
2023-08-14,510.4277038574219,541.7608032226562,586.7686157226562,533.426025390625,577.600341796875,4182473
2023-08-15,549.6913452148438,583.4346923828125,595.9368896484375,551.7625122070312,562.5977783203125,4529212
2023-08-16,542.6239624023438,575.9334106445312,600.937744140625,571.7659912109375,586.7686157226562,5355869
2023-08-17,563.8262939453125,598.4373168945312,604.2716674804688,569.2655639648438,580.1007690429688,3521388
2023-08-18,564.6116333007812,599.2708129882812,628.4425048828125,595.1033935546875,617.6072998046875,5370266
2023-08-21,542.6239624023438,575.9334106445312,602.6046752929688,575.0999145507812,600.104248046875,3125456
2023-08-22,530.0595703125,562.5977783203125,585.1016845703125,560.0972900390625,583.4346923828125,2605947
2023-08-23,517.4951782226562,549.2620849609375,567.5986328125,546.7616577148438,567.5986328125,2494366
2023-08-24,511.9982604980469,543.427734375,559.2638549804688,541.7608032226562,552.5960083007812,2290401
2023-08-25,526.91845703125,559.2638549804688,563.4312133789062,544.26123046875,546.7616577148438,3006677
2023-08-28,511.9982604980469,543.427734375,565.931640625,541.7608032226562,562.5977783203125,3114658
2023-08-29,515.1392822265625,546.7616577148438,555.929931640625,543.427734375,546.7616577148438,1512937
2023-08-30,548.120849609375,581.7677612304688,588.435546875,550.9290771484375,550.9290771484375,4105686
2023-08-31,561.4705200195312,595.9368896484375,607.6055908203125,577.600341796875,577.600341796875,4484820
2023-09-01,566.18212890625,600.937744140625,614.2733764648438,595.9368896484375,603.4381713867188,3839332
2023-09-04,572.46435546875,607.6055908203125,616.7738037109375,603.4381713867188,605.9385986328125,2867501
2023-09-05,547.3355712890625,580.9342651367188,615.9403686523438,579.267333984375,612.6064453125,4024100
2023-09-06,537.9122924804688,570.9325561523438,583.4346923828125,567.5986328125,583.4346923828125,2090036
2023-09-07,533.9859008789062,566.76513671875,579.267333984375,562.5977783203125,568.4320678710938,1552530
2023-09-08,526.1331787109375,558.4303588867188,568.4320678710938,555.929931640625,565.0982055664062,1517736
2023-09-11,529.2742309570312,561.7642822265625,581.7677612304688,558.4303588867188,558.4303588867188,2584350
2023-09-12,518.2803955078125,550.0955810546875,572.5994873046875,548.4286499023438,568.4320678710938,2776317
2023-09-13,527.7036743164062,560.0972900390625,560.0972900390625,544.26123046875,550.9290771484375,1228586
2023-09-14,533.2006225585938,565.931640625,573.4329833984375,560.0972900390625,561.7642822265625,1332968
2023-09-15,523.77734375,555.929931640625,570.9325561523438,553.4295043945312,566.76513671875,1952060
2023-09-18,514.3540649414062,545.9281616210938,564.2647094726562,545.9281616210938,556.763427734375,2036046
2023-09-19,507.2865905761719,538.4268798828125,551.7625122070312,536.7599487304688,545.9281616210938,2200417
2023-09-20,507.2865905761719,538.4268798828125,548.4286499023438,536.7599487304688,542.5942993164062,1524934
2023-09-21,498.6485595703125,529.2586059570312,540.9273071289062,529.2586059570312,538.4268798828125,1413354
2023-09-22,501.7897033691406,532.592529296875,532.592529296875,518.4234008789062,525.0912475585938,1356964
2023-09-25,513.5687866210938,545.0947265625,555.929931640625,533.426025390625,534.259521484375,2146426
2023-09-26,500.2192077636719,530.9255981445312,552.5960083007812,530.0921020507812,547.5951538085938,1599322
2023-09-27,505.7160949707031,536.7599487304688,537.5933837890625,526.7581787109375,530.0921020507812,951434
2023-09-28,504.1454772949219,535.0929565429688,548.4286499023438,535.0929565429688,540.0938110351562,1147000
2023-10-02,510.4277038574219,541.7608032226562,542.5942993164062,531.759033203125,537.5933837890625,1185394
2023-10-03,498.6485595703125,529.2586059570312,545.9281616210938,529.2586059570312,545.9281616210938,1105007
2023-10-04,492.366455078125,522.5908203125,527.5916748046875,521.75732421875,525.0912475585938,817058
2023-10-05,499.4338684082031,530.0921020507812,539.2603759765625,525.9246826171875,528.4251708984375,1078612
2023-10-06,493.93695068359375,524.2577514648438,539.2603759765625,523.4242553710938,535.0929565429688,1226186
2023-10-11,486.8695068359375,516.7564697265625,529.2586059570312,516.7564697265625,529.2586059570312,1226186
2023-10-12,486.8695068359375,516.7564697265625,520.0903930664062,512.5890502929688,519.2568969726562,1160198
2023-10-13,465.6671447753906,494.2525329589844,515.9229736328125,493.4190673828125,510.088623046875,2947887
2023-10-16,464.8818664550781,493.4190673828125,502.5873107910156,484.25079345703125,484.25079345703125,1347365
2023-10-17,455.4585876464844,483.4173278808594,499.25341796875,478.41644287109375,499.25341796875,2327595
2023-10-18,436.61199951171875,463.4138488769531,485.9177551269531,463.4138488769531,485.08428955078125,2064841
2023-10-19,454.67333984375,482.5838623046875,495.0860290527344,456.74603271484375,458.4129943847656,3661763
2023-10-20,438.1825256347656,465.080810546875,480.0834045410156,462.58038330078125,475.916015625,1786489
2023-10-23,445.25,472.5821228027344,486.7512512207031,465.080810546875,465.9142761230469,2472770
2023-10-24,453.8880310058594,481.7503662109375,487.584716796875,475.0825500488281,475.0825500488281,2566354
2023-10-25,458.5997009277344,486.7512512207031,495.0860290527344,486.7512512207031,486.7512512207031,1437350
2023-10-26,443.679443359375,470.9151611328125,491.7521057128906,470.9151611328125,483.4173278808594,2056442
2023-10-27,487.6547546386719,517.5899047851562,517.5899047851562,475.0825500488281,475.916015625,5936568
2023-10-30,504.9308166503906,535.9264526367188,545.9281616210938,521.75732421875,529.2586059570312,7637872
2023-10-31,509.6424255371094,540.9273071289062,549.2620849609375,524.2577514648438,540.9273071289062,5351070
2023-11-01,507.2865905761719,538.4268798828125,549.2620849609375,532.592529296875,549.2620849609375,3652165
2023-11-02,506.5013732910156,537.5933837890625,542.5942993164062,525.9246826171875,542.5942993164062,2827908
2023-11-03,499.4338684082031,530.0921020507812,553.4295043945312,529.2586059570312,539.2603759765625,4033699
2023-11-06,516.7098999023438,548.4286499023438,548.4286499023438,522.5908203125,535.9264526367188,3079864
2023-11-07,510.4277038574219,541.7608032226562,561.7642822265625,540.9273071289062,550.0955810546875,4446427
2023-11-08,503.3603210449219,534.259521484375,550.9290771484375,532.592529296875,545.0947265625,2623944
2023-11-09,503.3603210449219,534.259521484375,545.9281616210938,533.426025390625,536.7599487304688,1943662
2023-11-10,484.5137023925781,514.2560424804688,546.7616577148438,514.2560424804688,540.0938110351562,4336046
2023-11-13,480.5873107910156,510.088623046875,520.0903930664062,508.4216613769531,516.7564697265625,1721700
2023-11-14,477.44622802734375,506.7547302246094,514.2560424804688,503.4208068847656,510.088623046875,1565727
2023-11-15,485.2989196777344,515.0894775390625,519.2568969726562,508.4216613769531,510.088623046875,1690506
2023-11-16,493.93695068359375,524.2577514648438,532.592529296875,515.0894775390625,515.9229736328125,2557955
2023-11-17,490.79583740234375,520.923828125,530.9255981445312,520.923828125,526.7581787109375,1350965
2023-11-20,492.366455078125,522.5908203125,535.0929565429688,521.75732421875,527.5916748046875,1895670
2023-11-21,486.8695068359375,516.7564697265625,527.5916748046875,515.0894775390625,527.5916748046875,1745696
2023-11-22,490.0106506347656,520.0903930664062,529.2586059570312,517.5899047851562,521.75732421875,1682107
2023-11-23,507.2865905761719,538.4268798828125,543.427734375,523.4242553710938,525.0912475585938,3979708
2023-11-24,500.2192077636719,530.9255981445312,545.0947265625,530.9255981445312,543.427734375,2187219
2023-11-27,505.7160949707031,536.7599487304688,548.4286499023438,532.592529296875,533.426025390625,3607773
2023-11-28,505.7160949707031,536.7599487304688,540.0938110351562,530.9255981445312,539.2603759765625,1884872
2023-11-29,511.9982604980469,543.427734375,545.0947265625,535.0929565429688,538.4268798828125,1324569
2023-11-30,504.9308166503906,535.9264526367188,548.4286499023438,535.0929565429688,548.4286499023438,1821283
2023-12-01,510.4277038574219,541.7608032226562,553.4295043945312,539.2603759765625,539.2603759765625,4183672
2023-12-04,511.9982604980469,543.427734375,553.4295043945312,540.9273071289062,545.9281616210938,2033646
2023-12-05,491.5811462402344,521.75732421875,548.4286499023438,520.0903930664062,546.7616577148438,3293427
2023-12-06,486.084228515625,515.9229736328125,525.0912475585938,515.0894775390625,523.4242553710938,1643714
2023-12-07,490.0106506347656,520.0903930664062,524.2577514648438,518.4234008789062,521.75732421875,959833
2023-12-08,491.5811462402344,521.75732421875,524.2577514648438,518.4234008789062,521.75732421875,561502
2023-12-11,486.8695068359375,516.7564697265625,526.7581787109375,516.7564697265625,525.0912475585938,783463
2023-12-12,488.4400329589844,518.4234008789062,526.7581787109375,517.5899047851562,523.4242553710938,878247
2023-12-13,491.5811462402344,521.75732421875,524.2577514648438,519.2568969726562,520.923828125,821857
2023-12-14,496.2927551269531,526.7581787109375,539.2603759765625,526.7581787109375,528.4251708984375,2289202
2023-12-15,530.8447875976562,563.4312133789062,569.2655639648438,526.7581787109375,526.7581787109375,6280908
2023-12-18,532.4153442382812,565.0982055664062,579.267333984375,558.4303588867188,571.7659912109375,4957538
2023-12-19,532.4153442382812,565.0982055664062,565.0982055664062,565.0982055664062,565.0982055664062,0
2023-12-20,518.2803955078125,550.0955810546875,565.0982055664062,549.2620849609375,551.7625122070312,2494871
2023-12-21,506.5013732910156,537.5933837890625,549.2620849609375,536.7599487304688,549.2620849609375,1708991
2023-12-22,504.1454772949219,535.0929565429688,540.9273071289062,532.592529296875,538.4268798828125,1165289
2023-12-25,498.6485595703125,529.2586059570312,540.9273071289062,527.5916748046875,540.9273071289062,825870
2023-12-26,506.5013732910156,537.5933837890625,537.5933837890625,530.9255981445312,531.759033203125,593665
2023-12-27,501.0044250488281,531.759033203125,545.0947265625,531.759033203125,538.4268798828125,1146232
2023-12-28,499.4338684082031,530.0921020507812,540.9273071289062,530.0921020507812,534.259521484375,850324
2023-12-29,501.7897033691406,532.592529296875,537.5933837890625,529.2586059570312,533.426025390625,611064
2024-01-02,508.8571472167969,540.0938110351562,540.0938110351562,531.759033203125,535.0929565429688,696314
2024-01-03,500.2192077636719,530.9255981445312,547.5951538085938,530.9255981445312,545.9281616210938,2370644
2024-01-04,496.2927551269531,526.7581787109375,534.259521484375,525.0912475585938,530.9255981445312,1120486
2024-01-05,522.206787109375,554.262939453125,555.096435546875,528.4251708984375,529.2586059570312,4922750
2024-01-08,521.4215087890625,553.4295043945312,564.2647094726562,544.26123046875,558.4303588867188,2800555
2024-01-09,517.4951782226562,549.2620849609375,555.929931640625,546.7616577148438,554.262939453125,1079573
2024-01-10,501.7897033691406,532.592529296875,544.26123046875,530.9255981445312,541.7608032226562,2550427
2024-01-11,507.2865905761719,538.4268798828125,539.2603759765625,534.259521484375,537.5933837890625,938920
2024-01-12,523.77734375,555.929931640625,561.7642822265625,538.4268798828125,542.5942993164062,4034076
2024-01-15,523.77734375,555.929931640625,555.929931640625,555.929931640625,555.929931640625,0
2024-01-16,523.77734375,555.929931640625,555.929931640625,555.929931640625,555.929931640625,0
2024-01-17,532.4153442382812,565.0982055664062,623.441650390625,565.0982055664062,623.441650390625,10750091
2024-01-18,546.5502319335938,580.1007690429688,595.1033935546875,570.9325561523438,576.7669067382812,6033336
2024-01-19,535.556396484375,568.4320678710938,584.2681884765625,567.5986328125,580.9342651367188,3076903
2024-01-22,530.0595703125,562.5977783203125,571.7659912109375,560.0972900390625,570.9325561523438,1520928
2024-01-23,522.9920654296875,555.096435546875,563.4312133789062,555.096435546875,562.5977783203125,1212474
2024-01-24,525.347900390625,557.5968627929688,566.76513671875,554.262939453125,556.763427734375,1696117
2024-01-25,516.7098999023438,548.4286499023438,565.0982055664062,548.4286499023438,560.0972900390625,2030545
2024-01-26,529.2742309570312,561.7642822265625,563.4312133789062,548.4286499023438,549.2620849609375,2272173
2024-01-29,522.206787109375,554.262939453125,559.2638549804688,550.9290771484375,557.5968627929688,1148995
2024-01-30,527.7036743164062,560.0972900390625,563.4312133789062,553.4295043945312,558.4303588867188,1299825
2024-01-31,528.489013671875,560.9307861328125,570.0990600585938,560.0972900390625,563.4312133789062,1339717
2024-02-01,531.630126953125,564.2647094726562,568.4320678710938,558.4303588867188,567.5986328125,1181378
2024-02-02,526.91845703125,559.2638549804688,566.76513671875,556.763427734375,566.76513671875,1178858
2024-02-05,515.9246215820312,547.5951538085938,560.9307861328125,546.7616577148438,557.5968627929688,1526656
2024-02-15,504.9308166503906,535.9264526367188,545.9281616210938,533.426025390625,545.9281616210938,1860359
2024-02-16,506.5013732910156,537.5933837890625,544.26123046875,537.5933837890625,540.0938110351562,1030078
2024-02-19,499.4338684082031,530.0921020507812,544.26123046875,530.0921020507812,540.9273071289062,1305556
2024-02-20,503.3603210449219,534.259521484375,535.9264526367188,529.2586059570312,530.0921020507812,743960
2024-02-21,502.5749816894531,533.426025390625,539.2603759765625,533.426025390625,535.9264526367188,608057
2024-02-22,511.9982604980469,543.427734375,546.7616577148438,530.0921020507812,535.0929565429688,1328509
2024-02-23,507.2865905761719,538.4268798828125,548.4286499023438,538.4268798828125,548.4286499023438,794408
2024-02-26,533.2006225585938,565.931640625,569.2655639648438,542.5942993164062,543.427734375,3056056
2024-02-27,527.7036743164062,560.0972900390625,570.0990600585938,555.096435546875,566.76513671875,1699882
2024-02-29,525.347900390625,557.5968627929688,565.931640625,552.5960083007812,565.931640625,1044834
2024-03-01,524.5626220703125,556.763427734375,564.2647094726562,555.929931640625,559.2638549804688,679768
2024-03-04,530.8447875976562,563.4312133789062,570.0990600585938,557.5968627929688,563.4312133789062,1288766
2024-03-05,541.838623046875,575.0999145507812,584.2681884765625,564.2647094726562,564.2647094726562,3660975
2024-03-06,522.206787109375,554.262939453125,580.1007690429688,553.4295043945312,576.7669067382812,3170919
2024-03-07,517.4951782226562,549.2620849609375,556.763427734375,541.7608032226562,555.096435546875,2076938
2024-03-08,494.7222595214844,525.0912475585938,549.2620849609375,525.0912475585938,542.5942993164062,3290645
2024-03-11,490.79583740234375,520.923828125,525.0912475585938,510.088623046875,516.7564697265625,1475370
2024-03-12,501.0044250488281,531.759033203125,535.0929565429688,521.75732421875,521.75732421875,873550
2024-03-13,491.5811462402344,521.75732421875,535.9264526367188,521.75732421875,535.0929565429688,759198
2024-03-14,491.5811462402344,521.75732421875,532.592529296875,520.923828125,520.923828125,1091102
2024-03-15,492.366455078125,522.5908203125,530.0921020507812,515.0894775390625,525.0912475585938,1215945
2024-03-18,490.0106506347656,520.0903930664062,535.9264526367188,519.2568969726562,529.2586059570312,1236562
2024-03-19,486.8695068359375,516.7564697265625,525.0912475585938,516.7564697265625,519.2568969726562,760907
2024-03-20,487.6547546386719,517.5899047851562,521.75732421875,516.7564697265625,518.4234008789062,575675
2024-03-21,486.084228515625,515.9229736328125,521.75732421875,515.9229736328125,520.0903930664062,612170
2024-03-22,486.8695068359375,516.7564697265625,520.923828125,515.0894775390625,520.0903930664062,508100
2024-03-25,490.79583740234375,520.923828125,529.2586059570312,520.0903930664062,520.923828125,965720
2024-03-26,486.8695068359375,516.7564697265625,527.5916748046875,516.7564697265625,525.0912475585938,537020
2024-03-27,506.5013732910156,537.5933837890625,545.0947265625,518.4234008789062,518.4234008789062,3064712
2024-03-28,507.2865905761719,538.4268798828125,550.9290771484375,538.4268798828125,545.0947265625,2380112
2024-03-29,511.9982604980469,543.427734375,547.5951538085938,540.0938110351562,547.5951538085938,988628
2024-04-01,523.77734375,555.929931640625,561.7642822265625,541.7608032226562,545.9281616210938,2085567
2024-04-02,543.4091796875,576.7669067382812,580.9342651367188,557.5968627929688,560.9307861328125,5587582
2024-04-03,597.593017578125,634.27685546875,634.27685546875,577.600341796875,582.6011962890625,8631098
2024-04-08,580.3170166015625,615.9403686523438,651.7799072265625,615.9403686523438,643.4451293945312,6426050
2024-04-09,595.2372436523438,631.7764282226562,645.945556640625,608.4390258789062,622.608154296875,4224570
2024-04-10,651.7769165039062,691.786865234375,694.2872924804688,608.4390258789062,613.43994140625,9592403
2024-04-11,641.568359375,680.95166015625,704.2890625,669.282958984375,687.6194458007812,6033776
2024-04-12,620.3660278320312,658.44775390625,687.6194458007812,621.7747192382812,682.6185913085938,8564938
2024-04-15,624.2922973632812,662.6151123046875,695.9542846679688,659.2811889648438,659.2811889648438,6037509
2024-04-16,605.4457397460938,642.6116333007812,674.2838134765625,631.7764282226562,673.4503173828125,4139235
2024-04-17,592.0961303710938,628.4425048828125,652.6134033203125,628.4425048828125,645.945556640625,2932135
2024-04-18,574.0348510742188,609.2725219726562,630.1094970703125,609.2725219726562,626.7755737304688,2797083
2024-04-19,554.4029541015625,588.435546875,627.6090698242188,575.0999145507812,612.6064453125,5147068
2024-04-22,563.8262939453125,598.4373168945312,614.2733764648438,586.7686157226562,593.4364624023438,3269353
2024-04-23,589.7402954101562,625.9420776367188,642.6116333007812,601.771240234375,608.4390258789062,5450748
2024-04-24,594.451904296875,630.9429321289062,641.7781982421875,618.4407958984375,631.7764282226562,3213568
2024-04-25,593.6666870117188,630.1094970703125,641.7781982421875,628.4425048828125,631.7764282226562,1831036
2024-04-26,590.5255737304688,626.7755737304688,639.2777709960938,624.275146484375,636.7772827148438,1600611
2024-04-29,614.8690795898438,652.6134033203125,658.44775390625,630.1094970703125,630.9429321289062,2850399
2024-04-30,600.734130859375,637.6107788085938,652.6134033203125,635.94384765625,647.612548828125,1665263
2024-05-02,590.5255737304688,626.7755737304688,650.1129760742188,626.7755737304688,643.4451293945312,1674441
2024-05-03,585.81396484375,621.7747192382812,640.1112060546875,619.2742919921875,635.1103515625,1414735
2024-05-06,582.6728515625,618.4407958984375,644.2786254882812,618.4407958984375,629.2760009765625,2830450
2024-05-07,564.6116333007812,599.2708129882812,619.2742919921875,587.6021118164062,619.2742919921875,2961256
2024-05-08,583.4581298828125,619.2742919921875,630.9429321289062,597.6038208007812,599.2708129882812,2315833
2024-05-09,561.4705200195312,595.9368896484375,651.7799072265625,592.6029663085938,641.7781982421875,5370902
2024-05-10,559.89990234375,594.2698974609375,609.2725219726562,583.4346923828125,604.2716674804688,2434127
2024-05-13,555.9735717773438,590.1025390625,612.6064453125,588.435546875,602.6046752929688,2131950
2024-05-14,557.5440673828125,591.7694702148438,595.9368896484375,579.267333984375,590.93603515625,1762365
2024-05-15,571.6790771484375,606.7720947265625,615.1068725585938,600.104248046875,608.4390258789062,2326134
2024-05-16,581.8875122070312,617.6072998046875,620.9412231445312,609.2725219726562,612.6064453125,1609173
2024-05-17,628.21875,666.7825317382812,670.9498901367188,609.2725219726562,625.9420776367188,7816256
2024-05-20,618.0101318359375,655.9473266601562,678.4512329101562,650.1129760742188,675.9508056640625,4768736
2024-05-21,602.3046875,639.2777709960938,662.6151123046875,637.6107788085938,660.9481811523438,3085393
2024-05-22,599.9488525390625,636.7772827148438,642.6116333007812,628.4425048828125,638.4442749023438,1739433
2024-05-23,603.0899658203125,640.1112060546875,665.9490356445312,635.1103515625,636.7772827148438,4261908
2024-05-24,590.5255737304688,626.7755737304688,641.7781982421875,626.7755737304688,639.2777709960938,2289416
2024-05-27,597.593017578125,634.27685546875,638.4442749023438,621.7747192382812,626.7755737304688,1726176
2024-05-28,585.0286254882812,620.9412231445312,638.4442749023438,616.7738037109375,637.6107788085938,2482540
2024-05-29,578.7465209960938,614.2733764648438,623.441650390625,610.9395141601562,619.2742919921875,1337041
2024-05-30,573.2496337890625,608.4390258789062,625.1085815429688,607.6055908203125,610.9395141601562,1592088
2024-05-31,599.9488525390625,636.7772827148438,648.4459838867188,610.1060180664062,610.1060180664062,4345528
2024-06-03,602.3046875,639.2777709960938,646.779052734375,628.4425048828125,635.94384765625,2155183
2024-06-04,588.1697387695312,624.275146484375,638.4442749023438,622.608154296875,631.7764282226562,2572071
2024-06-05,616.4395751953125,654.2803344726562,661.7816772460938,627.6090698242188,628.4425048828125,4501660
2024-06-06,614.0838012695312,651.7799072265625,661.7816772460938,643.4451293945312,655.1138305664062,2212120
2024-06-07,607.0162963867188,644.2786254882812,665.1155395507812,641.7781982421875,653.4468994140625,2819859
2024-06-11,600.734130859375,637.6107788085938,653.4468994140625,635.1103515625,645.112060546875,1668214
2024-06-12,603.0899658203125,640.1112060546875,660.1146850585938,637.6107788085938,647.612548828125,3152750
2024-06-13,607.0162963867188,644.2786254882812,655.9473266601562,637.6107788085938,641.7781982421875,1850696
2024-06-14,612.5132446289062,650.1129760742188,655.1138305664062,642.6116333007812,646.779052734375,1209517
2024-06-17,606.2310791015625,643.4451293945312,665.1155395507812,641.7781982421875,655.1138305664062,2840837
2024-06-18,613.2984619140625,650.9464111328125,656.78076171875,643.4451293945312,645.112060546875,1869168
2024-06-19,610.1574096679688,647.612548828125,657.6142578125,644.2786254882812,655.1138305664062,2062737
2024-06-20,621.1511840820312,659.2811889648438,660.9481811523438,651.7799072265625,653.4468994140625,2291313
2024-06-21,608.5868530273438,645.945556640625,692.620361328125,645.945556640625,674.2838134765625,8067146
2024-06-24,600.734130859375,637.6107788085938,650.1129760742188,635.1103515625,647.612548828125,1552933
2024-06-25,599.16357421875,635.94384765625,653.4468994140625,631.7764282226562,647.612548828125,2271027
2024-06-26,632.14501953125,670.9498901367188,674.2838134765625,639.2777709960938,639.2777709960938,5457999
2024-06-27,619.5806884765625,657.6142578125,680.1181640625,655.1138305664062,666.7825317382812,2409679
2024-06-28,650.99169921875,690.953369140625,690.953369140625,658.44775390625,661.7816772460938,3750652
2024-07-01,691.04052734375,733.4607543945312,742.6290283203125,687.6194458007812,692.620361328125,6112697
2024-07-02,673.7645263671875,715.124267578125,733.4607543945312,710.9568481445312,729.2933959960938,2882405
2024-07-03,683.97314453125,725.95947265625,745.9629516601562,711.7903442382812,718.4581909179688,4177294
2024-07-04,676.9056396484375,718.4581909179688,739.2951049804688,704.2890625,728.4598999023438,3799053
2024-07-05,687.8994140625,730.1268310546875,736.794677734375,719.2916259765625,721.7920532226562,1864184
2024-07-08,704.3901977539062,747.6298828125,760.132080078125,726.79296875,735.961181640625,3358930
2024-07-09,689.4700317382812,731.7938232421875,761.7990112304688,723.4590454101562,750.1303100585938,2860659
2024-07-10,680.0466918945312,721.7920532226562,741.7955322265625,718.4581909179688,740.1286010742188,2325061
2024-07-11,671.4087524414062,712.6238403320312,725.95947265625,712.6238403320312,725.1259765625,1482744
2024-07-12,675.3350830078125,716.7911987304688,724.2925415039062,710.9568481445312,714.290771484375,1197545
2024-07-15,742.86865234375,788.4703369140625,788.4703369140625,720.1251220703125,723.4590454101562,6775797
2024-07-16,735.8012084960938,780.9690551757812,812.6411743164062,776.8016357421875,791.8042602539062,5886980
2024-07-17,749.9360961914062,795.9716186523438,811.8077392578125,779.3020629882812,785.9699096679688,3218547
2024-07-18,721.666259765625,765.9664306640625,811.8077392578125,745.1294555664062,805.139892578125,5103445
2024-07-19,706.7460327148438,750.1303100585938,783.469482421875,750.1303100585938,775.1347045898438,2314612
2024-07-22,687.8994140625,730.1268310546875,766.7999267578125,726.79296875,755.9646606445312,2550003
2024-07-23,703.60498046875,746.7964477539062,752.6307983398438,732.6273193359375,740.1286010742188,1608582
2024-07-26,687.8994140625,730.1268310546875,744.2959594726562,717.6246948242188,731.7938232421875,1658634
2024-07-29,653.3474731445312,693.4537963867188,746.7964477539062,691.786865234375,737.628173828125,2669304
2024-07-30,650.2064208984375,690.1199340820312,698.4547119140625,669.282958984375,693.4537963867188,2039045
2024-07-31,643.9241943359375,683.4520874023438,693.4537963867188,677.6177368164062,688.4529418945312,792026
2024-08-01,650.99169921875,690.953369140625,696.7877197265625,685.1190185546875,692.620361328125,870038
2024-08-02,619.5806884765625,657.6142578125,683.4520874023438,656.78076171875,683.4520874023438,1728549
2024-08-05,561.4705200195312,595.9368896484375,630.9429321289062,592.6029663085938,630.1094970703125,2795533
2024-08-06,589.7402954101562,625.9420776367188,641.7781982421875,593.4364624023438,625.1085815429688,3338786
2024-08-07,612.5132446289062,650.1129760742188,659.2811889648438,631.7764282226562,633.4434204101562,1502644
2024-08-08,605.4457397460938,642.6116333007812,655.1138305664062,629.2760009765625,645.945556640625,1387915
2024-08-09,614.8690795898438,652.6134033203125,673.4503173828125,649.2794799804688,660.1146850585938,1537596
2024-08-12,617.2615356445312,645.112060546875,653.4468994140625,642.6116333007812,653.4468994140625,1279624
2024-08-13,615.6665649414062,643.4451293945312,653.4468994140625,640.9447021484375,649.2794799804688,988493
2024-08-14,596.526611328125,623.441650390625,657.6142578125,617.6072998046875,654.2803344726562,4001670
2024-08-15,598.9191284179688,625.9420776367188,639.2777709960938,620.9412231445312,620.9412231445312,1854451
2024-08-16,590.9442138671875,617.6072998046875,642.6116333007812,615.1068725585938,632.6099243164062,2688555
2024-08-19,586.1592407226562,612.6064453125,623.441650390625,609.2725219726562,620.9412231445312,1800912
2024-08-20,618.8565063476562,646.779052734375,655.1138305664062,613.43994140625,615.9403686523438,3930304
2024-08-21,620.4515380859375,648.4459838867188,665.1155395507812,642.6116333007812,658.44775390625,3737662
2024-08-22,618.05908203125,645.945556640625,651.7799072265625,636.7772827148438,650.1129760742188,1736263
2024-08-23,612.4765625,640.1112060546875,645.112060546875,635.94384765625,645.112060546875,914679
2024-08-26,614.071533203125,641.7781982421875,657.6142578125,641.7781982421875,641.7781982421875,1368606
2024-08-27,614.071533203125,641.7781982421875,641.7781982421875,641.7781982421875,641.7781982421875,0
2024-08-28,606.0966186523438,633.4434204101562,661.7816772460938,633.4434204101562,656.78076171875,2835061
2024-08-29,591.74169921875,618.4407958984375,642.6116333007812,615.9403686523438,641.7781982421875,2237681
2024-08-30,596.526611328125,623.441650390625,645.945556640625,621.7747192382812,624.275146484375,2908770
2024-09-02,606.0966186523438,633.4434204101562,640.1112060546875,628.4425048828125,630.1094970703125,1546501
2024-09-03,591.74169921875,618.4407958984375,636.7772827148438,616.7738037109375,630.1094970703125,1390852
2024-09-04,570.2092895507812,595.9368896484375,603.4381713867188,583.4346923828125,600.104248046875,1702388
2024-09-05,563.0318603515625,588.435546875,605.1051635742188,588.435546875,604.2716674804688,912290
2024-09-06,586.1592407226562,612.6064453125,619.2742919921875,590.93603515625,590.93603515625,1397160
2024-09-09,579.7792358398438,605.9385986328125,615.9403686523438,601.771240234375,609.2725219726562,1193888
2024-09-10,608.4891357421875,635.94384765625,654.2803344726562,614.2733764648438,617.6072998046875,3841184
2024-09-11,608.4891357421875,635.94384765625,636.7772827148438,627.6090698242188,636.7772827148438,1448967
2024-09-12,612.4765625,640.1112060546875,642.6116333007812,631.7764282226562,638.4442749023438,1206090
2024-09-13,598.9191284179688,625.9420776367188,648.4459838867188,625.9420776367188,645.112060546875,1579071
2024-09-16,594.9317016601562,621.7747192382812,628.4425048828125,617.6072998046875,625.1085815429688,753927
2024-09-18,598.9191284179688,625.9420776367188,635.1103515625,620.9412231445312,623.441650390625,1041266
2024-09-19,606.8941040039062,634.27685546875,640.1112060546875,627.6090698242188,627.6090698242188,844991
2024-09-20,608.4891357421875,635.94384765625,645.945556640625,632.6099243164062,637.6107788085938,1130633
2024-09-23,604.5016479492188,631.7764282226562,639.2777709960938,626.7755737304688,637.6107788085938,718020
2024-09-24,595.7291870117188,622.608154296875,636.7772827148438,618.4407958984375,633.4434204101562,1209139
2024-09-25,598.9191284179688,625.9420776367188,627.6090698242188,618.4407958984375,625.9420776367188,905096
2024-09-26,598.1216430664062,625.1085815429688,631.7764282226562,621.7747192382812,627.6090698242188,638415
2024-09-27,603.7041015625,630.9429321289062,645.112060546875,623.441650390625,623.441650390625,1487082
2024-09-30,598.1216430664062,625.1085815429688,637.6107788085938,622.608154296875,630.9429321289062,960701
2024-10-01,594.9317016601562,621.7747192382812,628.4425048828125,620.9412231445312,626.7755737304688,517656
2024-10-04,586.1592407226562,612.6064453125,621.7747192382812,610.9395141601562,620.1077270507812,755159
2024-10-07,594.1342163085938,620.9412231445312,620.9412231445312,610.9395141601562,616.7738037109375,382053
2024-10-08,591.74169921875,618.4407958984375,619.2742919921875,612.6064453125,618.4407958984375,323156
2024-10-09,586.1592407226562,612.6064453125,635.1103515625,612.6064453125,628.4425048828125,1909768
2024-10-11,578.9817504882812,605.1051635742188,616.7738037109375,602.6046752929688,614.2733764648438,942734
2024-10-14,598.1216430664062,625.1085815429688,628.4425048828125,605.9385986328125,607.6055908203125,1068835
2024-10-15,597.3241577148438,624.275146484375,627.6090698242188,619.2742919921875,625.1085815429688,515531
2024-10-16,588.5516967773438,615.1068725585938,630.1094970703125,613.43994140625,624.275146484375,1062961
2024-10-17,593.336669921875,620.1077270507812,631.7764282226562,617.6072998046875,619.2742919921875,844719
2024-10-18,590.9442138671875,617.6072998046875,625.9420776367188,615.1068725585938,620.9412231445312,467363
2024-10-21,587.754150390625,614.2733764648438,620.1077270507812,610.1060180664062,617.6072998046875,908981
2024-10-22,589.3492431640625,615.9403686523438,618.4407958984375,610.9395141601562,615.9403686523438,484954
2024-10-23,593.336669921875,620.1077270507812,629.2760009765625,616.7738037109375,617.6072998046875,1134768
2024-10-24,594.1342163085938,620.9412231445312,635.1103515625,620.1077270507812,620.9412231445312,1600441
2024-10-25,589.3492431640625,615.9403686523438,627.6090698242188,612.6064453125,625.1085815429688,1105411
2024-10-28,596.526611328125,623.441650390625,628.4425048828125,618.4407958984375,618.4407958984375,803411
2024-10-29,586.9567260742188,613.43994140625,630.9429321289062,605.1051635742188,625.1085815429688,1549344
2024-10-30,577.3867797851562,603.4381713867188,617.6072998046875,603.4381713867188,613.43994140625,1056759
2024-11-01,576.5892944335938,602.6046752929688,605.1051635742188,595.1033935546875,603.4381713867188,604139
2024-11-04,571.0067749023438,596.7703247070312,610.1060180664062,590.93603515625,600.937744140625,1314068
2024-11-05,584.5642700195312,610.9395141601562,613.43994140625,596.7703247070312,596.7703247070312,1229371
2024-11-06,573.3992919921875,599.2708129882812,610.9395141601562,594.2698974609375,608.4390258789062,1510797
2024-11-07,579.7792358398438,605.9385986328125,615.1068725585938,600.104248046875,600.937744140625,925547
2024-11-08,598.9191284179688,625.9420776367188,635.94384765625,614.2733764648438,616.7738037109375,2462794
2024-11-11,614.071533203125,641.7781982421875,643.4451293945312,620.1077270507812,630.9429321289062,1836752
2024-11-12,615.6665649414062,643.4451293945312,655.9473266601562,635.1103515625,641.7781982421875,2022027
2024-11-13,619.654052734375,647.612548828125,652.6134033203125,641.7781982421875,647.612548828125,1820762
2024-11-14,618.05908203125,645.945556640625,681.78515625,645.945556640625,665.9490356445312,5227953
2024-11-15,614.071533203125,641.7781982421875,650.9464111328125,630.9429321289062,649.2794799804688,1576917
2024-11-18,606.0966186523438,633.4434204101562,641.7781982421875,630.1094970703125,639.2777709960938,737371
2024-11-19,598.1216430664062,625.1085815429688,636.7772827148438,615.9403686523438,633.4434204101562,1775278
2024-11-20,632.4139404296875,660.9481811523438,660.9481811523438,660.9481811523438,660.9481811523438,2399
2024-11-21,622.0465698242188,650.1129760742188,666.7825317382812,648.4459838867188,658.44775390625,1620100
2024-11-22,628.4264526367188,656.78076171875,665.1155395507812,648.4459838867188,650.1129760742188,1383087
2024-11-25,634.8064575195312,663.4486083984375,669.282958984375,655.1138305664062,660.9481811523438,1420285
2024-11-26,622.0465698242188,650.1129760742188,664.2821044921875,650.1129760742188,660.1146850585938,901092
2024-11-27,630.021484375,658.44775390625,661.7816772460938,650.9464111328125,652.6134033203125,875319
2024-11-28,623.6414794921875,651.7799072265625,670.9498901367188,644.2786254882812,663.4486083984375,2089662
2024-11-29,685.84619140625,716.7911987304688,716.7911987304688,648.4459838867188,651.7799072265625,4710297
2024-12-02,674.6812133789062,705.1224975585938,730.9603271484375,702.6220703125,724.2925415039062,6233943
2024-12-03,675.478759765625,705.9559936523438,720.1251220703125,696.7877197265625,712.6238403320312,2052578
2024-12-04,680.263671875,710.9568481445312,720.1251220703125,704.2890625,708.4564208984375,1660254
2024-12-05,686.6436157226562,717.6246948242188,732.6273193359375,708.4564208984375,711.7903442382812,2485056
2024-12-06,656.3388061523438,685.9525146484375,725.95947265625,677.6177368164062,721.7920532226562,4142396
2024-12-09,621.2490234375,649.2794799804688,661.7816772460938,645.945556640625,661.7816772460938,3243851
2024-12-10,611.6791381835938,639.2777709960938,658.44775390625,638.4442749023438,649.2794799804688,1558638
2024-12-11,602.109130859375,629.2760009765625,643.4451293945312,627.6090698242188,640.1112060546875,1590719
2024-12-12,603.7041015625,630.9429321289062,637.6107788085938,627.6090698242188,632.6099243164062,1114803
2024-12-13,598.9191284179688,625.9420776367188,633.4434204101562,622.608154296875,633.4434204101562,768422
2024-12-16,590.1466674804688,616.7738037109375,627.6090698242188,616.7738037109375,622.608154296875,1013699
2024-12-17,590.9442138671875,617.6072998046875,625.1085815429688,617.6072998046875,619.2742919921875,672115
2024-12-18,597.3241577148438,624.275146484375,628.4425048828125,618.4407958984375,618.4407958984375,885519
2024-12-19,593.336669921875,620.1077270507812,625.9420776367188,612.6064453125,616.7738037109375,686657
2024-12-20,587.754150390625,614.2733764648438,623.441650390625,611.77294921875,618.4407958984375,981040
2024-12-23,593.336669921875,620.1077270507812,627.6090698242188,619.2742919921875,620.1077270507812,600333
2024-12-24,597.3241577148438,624.275146484375,631.7764282226562,623.441650390625,623.441650390625,722256
2024-12-25,589.3492431640625,615.9403686523438,629.2760009765625,615.9403686523438,627.6090698242188,790932
2024-12-26,602.109130859375,629.2760009765625,635.94384765625,620.1077270507812,620.9412231445312,1182311
2024-12-27,597.3241577148438,624.275146484375,639.2777709960938,624.275146484375,630.9429321289062,699273
2024-12-30,595.7291870117188,622.608154296875,630.1094970703125,622.608154296875,624.275146484375,440972
2024-12-31,599.7166748046875,626.7755737304688,627.6090698242188,620.1077270507812,621.7747192382812,307314
2025-01-02,590.9442138671875,617.6072998046875,631.7764282226562,617.6072998046875,628.4425048828125,459111
2025-01-03,595.7291870117188,622.608154296875,623.441650390625,618.4407958984375,619.2742919921875,300343
2025-01-06,602.9066772460938,630.1094970703125,643.4451293945312,625.9420776367188,625.9420776367188,1255441
2025-01-07,610.881591796875,638.4442749023438,644.2786254882812,634.27685546875,634.27685546875,962562
2025-01-08,609.28662109375,636.7772827148438,650.1129760742188,635.1103515625,641.7781982421875,916131
2025-01-09,618.05908203125,645.945556640625,654.2803344726562,635.94384765625,638.4442749023438,1674751
2025-01-10,638.7939453125,667.6160278320312,675.1173095703125,646.779052734375,650.1129760742188,3345305
2025-01-13,637.1989135742188,665.9490356445312,678.4512329101562,656.78076171875,663.4486083984375,2695887
2025-01-14,642.7813720703125,671.7833862304688,688.4529418945312,666.7825317382812,668.449462890625,2616978
2025-01-15,626.0339965820312,654.2803344726562,676.7842407226562,654.2803344726562,671.7833862304688,1258768
2025-01-16,632.4139404296875,660.9481811523438,669.282958984375,655.9473266601562,665.9490356445312,829870
2025-01-17,623.6414794921875,651.7799072265625,675.1173095703125,650.1129760742188,665.9490356445312,1264240
2025-01-20,630.8189697265625,659.2811889648438,660.9481811523438,640.9447021484375,656.78076171875,809027
2025-01-21,652.3513793945312,681.78515625,685.9525146484375,660.1146850585938,661.7816772460938,1741079
2025-01-22,641.1864013671875,670.116455078125,701.78857421875,670.116455078125,685.9525146484375,2898901
2025-02-03,662.7188110351562,692.620361328125,701.78857421875,660.9481811523438,662.6151123046875,2464196
2025-02-04,673.0862426757812,703.45556640625,706.7894897460938,688.4529418945312,693.4537963867188,1857826
2025-02-05,689.0361328125,720.1251220703125,724.2925415039062,700.9551391601562,704.2890625,2618507
2025-02-06,693.8211059570312,725.1259765625,729.2933959960938,713.457275390625,721.7920532226562,1865042
2025-02-07,681.0612182617188,711.7903442382812,723.4590454101562,702.6220703125,717.6246948242188,1876637
2025-02-10,668.30126953125,698.4547119140625,705.9559936523438,691.786865234375,705.9559936523438,1349603
2025-02-11,684.251220703125,715.124267578125,715.124267578125,692.620361328125,700.9551391601562,1470745
2025-02-12,704.9860229492188,736.794677734375,762.6325073242188,713.457275390625,713.457275390625,3836094
2025-02-13,694.61865234375,725.95947265625,740.9620971679688,723.4590454101562,740.9620971679688,1406793
2025-02-14,721.7334594726562,754.2977294921875,758.465087890625,730.1268310546875,730.1268310546875,2692861
2025-02-17,711.3660278320312,743.4625244140625,768.4668579101562,741.7955322265625,758.465087890625,2089728
2025-02-18,702.5935668945312,734.2942504882812,745.1294555664062,730.9603271484375,739.2951049804688,1118913
2025-02-19,698.6060791015625,730.1268310546875,743.4625244140625,728.4598999023438,738.461669921875,980924
2025-02-20,692.2261352539062,723.4590454101562,736.794677734375,711.7903442382812,736.794677734375,1434507
2025-02-21,696.2135620117188,727.6264038085938,734.2942504882812,725.95947265625,729.2933959960938,639048
2025-02-24,721.7334594726562,754.2977294921875,760.965576171875,731.7938232421875,732.6273193359375,2538065
2025-02-25,702.5935668945312,734.2942504882812,758.465087890625,734.2942504882812,749.296875,1547216
2025-02-26,720.1384887695312,752.6307983398438,762.6325073242188,736.794677734375,736.794677734375,1833635
2025-02-27,717.7459716796875,750.1303100585938,760.132080078125,742.6290283203125,751.7973022460938,928826
2025-03-03,711.3660278320312,743.4625244140625,763.4660034179688,739.2951049804688,750.9638061523438,1268475
2025-03-04,714.5560302734375,746.7964477539062,749.296875,729.2933959960938,740.1286010742188,1162960
2025-03-05,711.3660278320312,743.4625244140625,755.1312255859375,740.9620971679688,749.296875,941820
2025-03-06,662.7188110351562,692.620361328125,746.7964477539062,685.9525146484375,743.4625244140625,4911854
2025-03-07,653.1488647460938,682.6185913085938,697.6212158203125,682.6185913085938,688.4529418945312,1550978
2025-03-10,639.5914306640625,668.449462890625,690.1199340820312,668.449462890625,684.2855834960938,1698773
2025-03-11,625.2365112304688,653.4468994140625,663.4486083984375,645.945556640625,651.7799072265625,1641020
2025-03-12,624.4390258789062,652.6134033203125,666.7825317382812,652.6134033203125,666.7825317382812,1390025
2025-03-13,629.2239990234375,657.6142578125,663.4486083984375,651.7799072265625,658.44775390625,1089495
2025-03-14,619.654052734375,647.612548828125,664.2821044921875,642.6116333007812,658.44775390625,1356604
2025-03-17,619.654052734375,647.612548828125,655.1138305664062,645.112060546875,650.1129760742188,741862
2025-03-18,621.2490234375,649.2794799804688,654.2803344726562,647.612548828125,650.9464111328125,517281
2025-03-19,610.881591796875,638.4442749023438,655.9473266601562,636.7772827148438,652.6134033203125,1156471
2025-03-20,615.6665649414062,643.4451293945312,650.1129760742188,640.1112060546875,640.1112060546875,514217
2025-03-21,622.0465698242188,650.1129760742188,650.9464111328125,644.2786254882812,644.2786254882812,424023
2025-03-24,621.2490234375,649.2794799804688,654.2803344726562,646.779052734375,653.4468994140625,410050
2025-03-25,625.2365112304688,653.4468994140625,655.9473266601562,648.4459838867188,653.4468994140625,372562
2025-03-26,614.8690185546875,642.6116333007812,656.78076171875,641.7781982421875,655.9473266601562,790876
2025-03-27,598.1216430664062,625.1085815429688,642.6116333007812,617.6072998046875,642.6116333007812,2171639
2025-03-28,574.9942626953125,600.937744140625,622.608154296875,600.104248046875,621.7747192382812,1825327
2025-03-31,538.3095092773438,562.5977783203125,586.7686157226562,560.9307861328125,579.267333984375,2357539
2025-04-01,556.6519165039062,581.7677612304688,582.6011962890625,567.5986328125,571.7659912109375,915097
2025-04-02,551.866943359375,576.7669067382812,583.4346923828125,567.5986328125,583.4346923828125,922038
2025-04-07,496.8397521972656,519.2568969726562,519.2568969726562,519.2568969726562,519.2568969726562,264906
2025-04-08,513.587158203125,536.7599487304688,536.7599487304688,468.41473388671875,468.41473388671875,2671695
2025-04-09,508.8021545410156,531.759033203125,580.9342651367188,519.2568969726562,520.923828125,4824158
2025-04-10,559.04443359375,584.2681884765625,584.2681884765625,584.2681884765625,584.2681884765625,511361
2025-04-11,546.284423828125,570.9325561523438,580.9342651367188,563.4312133789062,566.76513671875,1943209
2025-04-14,550.27197265625,575.0999145507812,582.6011962890625,566.76513671875,578.433837890625,1515354
2025-04-15,551.0693969726562,575.9334106445312,582.6011962890625,575.0999145507812,581.7677612304688,1186533
2025-04-16,531.9295654296875,555.929931640625,575.9334106445312,555.929931640625,575.9334106445312,981197
2025-04-17,541.4994506835938,565.931640625,575.9334106445312,540.9273071289062,553.4295043945312,1156223
2025-04-18,541.4994506835938,565.931640625,572.5994873046875,562.5977783203125,566.76513671875,591510
2025-04-21,522.3595581054688,545.9281616210938,571.7659912109375,545.9281616210938,568.4320678710938,716139
2025-04-22,522.3595581054688,545.9281616210938,562.5977783203125,538.4268798828125,538.4268798828125,1021351
2025-04-23,538.3095092773438,562.5977783203125,562.5977783203125,553.4295043945312,561.7642822265625,712412
2025-04-24,535.1195068359375,559.2638549804688,569.2655639648438,557.5968627929688,569.2655639648438,478338
2025-04-25,545.4869995117188,570.0990600585938,574.2664184570312,566.76513671875,566.76513671875,660342
2025-04-28,549.4744262695312,574.2664184570312,577.600341796875,571.7659912109375,572.5994873046875,398540
2025-04-29,570.2092895507812,595.9368896484375,598.4373168945312,574.2664184570312,575.9334106445312,1250768
2025-04-30,567.81689453125,593.4364624023438,600.104248046875,591.7694702148438,598.4373168945312,634333
2025-05-02,573.3992919921875,599.2708129882812,603.4381713867188,596.7703247070312,601.771240234375,587299
2025-05-05,555.8543701171875,580.9342651367188,606.7720947265625,570.9325561523438,604.2716674804688,1176247
2025-05-06,563.0318603515625,588.435546875,588.435546875,577.600341796875,583.4346923828125,672412
2025-05-07,558.2468872070312,583.4346923828125,590.93603515625,582.6011962890625,589.26904296875,500768
2025-05-08,570.2092895507812,595.9368896484375,597.6038208007812,585.1016845703125,585.9351196289062,492597
2025-05-09,573.3992919921875,599.2708129882812,608.4390258789062,592.6029663085938,608.4390258789062,662378
2025-05-12,567.81689453125,593.4364624023438,595.1033935546875,578.433837890625,589.26904296875,1019140
2025-05-13,564.6268310546875,590.1025390625,600.937744140625,585.9351196289062,600.104248046875,1159948
2025-05-14,584.5642700195312,610.9395141601562,611.77294921875,591.7694702148438,593.4364624023438,1091792
2025-05-15,570.2092895507812,595.9368896484375,602.6046752929688,591.7694702148438,600.937744140625,1472506
2025-05-16,569.4118041992188,595.1033935546875,600.937744140625,592.6029663085938,600.104248046875,659308
2025-05-19,572.601806640625,598.4373168945312,621.7747192382812,592.6029663085938,595.9368896484375,2112288
2025-05-20,605.299072265625,632.6099243164062,636.7772827148438,605.9385986328125,605.9385986328125,3267890
2025-05-21,625.2365112304688,653.4468994140625,660.9481811523438,631.7764282226562,637.6107788085938,2823242
2025-05-22,633.2114868164062,661.7816772460938,663.4486083984375,645.945556640625,645.945556640625,1957810
2025-05-23,620.4515380859375,648.4459838867188,667.6160278320312,640.9447021484375,665.9490356445312,1636444
2025-05-26,618.05908203125,645.945556640625,657.6142578125,645.112060546875,651.7799072265625,765534
2025-05-27,613.2741088867188,640.9447021484375,655.1138305664062,639.2777709960938,643.4451293945312,1007427
2025-05-28,611.6791381835938,639.2777709960938,654.2803344726562,636.7772827148438,652.6134033203125,961790
2025-05-29,614.071533203125,641.7781982421875,662.6151123046875,640.1112060546875,658.44775390625,1344980
2025-06-02,626.83154296875,655.1138305664062,666.7825317382812,646.779052734375,659.2811889648438,3423673
2025-06-03,655.5413208007812,685.1190185546875,704.2890625,651.7799072265625,651.7799072265625,4057838
2025-06-04,654.7438354492188,684.2855834960938,698.4547119140625,677.6177368164062,690.953369140625,2206325
2025-06-05,664.3137817382812,694.2872924804688,704.2890625,685.1190185546875,686.7860107421875,1760782
2025-06-06,661.9213256835938,691.786865234375,700.1216430664062,685.1190185546875,694.2872924804688,1040913
2025-06-09,658.7313232421875,688.4529418945312,690.1199340820312,666.7825317382812,686.7860107421875,1752392
2025-06-10,647.5663452148438,676.7842407226562,694.2872924804688,676.7842407226562,688.4529418945312,1504724
2025-06-11,657.1363525390625,686.7860107421875,694.2872924804688,678.4512329101562,683.4520874023438,1189020
2025-06-12,647.5663452148438,676.7842407226562,696.7877197265625,676.7842407226562,689.2864379882812,1225537
2025-06-13,645.1738891601562,674.2838134765625,687.6194458007812,672.6168823242188,680.95166015625,1011131
2025-06-16,633.2114868164062,661.7816772460938,676.7842407226562,660.1146850585938,674.2838134765625,1160866
2025-06-17,638.7939453125,667.6160278320312,672.6168823242188,665.9490356445312,669.282958984375,451318
2025-06-18,634.0089111328125,662.6151123046875,668.449462890625,655.9473266601562,657.6142578125,857021
2025-06-19,634.8064575195312,663.4486083984375,676.7842407226562,662.6151123046875,667.6160278320312,1129236
2025-06-20,653.4772338867188,670.9498901367188,683.4520874023438,643.4451293945312,659.2811889648438,2491590
2025-06-23,646.9830932617188,664.2821044921875,676.7842407226562,662.6151123046875,670.9498901367188,1070391
2025-06-24,661.594970703125,679.28466796875,681.78515625,666.7825317382812,666.7825317382812,1422444
2025-06-25,660.783203125,678.4512329101562,694.2872924804688,678.4512329101562,682.6185913085938,1258905
2025-06-26,659.15966796875,676.7842407226562,685.1190185546875,675.9508056640625,683.4520874023438,678615
2025-06-27,663.218505859375,680.95166015625,685.1190185546875,675.9508056640625,679.28466796875,499938
2025-06-30,674.5833740234375,692.620361328125,698.4547119140625,680.1181640625,684.2855834960938,1327928
2025-07-01,664.842041015625,682.6185913085938,698.4547119140625,680.1181640625,690.1199340820312,1798913
2025-07-02,659.971435546875,677.6177368164062,695.1207885742188,677.6177368164062,685.9525146484375,1279744
2025-07-03,652.6654663085938,670.116455078125,681.78515625,667.6160278320312,680.1181640625,1120437
2025-07-04,641.3006591796875,658.44775390625,674.2838134765625,657.6142578125,674.2838134765625,1103207
2025-07-07,633.9946899414062,650.9464111328125,663.4486083984375,650.1129760742188,659.2811889648438,484481
2025-07-08,623.441650390625,640.1112060546875,652.6134033203125,640.1112060546875,652.6134033203125,644721
2025-07-09,637.2417602539062,654.2803344726562,656.78076171875,641.7781982421875,646.779052734375,824171
2025-07-10,685.1364135742188,703.45556640625,719.2916259765625,657.6142578125,658.44775390625,4647072
2025-07-11,676.2069091796875,694.2872924804688,712.6238403320312,693.4537963867188,700.1216430664062,1666605
2025-07-14,660.783203125,678.4512329101562,695.1207885742188,677.6177368164062,692.620361328125,978649
2025-07-15,660.783203125,678.4512329101562,682.6185913085938,670.9498901367188,680.95166015625,786387
2025-07-16,667.27734375,685.1190185546875,685.1190185546875,676.7842407226562,676.7842407226562,761027
2025-07-17,673.7715454101562,691.786865234375,696.7877197265625,684.2855834960938,689.2864379882812,1341768
2025-07-18,684.3245849609375,702.6220703125,706.7894897460938,687.6194458007812,694.2872924804688,1347968
2025-07-21,676.2069091796875,694.2872924804688,711.7903442382812,693.4537963867188,702.6220703125,1009749
2025-07-22,661.594970703125,679.28466796875,700.1216430664062,675.1173095703125,696.7877197265625,1100070
2025-07-23,677.0186767578125,695.1207885742188,707.6229248046875,683.4520874023438,684.2855834960938,1535169
2025-07-24,670.5244750976562,688.4529418945312,700.9551391601562,686.7860107421875,699.2881469726562,609377
2025-07-25,670.5244750976562,688.4529418945312,692.620361328125,680.95166015625,692.620361328125,542365
2025-07-28,677.8304443359375,695.9542846679688,701.78857421875,680.95166015625,686.7860107421875,1359588
2025-07-29,677.8304443359375,695.9542846679688,699.2881469726562,681.78515625,695.9542846679688,1328001
2025-07-30,663.218505859375,680.95166015625,700.9551391601562,680.95166015625,697.6212158203125,1234977
2025-07-31,667.27734375,685.1190185546875,690.953369140625,681.78515625,684.2855834960938,687640
2025-08-04,679.8228759765625,698.0,706.0,690.0,690.0,1962032
2025-08-05,686.640625,705.0,717.0,701.0,702.0,1238770
2025-08-06,691.5103759765625,710.0,717.0,705.0,711.0,888301
2025-08-07,692.484375,711.0,714.0,705.0,705.0,563240
2025-08-08,698.328125,717.0,721.0,712.0,712.0,726524
2025-08-11,697.3541259765625,716.0,716.0,703.0,710.0,755258
2025-08-12,710.9895629882812,730.0,741.0,715.0,715.0,1065474
2025-08-13,745.078125,765.0,766.0,732.0,733.0,1744106
2025-08-14,771.375,792.0,795.0,770.0,770.0,1675227
2025-08-15,762.609375,783.0,795.0,778.0,795.0,1061292
2025-08-18,757.7395629882812,778.0,795.0,775.0,784.0,598621
2025-08-19,753.84375,774.0,784.0,772.0,778.0,492981
2025-08-20,727.546875,747.0,778.0,747.0,777.0,1365619
2025-08-21,730.46875,750.0,763.0,749.0,756.0,472060
2025-08-22,726.5728759765625,746.0,758.0,745.0,755.0,346485
2025-08-25,719.7551879882812,739.0,755.0,736.0,753.0,733555
2025-08-26,714.8853759765625,734.0,741.0,729.0,741.0,812586
2025-08-27,716.8333129882812,736.0,746.0,735.0,735.0,662581
2025-08-28,713.9114379882812,733.0,740.0,730.0,739.0,432690
2025-08-29,708.0676879882812,727.0,738.0,727.0,737.0,451013
2025-09-01,698.328125,717.0,727.0,715.0,727.0,616665
2025-09-02,709.0416259765625,728.0,733.0,718.0,722.0,685228
2025-09-03,720.7291259765625,740.0,759.0,731.0,733.0,1371308
2025-09-04,717.8072509765625,737.0,749.0,735.0,747.0,583247
2025-09-05,712.9375,732.0,743.0,728.0,741.0,641946
2025-09-08,730.46875,750.0,759.0,730.0,736.0,935549
2025-09-09,716.8333129882812,736.0,757.0,736.0,757.0,614279
2025-09-10,719.7551879882812,739.0,741.0,733.0,736.0,432753
2025-09-11,688.5885009765625,707.0,720.0,704.0,719.0,1873907
2025-09-12,687.6145629882812,706.0,711.0,705.0,707.0,587263
2025-09-15,685.6666259765625,704.0,717.0,702.0,707.0,486708
2025-09-16,692.484375,711.0,711.0,701.0,706.0,674444
2025-09-17,677.875,696.0,716.0,690.0,712.0,1287335
2025-09-18,680.796875,699.0,710.0,696.0,697.0,646408
2025-09-19,672.03125,690.0,699.0,690.0,695.0,752400
2025-09-22,671.0572509765625,689.0,696.0,687.0,693.0,450171
2025-09-23,674.953125,693.0,699.0,688.0,690.0,409318
2025-09-24,665.2135009765625,683.0,706.0,682.0,699.0,1346299
2025-09-25,660.34375,678.0,688.0,678.0,686.0,606566
2025-09-26,662.2916259765625,680.0,692.0,674.0,680.0,775393
2025-09-30,672.03125,690.0,699.0,682.0,684.0,676537
2025-10-01,676.9010009765625,695.0,698.0,691.0,691.0,654683
2025-10-02,673.9791259765625,692.0,702.0,688.0,698.0,734806
2025-10-03,670.0833129882812,688.0,703.0,687.0,696.0,937839
2025-10-07,645.734375,663.0,693.0,663.0,693.0,1629075
2025-10-08,640.8645629882812,658.0,671.0,657.0,664.0,566192
2025-10-09,634.046875,651.0,664.0,650.0,662.0,620151
2025-10-13,632.0989379882812,649.0,650.0,638.0,642.0,458161
2025-10-14,623.3333129882812,640.0,667.0,640.0,657.0,962629
2025-10-15,628.203125,645.0,649.0,641.0,649.0,636507
2025-10-16,636.96875,654.0,662.0,649.0,651.0,485750
2025-10-17,629.1770629882812,646.0,656.0,644.0,655.0,405912
2025-10-20,624.3072509765625,641.0,654.0,639.0,650.0,555530
2025-10-21,632.0989379882812,649.0,652.0,644.0,647.0,490850
2025-10-22,629.1770629882812,646.0,655.0,646.0,655.0,421493
2025-10-23,610.671875,627.0,648.0,626.0,647.0,1163655
2025-10-27,618.4635009765625,635.0,642.0,628.0,635.0,492311
2025-10-28,621.3853759765625,638.0,642.0,633.0,636.0,281897
2025-10-29,612.6197509765625,629.0,642.0,626.0,642.0,609126
2025-10-30,601.90625,618.0,634.0,613.0,629.0,1021995
2025-10-31,604.828125,621.0,629.0,620.0,623.0,535740
2025-11-03,597.0364379882812,613.0,625.0,612.0,621.0,695140
2025-11-04,619.4375,636.0,651.0,620.0,620.0,1818179
2025-11-05,607.75,624.0,635.0,619.0,633.0,588562
2025-11-06,624.3072509765625,641.0,644.0,628.0,630.0,792373
2025-11-07,605.8020629882812,622.0,644.0,622.0,638.0,971685
2025-11-10,589.2447509765625,605.0,625.0,600.0,625.0,1070054
2025-11-11,593.140625,609.0,615.0,598.0,610.0,1005112
2025-11-12,619.4375,636.0,644.0,613.0,615.0,1101321
2025-11-13,612.6197509765625,629.0,646.0,626.0,642.0,900787
2025-11-14,553.2083129882812,568.0,599.0,567.0,583.0,3722707
2025-11-17,546.390625,561.0,571.0,547.0,566.0,1676116
2025-11-18,514.25,528.0,562.0,527.0,557.0,1897964
2025-11-19,496.71875,510.0,533.0,508.0,532.0,1741210
2025-11-20,512.3020629882812,526.0,528.0,509.0,518.0,913358
2025-11-21,507.4322814941406,521.0,532.0,517.0,517.0,673245
2025-11-24,521.0676879882812,535.0,537.0,525.0,526.0,569421
2025-11-25,520.09375,534.0,537.0,530.0,533.0,281708
2025-11-26,537.625,552.0,558.0,538.0,539.0,537263
2025-11-27,533.7291259765625,548.0,558.0,547.0,558.0,368715
2025-11-28,531.78125,546.0,554.0,537.0,554.0,551692
2025-12-01,523.015625,537.0,546.0,535.0,540.0,399338
2025-12-02,515.2239379882812,529.0,541.0,529.0,538.0,462095
2025-12-03,512.3020629882812,526.0,536.0,524.0,536.0,380942
2025-12-04,512.3020629882812,526.0,534.0,525.0,526.0,241492
2025-12-05,511.328125,525.0,542.0,523.0,529.0,570099
2025-12-08,501.5885314941406,515.0,528.0,514.0,527.0,438231
2025-12-09,498.6666564941406,512.0,519.0,510.0,517.0,332535
2025-12-10,492.8229064941406,506.0,507.0,493.5,500.0,1166813
2025-12-11,492.8229064941406,506.0,512.0,499.0,506.0,513714
2025-12-12,486.00518798828125,499.0,510.0,497.5,508.0,566737
2025-12-15,489.9010314941406,503.0,505.0,495.0,495.0,324969
2025-12-16,485.5182189941406,498.5,505.0,492.0,500.0,648447
2025-12-17,478.70050048828125,491.5,502.0,490.0,498.0,651763
2025-12-18,478.2135314941406,491.0,493.0,487.0,491.5,401401
2025-12-19,489.9010314941406,503.0,504.0,494.5,494.5,428483
2025-12-22,489.9010314941406,503.0,507.0,498.5,504.0,425474
2025-12-23,485.03125,498.0,506.0,496.0,503.0,285208
2025-12-24,479.6744689941406,492.5,505.0,491.0,500.0,472411
2025-12-26,484.54425048828125,497.5,505.0,495.0,495.0,703709
2025-12-29,484.0572814941406,497.0,504.0,495.0,497.5,276423
2025-12-30,478.2135314941406,491.0,496.0,487.5,496.0,511838
2025-12-31,475.2916564941406,488.0,492.0,486.0,490.0,530785
2026-01-02,479.1875,492.0,499.0,488.0,488.0,362112
2026-01-05,467.5,480.0,494.5,476.5,494.5,866709
2026-01-06,465.55206298828125,478.0,485.0,478.0,480.0,574264
2026-01-07,482.109375,495.0,495.0,476.0,480.0,886793
2026-01-08,527.8853759765625,542.0,544.0,498.0,499.0,2302118
2026-01-09,503.53643798828125,517.0,534.0,512.0,534.0,1385595
2026-01-12,491.84893798828125,505.0,516.0,502.0,515.0,728151
2026-01-13,500.61456298828125,514.0,526.0,506.0,512.0,1101367
2026-01-14,499.640625,513.0,522.0,512.0,522.0,561100
2026-01-15,512.3020629882812,526.0,533.0,510.0,515.0,868249
2026-01-16,532.7551879882812,547.0,560.0,524.0,527.0,2956656
2026-01-19,514.25,528.0,559.0,527.0,559.0,1469058
2026-01-20,508.40625,522.0,532.0,516.0,529.0,782373
2026-01-21,498.6666564941406,512.0,526.0,510.0,519.0,670240
2026-01-22,499.640625,513.0,522.0,510.0,518.0,443997
2026-01-23,523.015625,537.0,548.0,528.0,536.0,1522117
2026-01-26,527.8853759765625,542.0,563.0,536.0,541.0,2350409
2026-01-27,567.8176879882812,583.0,596.0,544.0,548.0,4570396
2026-01-28,566.84375,582.0,594.0,568.0,583.0,2436874
2026-01-29,603.8541259765625,620.0,633.0,576.0,588.0,4601382
2026-01-30,587.296875,603.0,628.0,601.0,617.0,3006992
2026-02-02,558.078125,573.0,611.0,573.0,602.0,1969714
2026-02-03,570.7395629882812,586.0,593.0,569.0,580.0,1304418
2026-02-04,568.7916259765625,584.0,595.0,578.0,583.0,855657
2026-02-05,558.078125,573.0,601.0,573.0,586.0,1424823
2026-02-06,543.46875,558.0,571.0,551.0,571.0,908142
2026-02-09,543.46875,558.0,568.0,555.0,566.0,809106
2026-02-10,528.859375,543.0,565.0,542.0,565.0,1050055
2026-02-11,477.23956298828125,490.0,509.0,489.0,501.0,3784620
2026-02-23,483.08331298828125,496.0,497.5,486.5,494.5,1174264
2026-02-24,506.45831298828125,520.0,521.0,498.0,498.0,1076926
2026-02-25,496.71875,510.0,527.0,510.0,527.0,693831
2026-02-26,493.796875,507.0,513.0,499.0,511.0,762866
2026-03-02,481.1354064941406,494.0,502.0,493.0,499.5,843861
2026-03-03,472.3697814941406,485.0,496.0,481.0,494.0,1100716
2026-03-04,449.96875,462.0,482.0,462.0,482.0,1115085
2026-03-05,469.4479064941406,482.0,482.0,468.0,470.5,557424
2026-03-06,472.3697814941406,485.0,485.0,473.0,481.5,388562
2026-03-09,440.71612548828125,452.5,462.0,447.0,454.0,1216075
2026-03-10,448.02081298828125,460.0,468.0,453.0,462.0,424004
2026-03-11,461.16925048828125,473.5,474.0,462.0,462.0,500277
2026-03-12,449.96875,462.0,469.5,457.5,463.0,1107131
2026-03-13,444.6119689941406,456.5,458.0,441.0,453.0,1204113
2026-03-16,464.578125,477.0,477.0,448.0,457.0,725210
2026-03-17,468.9609375,481.5,493.5,475.0,477.0,1211394
2026-03-18,502.5625,516.0,526.0,492.0,492.5,2593936
2026-03-19,470.421875,483.0,510.0,480.0,502.0,2118667
2026-03-20,470.9088439941406,483.5,490.5,481.0,485.0,610525
2026-03-23,441.6900939941406,453.5,471.5,452.5,468.5,889673
2026-03-24,444.125,456.0,472.0,452.0,472.0,384817
2026-03-25,448.9947814941406,461.0,468.5,457.5,468.5,365325
2026-03-26,443.1510314941406,455.0,465.5,455.0,463.0,433887
2026-03-27,443.1510314941406,455.0,464.5,447.0,448.0,307834
2026-03-30,437.3072814941406,449.0,450.0,441.5,450.0,442175
2026-03-31,427.56768798828125,439.0,459.5,439.0,450.0,670256
2026-04-01,447.046875,459.0,459.0,445.5,452.0,610378
2026-04-02,437.3072814941406,449.0,469.0,449.0,458.0,547053
2026-04-07,409.0625,420.0,459.0,420.0,455.5,1469362
2026-04-08,405.65362548828125,416.5,427.5,409.0,427.5,1346711
2026-04-09,392.0182189941406,402.5,422.5,402.5,420.0,1411071
2026-04-10,400.7838439941406,411.5,420.0,408.5,412.5,970759
2026-04-13,411.0104064941406,422.0,425.0,410.5,411.5,819859
2026-04-14,408.0885314941406,419.0,427.0,416.0,427.0,741201
2026-04-15,414.90625,426.0,428.0,418.0,420.0,740110
2026-04-16,414.41925048828125,425.5,440.0,423.5,430.0,861811
2026-04-17,405.1666564941406,416.0,427.5,416.0,426.0,647656
2026-04-20,398.34893798828125,409.0,421.5,408.0,416.0,960588
2026-04-21,405.65362548828125,416.5,419.5,408.5,411.0,616480
2026-04-22,408.0885314941406,419.0,419.5,411.5,419.0,476276
2026-04-23,400.296875,411.0,424.5,406.0,423.0,1030272
2026-04-24,397.8619689941406,408.5,415.5,405.0,410.0,591358
2026-04-27,395.42706298828125,406.0,410.5,400.0,408.0,704878
2026-04-28,397.375,408.0,412.0,406.0,408.0,387253
2026-04-29,406.140625,417.0,417.5,402.5,406.0,825736
2026-04-30,397.375,408.0,420.5,408.0,418.0,798710
2026-05-04,395.42706298828125,406.0,410.5,403.0,410.5,471322
2026-05-05,396.88800048828125,407.5,414.0,405.0,410.0,471319
2026-05-06,398.8359375,409.5,416.5,408.0,411.0,778158
2026-05-07,403.21875,414.0,415.0,407.0,411.0,603411
2026-05-08,408.0885314941406,419.0,434.0,412.5,416.0,1960751
2026-05-11,397.8619689941406,408.5,419.0,402.0,419.0,1345397
2026-05-12,393.4791564941406,404.0,413.0,388.5,403.5,2701014
2026-05-13,392.50518798828125,403.0,415.0,400.0,408.5,1589079
2026-05-14,353.546875,363.0,363.0,363.0,363.0,1824847
2026-05-15,343.8072814941406,353.0,374.5,330.5,335.0,4051436
2026-05-18,377.89581298828125,388.0,388.0,338.0,353.0,2667840
2026-05-19,362.3125,372.0,405.5,367.0,404.0,3090738
2026-05-20,373.51300048828125,383.5,396.0,375.0,377.0,2121714
2026-05-21,374.0,384.0,393.0,376.5,393.0,1549508
2026-05-22,369.6171875,379.5,391.0,376.0,386.0,1861588
2026-05-25,356.9557189941406,366.5,384.5,366.0,384.5,1822601
2026-05-26,346.2421875,355.5,372.5,355.0,369.5,1199199
2026-05-27,337.4765625,346.5,358.5,339.0,356.5,1541639
2026-05-28,327.25,336.0,349.5,332.5,349.0,1333360
2026-05-29,336.98956298828125,346.0,348.0,337.0,339.0,1029483
2026-06-01,347.21612548828125,356.5,359.5,342.0,348.0,988897
2026-06-02,340.8854064941406,350.0,362.0,348.0,356.5,685974
2026-06-03,344.78125,354.0,358.0,349.0,358.0,497954
2026-06-04,353.546875,363.0,372.5,352.5,355.5,1251642
2026-06-05,361.82550048828125,371.5,377.0,360.5,364.5,1263607
2026-06-08,380.81768798828125,391.0,393.5,362.5,363.5,3305963
2026-06-09,379.84375,390.0,404.5,384.0,391.0,2562726
2026-06-10,387.6354064941406,398.0,413.0,393.0,393.0,3189312
2026-06-11,370.59112548828125,380.5,404.0,378.5,404.0,1587281
2026-06-12,380.3307189941406,390.5,391.0,383.0,384.0,681011
2026-06-15,399.3229064941406,410.0,416.5,394.5,397.0,1873263
2026-06-16,394.9400939941406,405.5,412.5,398.5,407.0,1406470
2026-06-17,401.7578125,412.5,421.0,405.5,405.5,1835548
2026-06-18,411.49737548828125,422.5,425.5,413.0,417.0,1235173
2026-06-22,411.984375,423.0,439.0,414.0,425.0,1438024
2026-06-23,428.0546875,439.5,449.0,427.5,428.0,2271268
2026-06-24,431.95050048828125,443.5,448.0,437.0,443.5,1186985
2026-06-25,408.57550048828125,419.5,445.0,418.5,445.0,1716882
2026-06-26,401.27081298828125,412.0,426.0,409.5,424.5,789749
2026-06-29,426.10675048828125,437.5,453.0,419.0,419.0,2930471
2026-06-30,411.0104064941406,422.0,441.5,420.0,438.0,1487199
2026-07-01,412.4713439941406,423.5,433.5,420.5,430.0,744112
2026-07-02,420.75,432.0,436.5,419.0,424.0,738649
2026-07-03,428.0546875,439.5,462.0,433.0,437.0,2564705
2026-07-06,418.80206298828125,430.0,439.5,427.5,436.5,975632
2026-07-07,414.41925048828125,425.5,439.0,425.0,432.0,894757
2026-07-08,411.0104064941406,422.0,448.0,422.0,441.0,1877155
2026-07-09,414.90625,426.0,431.0,417.5,431.0,954326
2026-07-10,414.90625,426.0,426.0,426.0,426.0,0
2026-07-13,411.0104064941406,422.0,433.0,419.5,428.5,585082
2026-07-14,402.2447814941406,413.0,425.0,411.5,424.5,828257
2026-07-15,417.34112548828125,428.5,436.0,413.5,415.0,932291
2026-07-16,404.6796875,415.5,440.5,414.5,436.0,1573569
2026-07-17,385.6875,396.0,417.0,392.5,412.0,1548135
2026-07-20,382.27862548828125,392.5,404.0,389.0,396.5,663818
2026-07-21,390.5572814941406,401.0,403.5,394.0,394.0,391371
2026-07-22,411.984375,423.0,424.0,402.5,402.5,880822
2026-07-23,390.5572814941406,401.0,426.5,397.5,423.0,1265955
2026-07-24,382.27862548828125,392.5,407.0,391.0,398.0,623097
2026-07-27,386.1744689941406,396.5,403.0,390.0,396.0,443459
2026-07-28,368.6432189941406,378.5,393.0,378.5,392.0,650950
2026-07-29,368.15625,378.0,387.5,367.5,384.0,882438
2026-07-30,374.0,384.0,395.0,378.0,383.0,865878
2026-07-31,382.5,382.5,392.5,382.5,384.0,526082
2026-08-03,396.5,396.5,399.0,382.5,383.0,420135
2026-08-04,392.0,392.0,397.0,390.0,391.0,393205
2026-08-05,424.5,424.5,425.0,396.0,396.5,1509674
2026-08-06,418.5,418.5,422.0,409.0,419.5,788036
2026-08-07,417.5,417.5,430.0,411.0,416.5,751108
2026-08-10,431.0,431.0,436.0,412.0,416.5,911704
2026-08-11,423.5,423.5,426.5,418.0,424.0,740329
2026-08-12,424.0,424.0,434.0,418.5,430.0,709465
2026-08-13,422.0,422.0,428.0,421.0,428.0,411359
2026-08-14,409.0,409.0,425.0,409.0,425.0,810472
2026-08-17,416.0,416.0,416.0,407.5,408.5,378108
2026-08-18,404.5,404.5,416.5,404.0,413.5,375318
2026-08-19,405.0,405.0,409.5,400.0,402.0,351234
2026-08-20,445.5,445.5,445.5,419.0,420.0,2942295
2026-08-21,455.0,455.0,462.0,432.0,438.5,2968149
2026-08-24,453.0,453.0,461.5,442.0,452.5,2021296
2026-08-25,470.0,470.0,473.0,443.0,455.5,3178315
2026-08-26,457.0,457.0,476.0,456.5,463.0,1837550
2026-08-27,439.5,439.5,462.0,439.5,462.0,1452347
2026-08-28,435.0,435.0,442.5,433.5,437.5,797834
2026-08-31,433.0,433.0,444.5,433.0,444.5,737339
2026-09-01,420.0,420.0,438.0,420.0,433.5,1063197
2026-09-02,422.5,422.5,424.0,419.5,420.5,498671
2026-09-03,411.5,411.5,426.5,411.5,426.5,681145
2026-09-04,416.0,416.0,417.5,411.5,415.5,308230
2026-09-07,416.0,416.0,423.0,415.0,423.0,351742
2026-09-08,412.5,412.5,428.0,412.5,425.0,615902
2026-09-09,407.5,407.5,414.5,406.0,414.5,481308
2026-09-10,405.5,405.5,408.0,403.5,406.0,323105
2026-09-11,399.0,399.0,402.5,399.0,400.0,448727
2026-09-14,403.5,403.5,404.0,393.0,396.5,261601
2026-09-15,411.0,411.0,415.5,404.0,404.0,440918
2026-09-16,412.0,412.0,422.0,412.0,416.5,391621
2026-09-17,425.0,425.0,428.0,414.0,417.5,709261
2026-09-18,444.5,444.5,448.0,423.0,426.0,1594409
2026-09-21,420.5,420.5,448.0,420.5,446.5,937217
2026-09-22,420.0,420.0,425.0,417.5,424.0,413409
2026-09-23,436.0,436.0,442.0,421.5,425.0,771658
2026-09-24,421.5,421.5,436.5,421.0,432.0,479173
2026-09-29,422.5,422.5,428.5,422.0,425.5,277317
