Price,Adj Close,Close,High,Low,Open,Volume
Ticker,0050.TW,0050.TW,0050.TW,0050.TW,0050.TW,0050.TW
Date,,,,,,
2021-08-11,29.66734504699707,34.29999923706055,34.412498474121094,34.150001525878906,34.337501525878906,14460116
2021-08-12,29.613290786743164,34.23749923706055,34.3125,34.125,34.29999923706055,8938108
2021-08-13,29.332181930541992,33.912498474121094,34.212501525878906,33.88750076293945,34.150001525878906,28719444
2021-08-16,29.267314910888672,33.837501525878906,33.9375,33.724998474121094,33.875,42835976
2021-08-17,29.05108070373535,33.587501525878906,33.875,33.57500076293945,33.849998474121094,52037948
2021-08-18,29.17000389099121,33.724998474121094,33.73749923706055,33.11249923706055,33.400001525878906,85849596
2021-08-19,28.499683380126953,32.95000076293945,33.625,32.900001525878906,33.625,105585004
2021-08-20,28.272634506225586,32.6875,33.20000076293945,32.54999923706055,33.04999923706055,62649456
2021-08-23,29.05108070373535,33.587501525878906,33.61249923706055,33.037498474121094,33.0625,23545608
2021-08-24,29.137575149536133,33.6875,33.837501525878906,33.650001525878906,33.79999923706055,19796404
2021-08-25,29.418678283691406,34.01250076293945,34.025001525878906,33.787498474121094,33.787498474121094,27403636
2021-08-26,29.62409782409668,34.25,34.5,34.087501525878906,34.36249923706055,28349696
2021-08-27,29.872766494750977,34.537498474121094,34.625,34.11249923706055,34.17499923706055,66067832
2021-08-30,30.164684295654297,34.875,34.875,34.61249923706055,34.662498474121094,85414624
2021-08-31,30.348485946655273,35.087501525878906,35.087501525878906,34.525001525878906,34.849998474121094,64500216
2021-09-01,30.489036560058594,35.25,35.32500076293945,35.01250076293945,35.037498474121094,72891272
2021-09-02,30.251174926757812,34.974998474121094,35.349998474121094,34.974998474121094,35.224998474121094,27917864
2021-09-03,30.68364906311035,35.474998474121094,35.525001525878906,35.11249923706055,35.162498474121094,44336692
2021-09-06,30.824203491210938,35.63750076293945,35.875,35.400001525878906,35.474998474121094,55343340
2021-09-07,30.68364906311035,35.474998474121094,35.70000076293945,35.36249923706055,35.70000076293945,32844564
2021-09-08,30.413354873657227,35.162498474121094,35.5,34.98749923706055,35.4375,27915944
2021-09-09,30.33767318725586,35.07500076293945,35.25,34.82500076293945,34.912498474121094,12250292
2021-09-10,30.694456100463867,35.48749923706055,35.525001525878906,35.125,35.17499923706055,11929744
2021-09-13,30.586341857910156,35.36249923706055,35.462501525878906,35.287498474121094,35.462501525878906,12939284
2021-09-14,30.618778228759766,35.400001525878906,35.54999923706055,35.337501525878906,35.462501525878906,9637564
2021-09-15,30.434982299804688,35.1875,35.36249923706055,35.099998474121094,35.32500076293945,47972592
2021-09-16,30.294424057006836,35.025001525878906,35.25,34.9375,35.20000076293945,32048512
2021-09-17,30.380922317504883,35.125,35.26250076293945,34.875,35.025001525878906,15056364
2021-09-22,29.66734504699707,34.29999923706055,34.400001525878906,34.07500076293945,34.275001525878906,95626476
2021-09-23,29.840330123901367,34.5,34.625,34.400001525878906,34.5,22950432
2021-09-24,30.197120666503906,34.912498474121094,34.912498474121094,34.67499923706055,34.70000076293945,24728896
2021-09-27,30.27280044555664,35.0,35.087501525878906,34.79999923706055,34.962501525878906,46916492
2021-09-28,30.056568145751953,34.75,34.837501525878906,34.5625,34.8125,70802024
2021-09-29,29.407869338989258,34.0,34.224998474121094,33.86249923706055,34.224998474121094,118838624
2021-09-30,29.63490867614746,34.26250076293945,34.275001525878906,33.79999923706055,34.07500076293945,66370156
2021-10-01,28.964584350585938,33.48749923706055,34.07500076293945,33.412498474121094,34.07500076293945,108369932
2021-10-04,28.79159927368164,33.287498474121094,33.70000076293945,33.212501525878906,33.67499923706055,93019620
2021-10-05,28.74834632873535,33.23749923706055,33.25,32.724998474121094,33.0,107861208
2021-10-06,28.75916290283203,33.25,33.5,33.0,33.5,88152372
2021-10-07,29.267314910888672,33.837501525878906,33.900001525878906,33.48749923706055,33.51250076293945,54266868
2021-10-08,29.018640518188477,33.54999923706055,33.912498474121094,33.48749923706055,33.912498474121094,30805556
2021-10-12,28.72673225402832,33.212501525878906,33.287498474121094,32.900001525878906,33.17499923706055,44110052
2021-10-13,28.629423141479492,33.099998474121094,33.400001525878906,33.037498474121094,33.349998474121094,21732664
2021-10-14,28.705106735229492,33.1875,33.42499923706055,33.125,33.375,13018476
2021-10-15,29.46192169189453,34.0625,34.087501525878906,33.57500076293945,33.662498474121094,53612692
2021-10-18,29.375429153442383,33.962501525878906,34.224998474121094,33.900001525878906,34.17499923706055,21166076
2021-10-19,29.613290786743164,34.23749923706055,34.3125,34.01250076293945,34.04999923706055,33879576
2021-10-20,29.537609100341797,34.150001525878906,34.32500076293945,34.11249923706055,34.26250076293945,58064224
2021-10-21,29.429489135742188,34.025001525878906,34.45000076293945,34.025001525878906,34.17499923706055,52200656
2021-10-22,29.515981674194336,34.125,34.1875,33.912498474121094,34.0625,20749424
2021-10-25,29.494356155395508,34.099998474121094,34.17499923706055,33.79999923706055,34.0,29361584
2021-10-26,29.74303436279297,34.38750076293945,34.4375,34.150001525878906,34.162498474121094,42011924
2021-10-27,29.74303436279297,34.38750076293945,34.38750076293945,34.17499923706055,34.23749923706055,29550340
2021-10-28,29.65653419494629,34.287498474121094,34.412498474121094,34.150001525878906,34.36249923706055,17775576
2021-10-29,29.3646183013916,33.95000076293945,34.26250076293945,33.837501525878906,34.26250076293945,19783344
2021-11-01,29.515981674194336,34.125,34.1875,34.04999923706055,34.04999923706055,12073852
2021-11-02,29.46192169189453,34.0625,34.412498474121094,34.037498474121094,34.20000076293945,15930308
2021-11-03,29.537609100341797,34.150001525878906,34.25,34.099998474121094,34.099998474121094,9295528
2021-11-04,29.440296173095703,34.037498474121094,34.375,34.037498474121094,34.3125,10037280
2021-11-05,29.861957550048828,34.525001525878906,34.54999923706055,34.20000076293945,34.275001525878906,44980008
2021-11-08,30.099809646606445,34.79999923706055,34.79999923706055,34.54999923706055,34.54999923706055,29547192
2021-11-09,30.424165725708008,35.17499923706055,35.29999923706055,35.025001525878906,35.037498474121094,49103720
2021-11-10,30.380922317504883,35.125,35.162498474121094,35.0,35.162498474121094,21403752
2021-11-11,30.110626220703125,34.8125,34.9375,34.70000076293945,34.775001525878906,17749988
2021-11-12,30.207935333251953,34.92499923706055,35.20000076293945,34.875,34.974998474121094,22775288
2021-11-15,30.47822380065918,35.23749923706055,35.3125,35.13750076293945,35.13750076293945,25918820
2021-11-16,30.532285690307617,35.29999923706055,35.36249923706055,35.20000076293945,35.23749923706055,22967136
2021-11-17,30.62959098815918,35.412498474121094,35.42499923706055,35.287498474121094,35.32500076293945,81202148
2021-11-18,30.80257797241211,35.61249923706055,35.63750076293945,35.412498474121094,35.4375,23376840
2021-11-19,30.87825584411621,35.70000076293945,35.88750076293945,35.662498474121094,35.875,23825376
2021-11-22,30.80257797241211,35.61249923706055,35.724998474121094,35.599998474121094,35.67499923706055,14822488
2021-11-23,30.510663986206055,35.275001525878906,35.5,35.26250076293945,35.5,17951904
2021-11-24,30.380922317504883,35.125,35.287498474121094,35.037498474121094,35.275001525878906,12176628
2021-11-25,30.3701114654541,35.11249923706055,35.224998474121094,35.0,35.125,9909604
2021-11-26,29.872766494750977,34.537498474121094,34.962501525878906,34.48749923706055,34.88750076293945,46647920
2021-11-29,29.872766494750977,34.537498474121094,34.70000076293945,34.375,34.400001525878906,44655660
2021-11-30,29.840330123901367,34.5,34.900001525878906,34.462501525878906,34.70000076293945,41102956
2021-12-01,30.33767318725586,35.07500076293945,35.125,34.51250076293945,34.525001525878906,16704276
2021-12-02,30.662025451660156,35.45000076293945,35.48749923706055,34.92499923706055,35.025001525878906,35537196
2021-12-03,30.65121078491211,35.4375,35.537498474121094,35.275001525878906,35.48749923706055,19330520
2021-12-06,30.56471824645996,35.337501525878906,35.474998474121094,35.0,35.17499923706055,15418468
2021-12-07,30.662025451660156,35.45000076293945,35.45000076293945,35.087501525878906,35.337501525878906,12050156
2021-12-08,30.78095245361328,35.587501525878906,35.900001525878906,35.57500076293945,35.775001525878906,43552320
2021-12-09,30.705270767211914,35.5,35.662498474121094,35.42499923706055,35.61249923706055,18162644
2021-12-10,30.694456100463867,35.48749923706055,35.525001525878906,35.337501525878906,35.45000076293945,13121360
2021-12-13,30.59715461730957,35.375,35.61249923706055,35.375,35.54999923706055,18437204
2021-12-14,30.294424057006836,35.025001525878906,35.17499923706055,34.98749923706055,35.087501525878906,18753476
2021-12-15,30.33767318725586,35.07500076293945,35.150001525878906,34.92499923706055,35.025001525878906,39734372
2021-12-16,30.71608543395996,35.51250076293945,35.51250076293945,35.287498474121094,35.337501525878906,22468220
2021-12-17,30.68364906311035,35.474998474121094,35.5,35.29999923706055,35.38750076293945,19549972
2021-12-20,30.413354873657227,35.162498474121094,35.462501525878906,35.07500076293945,35.45000076293945,17373652
2021-12-21,30.672840118408203,35.462501525878906,35.48749923706055,35.17499923706055,35.17499923706055,26402952
2021-12-22,30.672840118408203,35.462501525878906,35.5,35.412498474121094,35.48749923706055,16285780
2021-12-23,30.8458194732666,35.662498474121094,35.79999923706055,35.5625,35.6875,55705360
2021-12-24,30.932315826416016,35.76250076293945,35.900001525878906,35.73749923706055,35.75,50101524
2021-12-27,31.1701717376709,36.037498474121094,36.0625,35.775001525878906,35.79999923706055,26048796
2021-12-28,31.418848037719727,36.32500076293945,36.32500076293945,36.07500076293945,36.07500076293945,89823980
2021-12-29,31.559398651123047,36.48749923706055,36.537498474121094,36.26250076293945,36.36249923706055,90088896
2021-12-30,31.46209144592285,36.375,36.5,36.337501525878906,36.48749923706055,24985712
2022-01-03,31.656702041625977,36.599998474121094,36.837501525878906,36.5,36.5,27136808
2022-01-04,32.348655700683594,37.400001525878906,37.400001525878906,36.92499923706055,36.92499923706055,38537760
2022-01-05,32.283782958984375,37.32500076293945,37.63750076293945,37.275001525878906,37.525001525878906,45626404
2022-01-06,31.98105239868164,36.974998474121094,37.1875,36.75,37.07500076293945,34484932
2022-01-07,31.699949264526367,36.650001525878906,37.25,36.625,37.07500076293945,27956496
2022-01-10,31.905370712280273,36.88750076293945,36.95000076293945,36.349998474121094,36.5,62807884
2022-01-11,32.06755065917969,37.07500076293945,37.125,36.67499923706055,36.900001525878906,71021608
2022-01-12,32.33784103393555,37.38750076293945,37.400001525878906,37.17499923706055,37.337501525878906,40619208
2022-01-13,32.50001907348633,37.57500076293945,37.61249923706055,37.38750076293945,37.38750076293945,29812384
2022-01-14,32.50001907348633,37.57500076293945,37.79999923706055,37.26250076293945,37.70000076293945,40446116
2022-01-17,32.867610931396484,38.0,38.099998474121094,37.775001525878906,37.775001525878906,27711192
2022-01-18,32.50001907348633,37.57500076293945,38.0625,37.537498474121094,38.04999923706055,57660460
2022-01-19,32.11079025268555,37.125,37.412498474121094,37.0625,37.25,58657148
2022-01-20,32.24053192138672,37.275001525878906,37.29999923706055,36.900001525878906,37.125,65053388
2022-01-21,31.52235221862793,35.662498474121094,35.98749923706055,35.57500076293945,35.974998474121094,119510380
2022-01-24,31.82068634033203,36.0,36.0,35.42499923706055,35.525001525878906,52641948
2022-01-25,31.301382064819336,35.412498474121094,35.63750076293945,35.3125,35.63750076293945,96087792
2022-01-26,31.27928924560547,35.38750076293945,35.54999923706055,35.26250076293945,35.287498474121094,71003288
2022-02-07,31.445018768310547,35.57500076293945,35.70000076293945,35.29999923706055,35.650001525878906,96090320
2022-02-08,31.577598571777344,35.724998474121094,35.875,35.70000076293945,35.82500076293945,44340368
2022-02-09,31.688093185424805,35.849998474121094,35.875,35.662498474121094,35.875,32243600
2022-02-10,32.05270767211914,36.26250076293945,36.26250076293945,35.875,35.974998474121094,24016868
2022-02-11,32.030601501464844,36.23749923706055,36.26250076293945,36.01250076293945,36.17499923706055,17259684
2022-02-14,31.533405303955078,35.67499923706055,35.98749923706055,35.54999923706055,35.98749923706055,47456160
2022-02-15,31.389772415161133,35.51250076293945,35.79999923706055,35.48749923706055,35.67499923706055,29444908
2022-02-16,31.909072875976562,36.099998474121094,36.11249923706055,35.95000076293945,35.974998474121094,26800172
2022-02-17,31.93116569519043,36.125,36.25,36.0,36.099998474121094,19763216
2022-02-18,31.842771530151367,36.025001525878906,36.037498474121094,35.76250076293945,35.875,15468844
2022-02-21,31.776479721069336,35.95000076293945,35.962501525878906,35.70000076293945,35.86249923706055,18011756
2022-02-22,31.345579147338867,35.462501525878906,35.662498474121094,35.1875,35.650001525878906,74872596
2022-02-23,31.433961868286133,35.5625,35.599998474121094,35.412498474121094,35.462501525878906,17635428
2022-02-24,30.671602249145508,34.70000076293945,35.275001525878906,34.57500076293945,35.275001525878906,117813808
2022-02-25,30.605304718017578,34.625,34.79999923706055,34.462501525878906,34.76250076293945,90309080
2022-03-01,31.03621482849121,35.11249923706055,35.20000076293945,34.712501525878906,34.76250076293945,32958060
2022-03-02,30.85942840576172,34.912498474121094,35.025001525878906,34.79999923706055,35.0,24524616
2022-03-03,30.925716400146484,34.98749923706055,35.20000076293945,34.962501525878906,35.125,17755472
2022-03-04,30.594247817993164,34.61249923706055,34.712501525878906,34.48749923706055,34.625,50396708
2022-03-07,29.610910415649414,33.5,34.224998474121094,33.4375,34.224998474121094,208177676
2022-03-08,28.981124877929688,32.787498474121094,33.287498474121094,32.75,33.11249923706055,167283432
2022-03-09,29.279438018798828,33.125,33.3125,33.04999923706055,33.04999923706055,83526340
2022-03-10,30.130207061767578,34.087501525878906,34.13750076293945,33.79999923706055,33.79999923706055,57746092
2022-03-11,29.699298858642578,33.599998474121094,33.962501525878906,33.54999923706055,33.962501525878906,42419380
2022-03-14,29.699298858642578,33.599998474121094,33.837501525878906,33.5,33.75,34346608
2022-03-15,29.091611862182617,32.912498474121094,33.287498474121094,32.849998474121094,33.287498474121094,94122712
2022-03-16,29.213150024414062,33.04999923706055,33.3125,32.775001525878906,33.29999923706055,75954080
2022-03-17,30.141250610351562,34.099998474121094,34.125,33.79999923706055,33.86249923706055,56006192
2022-03-18,30.07495880126953,34.025001525878906,34.150001525878906,33.875,34.150001525878906,50581376
2022-03-21,30.273839950561523,34.25,34.412498474121094,34.20000076293945,34.20000076293945,30873588
2022-03-22,30.229650497436523,34.20000076293945,34.25,34.07500076293945,34.20000076293945,24184288
2022-03-23,30.51691246032715,34.525001525878906,34.587501525878906,34.38750076293945,34.400001525878906,41079752
2022-03-24,30.49481201171875,34.5,34.525001525878906,34.26250076293945,34.375,17108564
2022-03-25,30.539012908935547,34.54999923706055,34.625,34.474998474121094,34.599998474121094,19496792
2022-03-28,30.207548141479492,34.17499923706055,34.25,33.88750076293945,34.25,42024708
2022-03-29,30.24069595336914,34.212501525878906,34.29999923706055,34.150001525878906,34.25,25774216
2022-03-30,30.61635398864746,34.63750076293945,34.67499923706055,34.51250076293945,34.51250076293945,32665068
2022-03-31,30.51691246032715,34.525001525878906,34.662498474121094,34.525001525878906,34.63750076293945,14238552
2022-04-01,30.262792587280273,34.23749923706055,34.23749923706055,34.037498474121094,34.150001525878906,30795024
2022-04-06,30.108102798461914,34.0625,34.087501525878906,33.75,33.8125,46251656
2022-04-07,29.56671714782715,33.45000076293945,33.775001525878906,33.45000076293945,33.775001525878906,58991464
2022-04-08,29.732446670532227,33.63750076293945,33.63750076293945,33.4375,33.525001525878906,35768872
2022-04-11,29.268390655517578,33.11249923706055,33.61249923706055,33.04999923706055,33.537498474121094,66837660
2022-04-12,29.29049301147461,33.13750076293945,33.212501525878906,32.900001525878906,33.037498474121094,56875520
2022-04-13,29.84293556213379,33.76250076293945,33.79999923706055,33.29999923706055,33.349998474121094,28186852
2022-04-14,29.732446670532227,33.63750076293945,33.9375,33.63750076293945,33.9375,19791976
2022-04-15,29.224199295043945,33.0625,33.26250076293945,33.0,33.212501525878906,82769516
2022-04-18,29.069515228271484,32.88750076293945,33.0625,32.787498474121094,33.0,71848084
2022-04-19,29.168954849243164,33.0,33.23749923706055,32.962501525878906,33.0625,36238036
2022-04-20,29.312583923339844,33.162498474121094,33.17499923706055,32.912498474121094,33.04999923706055,27048540
2022-04-21,29.334688186645508,33.1875,33.400001525878906,33.162498474121094,33.3125,15936376
2022-04-22,29.08056640625,32.900001525878906,32.9375,32.712501525878906,32.849998474121094,44801348
2022-04-25,28.561267852783203,32.3125,32.51250076293945,32.162498474121094,32.5,128851880
2022-04-26,28.561267852783203,32.3125,32.45000076293945,32.212501525878906,32.4375,37409408
2022-04-27,27.964630126953125,31.637500762939453,31.75,31.512500762939453,31.75,114986256
2022-04-28,28.086166381835938,31.774999618530273,31.850000381469727,31.487499237060547,31.837499618530273,46171364
2022-04-29,28.45077896118164,32.1875,32.375,32.0625,32.224998474121094,47537724
2022-05-03,28.24085235595703,31.950000762939453,32.17499923706055,31.862499237060547,32.13750076293945,25125076
2022-05-04,28.24085235595703,31.950000762939453,32.11249923706055,31.875,32.07500076293945,39598772
2022-05-05,28.561267852783203,32.3125,32.45000076293945,32.23749923706055,32.375,24902416
2022-05-06,27.98672866821289,31.662500381469727,31.712499618530273,31.487499237060547,31.612499237060547,68203532
2022-05-09,27.522676467895508,31.137500762939453,31.387500762939453,31.125,31.375,51720992
2022-05-10,27.401138305664062,31.0,31.024999618530273,30.387500762939453,30.537500381469727,55376572
2022-05-11,27.445335388183594,31.049999237060547,31.112499237060547,30.825000762939453,30.962499618530273,32199604
2022-05-12,26.793453216552734,30.3125,30.75,30.299999237060547,30.75,47755260
2022-05-13,27.036527633666992,30.587499618530273,30.587499618530273,30.387500762939453,30.524999618530273,28106200
2022-05-16,27.180164337158203,30.75,31.0,30.625,30.862499237060547,22904664
2022-05-17,27.478479385375977,31.087499618530273,31.125,30.787500381469727,30.787500381469727,16662204
2022-05-18,27.77680015563965,31.424999237060547,31.5,31.3125,31.337499618530273,25266444
2022-05-19,27.246456146240234,30.825000762939453,30.950000762939453,30.662500381469727,30.862499237060547,29033480
2022-05-20,27.54477310180664,31.162500381469727,31.237499237060547,30.912500381469727,30.9375,14661664
2022-05-23,27.600019454956055,31.225000381469727,31.399999618530273,31.125,31.325000762939453,10715572
2022-05-24,27.290651321411133,30.875,31.299999237060547,30.850000381469727,31.25,20276748
2022-05-25,27.50057601928711,31.112499237060547,31.174999237060547,30.862499237060547,30.924999237060547,10270292
2022-05-26,27.158061981201172,30.725000381469727,31.25,30.712499618530273,31.25,23219872
2022-05-27,27.73260498046875,31.375,31.450000762939453,31.012500762939453,31.037500381469727,46801572
2022-05-30,28.406583786010742,32.13750076293945,32.150001525878906,31.762500762939453,31.8125,58170520
2022-05-31,28.68280792236328,32.45000076293945,32.45000076293945,31.899999618530273,32.11249923706055,28102668
2022-06-01,28.539167404174805,32.287498474121094,32.51250076293945,32.25,32.32500076293945,25626728
2022-06-02,28.24085235595703,31.950000762939453,32.11249923706055,31.899999618530273,32.11249923706055,17718612
2022-06-06,28.439727783203125,32.17499923706055,32.25,31.862499237060547,32.0625,16111300
2022-06-07,28.152462005615234,31.850000381469727,31.987499237060547,31.712499618530273,31.987499237060547,19365760
2022-06-08,28.461828231811523,32.20000076293945,32.275001525878906,32.037498474121094,32.125,15916200
2022-06-09,28.373435974121094,32.099998474121094,32.125,31.912500381469727,32.04999923706055,7709100
2022-06-10,28.086166381835938,31.774999618530273,31.850000381469727,31.600000381469727,31.700000762939453,16998412
2022-06-13,27.301698684692383,30.887500762939453,31.0625,30.862499237060547,31.024999618530273,67467100
2022-06-14,27.257503509521484,30.837499618530273,30.887500762939453,30.524999618530273,30.649999618530273,47559120
2022-06-15,27.12491798400879,30.6875,30.899999618530273,30.662500381469727,30.75,35393308
2022-06-16,27.069673538208008,30.625,31.25,30.5625,31.024999618530273,51071688
2022-06-17,26.705060958862305,30.212499618530273,30.375,30.100000381469727,30.25,78686220
2022-06-20,26.46198844909668,29.9375,30.237499237060547,29.875,30.225000381469727,42257108
2022-06-21,27.003381729125977,30.549999237060547,30.549999237060547,30.087499618530273,30.237499237060547,25930500
2022-06-22,26.406742095947266,29.875,30.424999237060547,29.837499618530273,30.424999237060547,60435976
2022-06-23,26.053178787231445,29.475000381469727,29.950000762939453,29.3125,29.950000762939453,67491772
2022-06-24,26.108423233032227,29.537500381469727,29.825000762939453,29.487499237060547,29.662500381469727,43073528
2022-06-27,26.727163314819336,30.237499237060547,30.362499237060547,29.950000762939453,29.950000762939453,66723816
2022-06-28,26.47303581237793,29.950000762939453,30.200000762939453,29.8125,30.200000762939453,43233840
2022-06-29,26.25206184387207,29.700000762939453,29.887500762939453,29.625,29.674999237060547,25087984
2022-06-30,25.589126586914062,28.950000762939453,29.450000762939453,28.875,29.424999237060547,81720980
2022-07-01,24.64997673034668,27.887500762939453,28.912500381469727,27.799999237060547,28.912500381469727,138878240
2022-07-04,24.40690040588379,27.612499237060547,28.049999237060547,27.5,27.8125,105770848
2022-07-05,24.5284366607666,27.75,28.237499237060547,27.25,28.137500762939453,64857832
2022-07-06,24.0533390045166,27.212499618530273,27.762500762939453,27.112499237060547,27.75,62447924
2022-07-07,24.771512985229492,28.024999618530273,28.037500381469727,27.137500762939453,27.362499237060547,53732760
2022-07-08,25.025634765625,28.3125,28.475000381469727,28.075000762939453,28.325000762939453,40711428
2022-07-11,24.804662704467773,28.0625,28.424999237060547,27.962499618530273,28.412500381469727,30291812
2022-07-12,24.208023071289062,27.387500762939453,27.737499237060547,27.287500381469727,27.737499237060547,44533776
2022-07-13,25.0698299407959,28.362499237060547,28.412500381469727,28.149999618530273,28.25,99299588
2022-07-14,25.191370010375977,28.5,28.5625,27.950000762939453,28.174999237060547,59001712
2022-07-15,25.52283477783203,28.875,28.912500381469727,28.4375,28.649999618530273,74221248
2022-07-18,25.63507080078125,28.549999237060547,28.712499618530273,28.487499237060547,28.662500381469727,88829376
2022-07-19,25.65751838684082,28.575000762939453,28.662500381469727,28.399999618530273,28.487499237060547,53005460
2022-07-20,25.825876235961914,28.762500762939453,29.049999237060547,28.674999237060547,28.962499618530273,67345152
2022-07-21,26.117692947387695,29.087499618530273,29.087499618530273,28.75,28.850000381469727,35213080
2022-07-22,26.21870994567871,29.200000762939453,29.299999237060547,29.075000762939453,29.149999618530273,62459656
2022-07-25,26.196260452270508,29.174999237060547,29.237499237060547,29.0,29.075000762939453,42173440
2022-07-26,25.960559844970703,28.912500381469727,29.149999618530273,28.825000762939453,29.149999618530273,50495728
2022-07-27,26.196260452270508,29.174999237060547,29.174999237060547,28.787500381469727,28.875,31668200
2022-07-28,26.24115562438965,29.225000381469727,29.487499237060547,29.225000381469727,29.462499618530273,33228832
2022-07-29,26.488079071044922,29.5,29.625,29.412500381469727,29.537500381469727,32121328
2022-08-01,26.40951156616211,29.412500381469727,29.524999618530273,29.299999237060547,29.524999618530273,38018536
2022-08-02,25.988924026489258,28.887500762939453,29.137500762939453,28.774999618530273,29.137500762939453,70777800
2022-08-03,26.146364212036133,29.0625,29.0625,28.875,28.912500381469727,31360808
2022-08-04,26.21384048461914,29.137500762939453,29.200000762939453,28.799999237060547,29.087499618530273,27397668
2022-08-05,26.877334594726562,29.875,29.875,29.475000381469727,29.5,37238236
2022-08-08,26.82110595703125,29.8125,29.8125,29.575000762939453,29.75,34765628
2022-08-09,26.79861831665039,29.787500381469727,29.875,29.5,29.600000381469727,31536632
2022-08-10,26.517471313476562,29.475000381469727,29.549999237060547,29.375,29.5,28891416
2022-08-11,27.001041412353516,30.012500762939453,30.112499237060547,29.899999618530273,29.950000762939453,42912384
2022-08-12,27.169727325439453,30.200000762939453,30.25,30.075000762939453,30.137500762939453,33697348
2022-08-15,27.417133331298828,30.475000381469727,30.524999618530273,30.3125,30.362499237060547,38189448
2022-08-16,27.462116241455078,30.524999618530273,30.575000762939453,30.475000381469727,30.5,39489064
2022-08-17,27.473360061645508,30.537500381469727,30.575000762939453,30.450000762939453,30.524999618530273,55419464
2022-08-18,27.29343032836914,30.337499618530273,30.362499237060547,30.237499237060547,30.350000381469727,21088012
2022-08-19,27.33841323852539,30.387500762939453,30.5,30.225000381469727,30.3125,16104076
2022-08-22,27.001041412353516,30.012500762939453,30.0625,29.9375,30.0,20028000
2022-08-23,26.58494758605957,29.549999237060547,29.75,29.549999237060547,29.637500762939453,41302508
2022-08-24,26.517471313476562,29.475000381469727,29.737499237060547,29.412500381469727,29.700000762939453,28253912
2022-08-25,26.76487922668457,29.75,29.862499237060547,29.612499237060547,29.625,19574876
2022-08-26,26.89982795715332,29.899999618530273,30.024999618530273,29.862499237060547,29.962499618530273,39838948
2022-08-29,26.21384048461914,29.137500762939453,29.237499237060547,29.0,29.0625,63102952
2022-08-30,26.258821487426758,29.1875,29.299999237060547,29.049999237060547,29.137500762939453,48621412
2022-08-31,26.449996948242188,29.399999618530273,29.399999618530273,28.950000762939453,28.987499237060547,28183656
2022-09-01,25.898958206176758,28.787500381469727,28.899999618530273,28.6875,28.875,84246316
2022-09-02,25.617809295654297,28.475000381469727,28.774999618530273,28.462499618530273,28.774999618530273,55976232
2022-09-05,25.674041748046875,28.537500381469727,28.6875,28.424999237060547,28.524999618530273,35512716
2022-09-06,25.842727661132812,28.725000381469727,28.850000381469727,28.5625,28.700000762939453,25904464
2022-09-07,25.235456466674805,28.049999237060547,28.287500381469727,28.024999618530273,28.274999618530273,61955568
2022-09-08,25.415388107299805,28.25,28.262500762939453,28.100000381469727,28.262500762939453,28468684
2022-09-12,25.955184936523438,28.850000381469727,28.912500381469727,28.75,28.825000762939453,30181272
2022-09-13,26.09013557434082,29.0,29.100000381469727,28.9375,29.024999618530273,18161944
2022-09-14,25.56158447265625,28.412500381469727,28.487499237060547,28.200000762939453,28.262500762939453,43782264
2022-09-15,25.6065673828125,28.462499618530273,28.5625,28.299999237060547,28.375,14736400
2022-09-16,25.314178466796875,28.137500762939453,28.212499618530273,28.075000762939453,28.162500381469727,51803628
2022-09-19,25.201723098754883,28.012500762939453,28.237499237060547,27.975000381469727,28.237499237060547,28709272
2022-09-20,25.4266357421875,28.262500762939453,28.287500381469727,28.0625,28.137500762939453,23028824
2022-09-21,25.212966918945312,28.024999618530273,28.200000762939453,27.950000762939453,28.200000762939453,44046172
2022-09-22,24.909330368041992,27.6875,27.6875,27.375,27.600000381469727,59646724
2022-09-23,24.673168182373047,27.424999237060547,27.587499618530273,27.337499618530273,27.5625,58395944
2022-09-26,24.212093353271484,26.912500381469727,27.012500762939453,26.787500381469727,27.012500762939453,79683304
2022-09-27,24.178356170654297,26.875,26.987499237060547,26.75,26.950000762939453,35851112
2022-09-28,23.672298431396484,26.3125,26.912500381469727,26.3125,26.899999618530273,75593876
2022-09-29,23.593578338623047,26.225000381469727,26.612499237060547,26.149999618530273,26.612499237060547,41608432
2022-09-30,23.267452239990234,25.862499237060547,25.975000381469727,25.75,25.825000762939453,50705712
2022-10-03,22.98630714416504,25.549999237060547,25.899999618530273,25.512500762939453,25.625,43969468
2022-10-04,23.57108497619629,26.200000762939453,26.200000762939453,26.024999618530273,26.137500762939453,30114732
2022-10-05,24.122127532958984,26.8125,26.962499618530273,26.587499618530273,26.625,42787184
2022-10-06,24.290813446044922,27.0,27.0,26.875,26.950000762939453,33828044
2022-10-07,23.885963439941406,26.549999237060547,26.850000381469727,26.524999618530273,26.850000381469727,34802512
2022-10-11,22.64893341064453,25.174999237060547,25.537500381469727,25.125,25.5,125921740
2022-10-12,22.53647804260254,25.049999237060547,25.174999237060547,24.887500762939453,25.100000381469727,53397184
2022-10-13,22.266578674316406,24.75,25.137500762939453,24.75,25.137500762939453,83371040
2022-10-14,22.907588958740234,25.462499618530273,25.575000762939453,25.274999618530273,25.4375,45731032
2022-10-17,22.48024559020996,24.987499237060547,25.024999618530273,24.762500762939453,24.987499237060547,78771904
2022-10-18,22.73889923095703,25.274999618530273,25.387500762939453,24.987499237060547,25.375,25608136
2022-10-19,22.43526840209961,24.9375,25.25,24.887500762939453,25.200000762939453,62496316
2022-10-20,22.311559677124023,24.799999237060547,24.862499237060547,24.337499618530273,24.549999237060547,75939888
2022-10-21,22.244089126586914,24.725000381469727,24.962499618530273,24.674999237060547,24.825000762939453,48662404
2022-10-24,22.176612854003906,24.649999618530273,25.200000762939453,24.649999618530273,25.1875,67982140
2022-10-25,21.74927520751953,24.174999237060547,24.649999618530273,24.125,24.649999618530273,80259668
2022-10-26,21.951698303222656,24.399999618530273,24.5,24.125,24.212499618530273,43837832
2022-10-27,22.266578674316406,24.75,24.837499618530273,24.625,24.625,32068688
2022-10-28,21.985437393188477,24.4375,24.649999618530273,24.3125,24.649999618530273,45962880
2022-10-31,22.27782440185547,24.762500762939453,24.837499618530273,24.524999618530273,24.712499618530273,40352320
2022-11-01,22.401527404785156,24.899999618530273,24.987499237060547,24.700000762939453,24.712499618530273,32777216
2022-11-02,22.491493225097656,25.0,25.012500762939453,24.850000381469727,24.899999618530273,28021220
2022-11-03,22.1991024017334,24.674999237060547,24.712499618530273,24.587499618530273,24.625,54132456
2022-11-04,22.23284149169922,24.712499618530273,24.737499237060547,24.375,24.524999618530273,25730140
2022-11-07,22.61520004272461,25.137500762939453,25.212499618530273,24.887500762939453,24.950000762939453,48426144
2022-11-08,22.85135841369629,25.399999618530273,25.487499237060547,25.3125,25.362499237060547,41625688
2022-11-09,23.503612518310547,26.125,26.125,25.637500762939453,25.637500762939453,75645316
2022-11-10,23.27869415283203,25.875,25.962499618530273,25.799999237060547,25.862499237060547,58931616
2022-11-11,24.515729904174805,27.25,27.25,26.950000762939453,27.137500762939453,137249556
2022-11-14,24.740644454956055,27.5,27.600000381469727,27.350000381469727,27.450000762939453,72667064
2022-11-15,25.79774284362793,28.674999237060547,28.737499237060547,27.799999237060547,27.799999237060547,135373028
2022-11-16,25.752763748168945,28.625,28.9375,28.462499618530273,28.75,94684964
2022-11-17,25.764009475708008,28.637500762939453,28.662500381469727,28.212499618530273,28.487499237060547,53409672
2022-11-18,25.696533203125,28.5625,28.962499618530273,28.512500762939453,28.725000381469727,42624300
2022-11-21,25.6065673828125,28.462499618530273,28.662500381469727,28.424999237060547,28.587499618530273,34742276
2022-11-22,25.820236206054688,28.700000762939453,28.75,28.262500762939453,28.350000381469727,22178072
2022-11-23,26.000167846679688,28.899999618530273,28.975000381469727,28.762500762939453,28.912500381469727,31755848
2022-11-24,26.247575759887695,29.174999237060547,29.212499618530273,28.975000381469727,29.0,60955344
2022-11-25,26.247575759887695,29.174999237060547,29.237499237060547,29.087499618530273,29.162500381469727,64081944
2022-11-28,25.719022750854492,28.587499618530273,28.825000762939453,28.475000381469727,28.649999618530273,60178952
2022-11-29,25.955184936523438,28.850000381469727,28.850000381469727,28.274999618530273,28.462499618530273,42685868
2022-11-30,26.168853759765625,29.087499618530273,29.100000381469727,28.712499618530273,28.774999618530273,37184264
2022-12-01,26.618682861328125,29.587499618530273,29.875,29.5,29.799999237060547,98737356
2022-12-02,26.382522583007812,29.325000762939453,29.487499237060547,29.25,29.325000762939453,29920608
2022-12-05,26.416257858276367,29.362499237060547,29.625,29.299999237060547,29.325000762939453,47951016
2022-12-06,25.932695388793945,28.825000762939453,29.200000762939453,28.799999237060547,29.200000762939453,39880032
2022-12-07,25.775251388549805,28.649999618530273,28.962499618530273,28.549999237060547,28.625,32901556
2022-12-08,25.471616744995117,28.3125,28.524999618530273,28.112499237060547,28.512500762939453,36475576
2022-12-09,25.865219116210938,28.75,28.8125,28.487499237060547,28.5,24947356
2022-12-12,25.617809295654297,28.475000381469727,28.549999237060547,28.3125,28.549999237060547,33456200
2022-12-13,25.505353927612305,28.350000381469727,28.625,28.3125,28.625,26088568
2022-12-14,25.820236206054688,28.700000762939453,28.75,28.5,28.524999618530273,31534172
2022-12-15,25.842727661132812,28.725000381469727,28.762500762939453,28.475000381469727,28.575000762939453,31236764
2022-12-16,25.415388107299805,28.25,28.325000762939453,28.0625,28.125,47527104
2022-12-19,25.269193649291992,28.087499618530273,28.237499237060547,28.0,28.087499618530273,24526112
2022-12-20,24.80811882019043,27.575000762939453,28.125,27.512500762939453,28.037500381469727,49743932
2022-12-21,24.909330368041992,27.6875,27.850000381469727,27.575000762939453,27.700000762939453,47612612
2022-12-22,25.325420379638672,28.149999618530273,28.1875,27.9375,27.9375,20092604
2022-12-23,24.898080825805664,27.674999237060547,27.762500762939453,27.600000381469727,27.674999237060547,23941448
2022-12-26,24.988048553466797,27.774999618530273,27.799999237060547,27.674999237060547,27.700000762939453,16120680
2022-12-27,25.100509643554688,27.899999618530273,28.0625,27.850000381469727,27.850000381469727,16508700
2022-12-28,24.740644454956055,27.5,27.625,27.350000381469727,27.625,48701404
2022-12-29,24.628185272216797,27.375,27.399999618530273,27.100000381469727,27.299999237060547,55414224
2022-12-30,24.785625457763672,27.549999237060547,27.6875,27.549999237060547,27.649999618530273,34572648
2023-01-03,24.909330368041992,27.6875,27.725000381469727,27.112499237060547,27.399999618530273,59242536
2023-01-04,24.853103637695312,27.625,27.700000762939453,27.524999618530273,27.575000762939453,55019412
2023-01-05,25.033035278320312,27.825000762939453,27.924999237060547,27.737499237060547,27.8125,48283616
2023-01-06,25.145490646362305,27.950000762939453,28.049999237060547,27.787500381469727,27.799999237060547,46347120
2023-01-09,26.045150756835938,28.950000762939453,28.950000762939453,28.475000381469727,28.5,59992304
2023-01-10,26.146364212036133,29.0625,29.100000381469727,28.9375,28.987499237060547,47897080
2023-01-11,26.168853759765625,29.087499618530273,29.1875,28.975000381469727,29.162500381469727,62409904
2023-01-12,26.056396484375,28.962499618530273,29.149999618530273,28.912500381469727,29.125,39816908
2023-01-13,26.360031127929688,29.299999237060547,29.649999618530273,29.237499237060547,29.625,113933548
2023-01-16,26.562454223632812,29.524999618530273,29.637500762939453,29.5,29.524999618530273,110397484
2023-01-17,26.562454223632812,29.524999618530273,29.587499618530273,29.450000762939453,29.587499618530273,56226344
2023-01-30,27.758337020874023,30.174999237060547,30.25,30.0,30.200000762939453,173329284
2023-01-31,27.20639419555664,29.575000762939453,30.149999618530273,29.575000762939453,30.149999618530273,86450304
2023-02-01,27.36737632751465,29.75,29.862499237060547,29.612499237060547,29.774999618530273,26163640
2023-02-02,27.827333450317383,30.25,30.274999618530273,30.0625,30.075000762939453,62178044
2023-02-03,27.827333450317383,30.25,30.299999237060547,30.049999237060547,30.237499237060547,38029112
2023-02-06,27.424869537353516,29.8125,30.024999618530273,29.8125,30.024999618530273,53519476
2023-02-07,27.36737632751465,29.75,29.8125,29.637500762939453,29.774999618530273,33203448
2023-02-08,27.792835235595703,30.212499618530273,30.237499237060547,30.0,30.024999618530273,35659720
2023-02-09,27.80433464050293,30.225000381469727,30.25,30.075000762939453,30.125,19396980
2023-02-10,27.827333450317383,30.25,30.274999618530273,30.149999618530273,30.225000381469727,24871900
2023-02-13,27.769838333129883,30.1875,30.225000381469727,29.975000381469727,30.174999237060547,15322364
2023-02-14,27.976818084716797,30.412500381469727,30.450000762939453,30.3125,30.3125,30469028
2023-02-15,27.3328800201416,29.712499618530273,30.0625,29.700000762939453,29.987499237060547,49084992
2023-02-16,27.666349411010742,30.075000762939453,30.125,29.825000762939453,29.825000762939453,44040076
2023-02-17,27.309885025024414,29.6875,29.825000762939453,29.600000381469727,29.825000762939453,31532096
2023-02-20,27.36737632751465,29.75,29.837499618530273,29.524999618530273,29.637500762939453,23364440
2023-02-21,27.355876922607422,29.737499237060547,29.774999618530273,29.637500762939453,29.75,17772152
2023-02-22,27.056907653808594,29.412500381469727,29.4375,29.274999618530273,29.375,43550488
2023-02-23,27.459367752075195,29.850000381469727,29.950000762939453,29.487499237060547,29.487499237060547,24790780
2023-02-24,27.321382522583008,29.700000762939453,30.024999618530273,29.700000762939453,29.975000381469727,21990924
2023-03-01,27.44786834716797,29.837499618530273,29.862499237060547,29.212499618530273,29.325000762939453,29869272
2023-03-02,27.424869537353516,29.8125,29.837499618530273,29.575000762939453,29.837499618530273,13924924
2023-03-03,27.44786834716797,29.837499618530273,30.024999618530273,29.799999237060547,29.950000762939453,12403748
2023-03-06,27.712343215942383,30.125,30.225000381469727,29.975000381469727,30.037500381469727,37364848
2023-03-07,27.896324157714844,30.325000762939453,30.350000381469727,30.049999237060547,30.137500762939453,29874380
2023-03-08,27.666349411010742,30.075000762939453,30.149999618530273,29.950000762939453,30.125,24727856
2023-03-09,27.64335060119629,30.049999237060547,30.200000762939453,30.049999237060547,30.1875,13108684
2023-03-10,27.20639419555664,29.575000762939453,29.737499237060547,29.5,29.712499618530273,52548684
2023-03-13,27.321382522583008,29.700000762939453,29.774999618530273,29.350000381469727,29.487499237060547,74943036
2023-03-14,27.022409439086914,29.375,29.487499237060547,29.287500381469727,29.387500762939453,44186128
2023-03-15,27.045408248901367,29.399999618530273,29.674999237060547,29.362499237060547,29.600000381469727,48857440
2023-03-16,26.918920516967773,29.262500762939453,29.350000381469727,29.125,29.299999237060547,62425580
2023-03-17,27.355876922607422,29.737499237060547,29.737499237060547,29.450000762939453,29.462499618530273,43399212
2023-03-20,27.160396575927734,29.524999618530273,29.762500762939453,29.462499618530273,29.737499237060547,28429916
2023-03-21,27.286882400512695,29.662500381469727,29.6875,29.549999237060547,29.625,14367480
2023-03-22,27.80433464050293,30.225000381469727,30.225000381469727,29.862499237060547,29.862499237060547,56968508
2023-03-23,28.022811889648438,30.462499618530273,30.575000762939453,30.112499237060547,30.162500381469727,62131916
2023-03-24,28.10330581665039,30.549999237060547,30.575000762939453,30.387500762939453,30.5,53829576
2023-03-27,27.930822372436523,30.362499237060547,30.475000381469727,30.299999237060547,30.4375,42578380
2023-03-28,27.68934440612793,30.100000381469727,30.287500381469727,30.049999237060547,30.237499237060547,38965956
2023-03-29,27.735342025756836,30.149999618530273,30.262500762939453,30.037500381469727,30.162500381469727,12297708
2023-03-30,27.87332534790039,30.299999237060547,30.424999237060547,30.1875,30.350000381469727,45522456
2023-03-31,27.96531867980957,30.399999618530273,30.587499618530273,30.350000381469727,30.424999237060547,59806560
2023-04-06,27.827333450317383,30.25,30.25,30.049999237060547,30.212499618530273,30005676
2023-04-07,27.827333450317383,30.25,30.362499237060547,30.200000762939453,30.3125,17655436
2023-04-10,27.827333450317383,30.25,30.412500381469727,30.225000381469727,30.3125,15124112
2023-04-11,27.792835235595703,30.212499618530273,30.287500381469727,30.100000381469727,30.25,23765992
2023-04-12,27.723840713500977,30.137500762939453,30.212499618530273,30.037500381469727,30.212499618530273,11568680
2023-04-13,27.48236846923828,29.875,30.037500381469727,29.875,30.012500762939453,26200016
2023-04-14,27.746841430664062,30.162500381469727,30.225000381469727,29.962499618530273,30.0,12363216
2023-04-17,27.67784881591797,30.087499618530273,30.125,29.950000762939453,30.087499618530273,22756672
2023-04-18,27.585853576660156,29.987499237060547,30.100000381469727,29.9375,30.087499618530273,19338552
2023-04-19,27.378877639770508,29.762500762939453,30.012500762939453,29.700000762939453,30.0,31139140
2023-04-20,27.344379425048828,29.725000381469727,29.850000381469727,29.600000381469727,29.712499618530273,25631852
2023-04-21,27.2753849029541,29.649999618530273,29.887500762939453,29.625,29.862499237060547,19224952
2023-04-24,27.17189598083496,29.537500381469727,29.625,29.424999237060547,29.450000762939453,26235392
2023-04-25,26.815427780151367,29.149999618530273,29.575000762939453,29.137500762939453,29.575000762939453,74111004
2023-04-26,26.700439453125,29.024999618530273,29.149999618530273,28.912500381469727,29.137500762939453,51812420
2023-04-27,26.677444458007812,29.0,29.162500381469727,28.875,29.012500762939453,37843400
2023-04-28,26.999412536621094,29.350000381469727,29.387500762939453,29.212499618530273,29.212499618530273,22563740
2023-05-02,27.068405151367188,29.424999237060547,29.5,29.274999618530273,29.362499237060547,20658196
2023-05-03,26.953413009643555,29.299999237060547,29.337499618530273,29.200000762939453,29.337499618530273,16713728
2023-05-04,27.022409439086914,29.375,29.375,29.174999237060547,29.25,14828800
2023-05-05,27.09140396118164,29.450000762939453,29.512500762939453,29.350000381469727,29.424999237060547,8875004
2023-05-08,27.263887405395508,29.637500762939453,29.725000381469727,29.587499618530273,29.625,24044836
2023-05-09,27.344379425048828,29.725000381469727,29.75,29.575000762939453,29.649999618530273,18544840
2023-05-10,27.09140396118164,29.450000762939453,29.700000762939453,29.412500381469727,29.700000762939453,16300476
2023-05-11,27.03390884399414,29.387500762939453,29.612499237060547,29.387500762939453,29.5625,14739856
2023-05-12,26.953413009643555,29.299999237060547,29.375,29.1875,29.287500381469727,15253396
2023-05-15,26.953413009643555,29.299999237060547,29.337499618530273,29.162500381469727,29.237499237060547,16478796
2023-05-16,27.2753849029541,29.649999618530273,29.75,29.462499618530273,29.475000381469727,31605876
2023-05-17,27.723840713500977,30.137500762939453,30.174999237060547,29.662500381469727,29.662500381469727,104119624
2023-05-18,28.091808319091797,30.537500381469727,30.600000381469727,30.399999618530273,30.450000762939453,87894220
2023-05-19,28.172298431396484,30.625,30.712499618530273,30.549999237060547,30.649999618530273,136498504
2023-05-22,28.126304626464844,30.575000762939453,30.662500381469727,30.524999618530273,30.625,71936104
2023-05-23,28.10330581665039,30.549999237060547,30.662500381469727,30.450000762939453,30.575000762939453,49062812
2023-05-24,27.96531867980957,30.399999618530273,30.450000762939453,30.274999618530273,30.412500381469727,43519312
2023-05-25,28.29878807067871,30.762500762939453,30.850000381469727,30.612499237060547,30.75,45771436
2023-05-26,28.965721130371094,31.487499237060547,31.512500762939453,31.25,31.25,95122080
2023-05-29,29.149707794189453,31.6875,31.887500762939453,31.625,31.862499237060547,57995472
2023-05-30,29.149707794189453,31.6875,31.762500762939453,31.612499237060547,31.6875,48495216
2023-05-31,29.011720657348633,31.537500381469727,31.674999237060547,31.287500381469727,31.674999237060547,35461188
2023-06-01,28.781742095947266,31.287500381469727,31.399999618530273,31.225000381469727,31.337499618530273,15517372
2023-06-02,29.149707794189453,31.6875,31.75,31.450000762939453,31.450000762939453,31771276
2023-06-05,29.057714462280273,31.587499618530273,31.700000762939453,31.5625,31.6875,25440488
2023-06-06,29.13820457458496,31.674999237060547,31.8125,31.537500381469727,31.587499618530273,26369656
2023-06-07,29.46017837524414,32.025001525878906,32.0625,31.75,31.75,48306172
2023-06-08,29.172704696655273,31.712499618530273,32.04999923706055,31.637500762939453,31.975000381469727,20562940
2023-06-09,29.391183853149414,31.950000762939453,32.04999923706055,31.850000381469727,31.875,22207812
2023-06-12,29.667156219482422,32.25,32.32500076293945,32.125,32.125,54885148
2023-06-13,30.253599166870117,32.88750076293945,32.98749923706055,32.54999923706055,32.54999923706055,93752808
2023-06-14,30.242101669311523,32.875,32.900001525878906,32.75,32.849998474121094,26707972
2023-06-15,30.334089279174805,32.974998474121094,33.0,32.875,32.88750076293945,44164476
2023-06-16,30.253599166870117,32.88750076293945,32.95000076293945,32.775001525878906,32.95000076293945,28808864
2023-06-19,30.184606552124023,32.8125,32.875,32.63750076293945,32.73749923706055,23915984
2023-06-20,30.023624420166016,32.63750076293945,32.8125,32.587501525878906,32.775001525878906,26115876
2023-06-21,30.023624420166016,32.63750076293945,32.76250076293945,32.5625,32.63750076293945,106262060
2023-06-26,29.839641571044922,32.4375,32.587501525878906,32.349998474121094,32.587501525878906,29573612
2023-06-27,29.6441593170166,32.224998474121094,32.38750076293945,32.17499923706055,32.287498474121094,26296196
2023-06-28,29.690155029296875,32.275001525878906,32.42499923706055,32.20000076293945,32.337501525878906,22783412
2023-06-29,29.67865753173828,32.26250076293945,32.625,32.224998474121094,32.4375,22786068
2023-06-30,29.690155029296875,32.275001525878906,32.275001525878906,32.07500076293945,32.20000076293945,28116752
2023-07-03,30.058120727539062,32.67499923706055,32.67499923706055,32.400001525878906,32.400001525878906,26491300
2023-07-04,30.12711524963379,32.75,32.787498474121094,32.63750076293945,32.6875,22718680
2023-07-05,30.081117630004883,32.70000076293945,32.79999923706055,32.599998474121094,32.75,20003768
2023-07-06,29.414182662963867,31.975000381469727,32.42499923706055,31.924999237060547,32.42499923706055,65609104
2023-07-07,29.36818504333496,31.924999237060547,32.07500076293945,31.774999618530273,31.887500762939453,32081608
2023-07-10,29.31068992614746,31.862499237060547,32.125,31.75,32.025001525878906,31486556
2023-07-11,29.713151931762695,32.29999923706055,32.29999923706055,32.0,32.0,18161736
2023-07-12,29.770647048950195,32.36249923706055,32.36249923706055,32.212501525878906,32.32500076293945,13757804
2023-07-13,30.104114532470703,32.724998474121094,32.974998474121094,32.712501525878906,32.82500076293945,62665236
2023-07-14,30.414587020874023,33.0625,33.125,32.86249923706055,32.86249923706055,58928984
2023-07-17,30.357086181640625,33.0,33.04999923706055,32.9375,33.0,61113608
2023-07-18,30.298757553100586,32.462501525878906,32.75,32.42499923706055,32.75,43350244
2023-07-19,30.042085647583008,32.1875,32.625,32.1875,32.537498474121094,57198712
2023-07-20,30.18208885192871,32.337501525878906,32.42499923706055,32.25,32.26250076293945,14887776
2023-07-21,29.680416107177734,31.799999237060547,31.850000381469727,31.625,31.850000381469727,51028788
2023-07-24,29.692081451416016,31.8125,31.912500381469727,31.649999618530273,31.75,38900724
2023-07-25,30.065420150756836,32.212501525878906,32.29999923706055,31.924999237060547,31.924999237060547,27691160
2023-07-26,29.98375129699707,32.125,32.29999923706055,32.087501525878906,32.275001525878906,17586968
2023-07-27,30.21708869934082,32.375,32.375,32.25,32.287498474121094,16027612
2023-07-28,30.21708869934082,32.375,32.474998474121094,32.25,32.349998474121094,10722548
2023-07-31,30.053752899169922,32.20000076293945,32.662498474121094,32.0625,32.57500076293945,28994208
2023-08-01,30.205421447753906,32.36249923706055,32.38750076293945,32.212501525878906,32.25,17791060
2023-08-02,29.832080841064453,31.962499618530273,32.36249923706055,31.862499237060547,32.349998474121094,48022884
2023-08-04,29.692081451416016,31.8125,31.875,31.725000381469727,31.8125,26939664
2023-08-07,29.98375129699707,32.125,32.17499923706055,31.887500762939453,31.912500381469727,18407492
2023-08-08,29.633747100830078,31.75,32.04999923706055,31.600000381469727,32.025001525878906,42070044
2023-08-09,29.680416107177734,31.799999237060547,31.912500381469727,31.662500381469727,31.700000762939453,14657596
2023-08-10,29.493741989135742,31.600000381469727,31.75,31.575000762939453,31.725000381469727,43583592
2023-08-11,29.47041130065918,31.575000762939453,31.837499618530273,31.537500381469727,31.75,30991408
2023-08-14,29.050405502319336,31.125,31.424999237060547,31.024999618530273,31.412500381469727,90266740
2023-08-15,29.09707260131836,31.174999237060547,31.362499237060547,31.149999618530273,31.3125,29644352
2023-08-16,28.945404052734375,31.012500762939453,31.100000381469727,30.899999618530273,31.037500381469727,72292252
2023-08-17,29.07373809814453,31.149999618530273,31.162500381469727,30.725000381469727,30.899999618530273,38535436
2023-08-18,28.89873504638672,30.962499618530273,31.200000762939453,30.924999237060547,31.049999237060547,30402880
2023-08-21,28.700401306152344,30.75,31.112499237060547,30.75,31.049999237060547,40236924
2023-08-22,28.933738708496094,31.0,31.087499618530273,30.924999237060547,31.0,14564580
2023-08-23,29.13207244873047,31.212499618530273,31.287500381469727,31.0,31.0,27136280
2023-08-24,29.633747100830078,31.75,31.774999618530273,31.5625,31.600000381469727,26694756
2023-08-25,29.06207275390625,31.137500762939453,31.375,31.125,31.375,28754872
2023-08-28,29.248741149902344,31.337499618530273,31.424999237060547,31.1875,31.212499618530273,17258996
2023-08-29,29.41207504272461,31.512500762939453,31.512500762939453,31.174999237060547,31.5,25960364
2023-08-30,29.54041290283203,31.649999618530273,31.762500762939453,31.524999618530273,31.6875,22997780
2023-08-31,29.33041000366211,31.424999237060547,31.637500762939453,31.375,31.637500762939453,17424156
2023-09-01,29.377077102661133,31.475000381469727,31.575000762939453,31.274999618530273,31.375,12327708
2023-09-04,29.57541275024414,31.6875,31.700000762939453,31.399999618530273,31.475000381469727,13690652
2023-09-05,29.50541114807129,31.612499237060547,31.649999618530273,31.512500762939453,31.637500762939453,14489636
2023-09-06,29.400409698486328,31.5,31.674999237060547,31.462499618530273,31.649999618530273,29338084
2023-09-07,29.13207244873047,31.212499618530273,31.375,31.174999237060547,31.325000762939453,22600776
2023-09-08,29.003738403320312,31.075000762939453,31.125,30.962499618530273,31.024999618530273,22110532
2023-09-11,28.887069702148438,30.950000762939453,31.125,30.850000381469727,31.112499237060547,33026528
2023-09-12,29.178741455078125,31.262500762939453,31.262500762939453,30.962499618530273,31.024999618530273,10398692
2023-09-13,29.2137393951416,31.299999237060547,31.399999618530273,31.174999237060547,31.299999237060547,12823132
2023-09-14,29.622079849243164,31.737499237060547,31.737499237060547,31.387500762939453,31.475000381469727,28711600
2023-09-15,29.715412139892578,31.837499618530273,31.837499618530273,31.6875,31.75,22933528
2023-09-18,29.400409698486328,31.5,31.649999618530273,31.462499618530273,31.649999618530273,28383636
2023-09-19,29.272075653076172,31.362499237060547,31.512500762939453,31.337499618530273,31.462499618530273,16069368
2023-09-20,29.108739852905273,31.1875,31.299999237060547,31.125,31.262500762939453,23793164
2023-09-21,28.642065048217773,30.6875,30.962499618530273,30.662500381469727,30.950000762939453,84682840
2023-09-22,28.618732452392578,30.662500381469727,30.700000762939453,30.512500762939453,30.612499237060547,38237532
2023-09-25,28.828737258911133,30.887500762939453,30.9375,30.6875,30.6875,15972528
2023-09-26,28.490398406982422,30.524999618530273,30.75,30.5,30.662500381469727,40307016
2023-09-27,28.502063751220703,30.537500381469727,30.575000762939453,30.387500762939453,30.462499618530273,26110120
2023-09-28,28.618732452392578,30.662500381469727,30.787500381469727,30.512500762939453,30.6875,22157308
2023-10-02,28.9920711517334,31.0625,31.125,30.899999618530273,30.899999618530273,25845048
2023-10-03,28.817066192626953,30.875,31.037500381469727,30.862499237060547,30.987499237060547,20273816
2023-10-04,28.443729400634766,30.475000381469727,30.549999237060547,30.337499618530273,30.524999618530273,44900108
2023-10-05,28.85207176208496,30.912500381469727,30.912500381469727,30.600000381469727,30.600000381469727,16421960
2023-10-06,28.95707130432129,31.024999618530273,31.075000762939453,30.950000762939453,30.950000762939453,19539980
2023-10-11,29.458744049072266,31.5625,31.600000381469727,31.462499618530273,31.475000381469727,53988076
2023-10-12,29.70374870300293,31.825000762939453,31.837499618530273,31.575000762939453,31.625,57188056
2023-10-13,29.622079849243164,31.737499237060547,31.850000381469727,31.625,31.75,25451284
2023-10-16,29.458744049072266,31.5625,31.575000762939453,31.424999237060547,31.575000762939453,30968164
2023-10-17,29.52874755859375,31.637500762939453,31.75,31.600000381469727,31.674999237060547,27344148
2023-10-18,29.120407104492188,31.200000762939453,31.5625,31.200000762939453,31.5625,38264128
2023-10-19,29.13207244873047,31.212499618530273,31.299999237060547,31.100000381469727,31.100000381469727,31304980
2023-10-20,29.26041030883789,31.350000381469727,31.362499237060547,30.975000381469727,31.1875,17549164
2023-10-23,28.89873504638672,30.962499618530273,31.212499618530273,30.887500762939453,31.212499618530273,32149280
2023-10-24,28.922067642211914,30.987499237060547,30.987499237060547,30.674999237060547,30.950000762939453,28788744
2023-10-25,28.98040199279785,31.049999237060547,31.225000381469727,31.049999237060547,31.049999237060547,15920360
2023-10-26,28.408729553222656,30.4375,30.600000381469727,30.399999618530273,30.462499618530273,87896488
2023-10-27,28.537065505981445,30.575000762939453,30.6875,30.524999618530273,30.537500381469727,16275748
2023-10-30,28.46706199645996,30.5,30.712499618530273,30.4375,30.600000381469727,36553408
2023-10-31,28.268728256225586,30.287500381469727,30.612499237060547,30.274999618530273,30.600000381469727,43123508
2023-11-01,28.408729553222656,30.4375,30.537500381469727,30.3125,30.5,17689308
2023-11-02,29.050405502319336,31.125,31.125,30.787500381469727,30.787500381469727,39232848
2023-11-03,29.272075653076172,31.362499237060547,31.399999618530273,31.174999237060547,31.25,34794272
2023-11-06,29.52874755859375,31.637500762939453,31.799999237060547,31.587499618530273,31.637500762939453,63692796
2023-11-07,29.517078399658203,31.625,31.700000762939453,31.524999618530273,31.625,26172452
2023-11-08,29.680416107177734,31.799999237060547,31.862499237060547,31.625,31.662500381469727,44402716
2023-11-09,29.692081451416016,31.8125,31.850000381469727,31.662500381469727,31.725000381469727,24907492
2023-11-10,29.57541275024414,31.6875,31.712499618530273,31.600000381469727,31.674999237060547,17006284
2023-11-13,30.030418395996094,32.17499923706055,32.400001525878906,32.125,32.3125,101550224
2023-11-14,30.100421905517578,32.25,32.400001525878906,32.23749923706055,32.29999923706055,80377828
2023-11-15,30.462093353271484,32.63750076293945,32.75,32.51250076293945,32.724998474121094,91164196
2023-11-16,30.473758697509766,32.650001525878906,32.79999923706055,32.57500076293945,32.70000076293945,73317344
2023-11-17,30.567094802856445,32.75,32.875,32.63750076293945,32.650001525878906,108590352
2023-11-20,30.555421829223633,32.73749923706055,32.76250076293945,32.61249923706055,32.76250076293945,34641500
2023-11-21,30.928768157958984,33.13750076293945,33.17499923706055,32.86249923706055,32.86249923706055,113513384
2023-11-22,30.648761749267578,32.837501525878906,32.95000076293945,32.787498474121094,32.8125,24548288
2023-11-23,30.637094497680664,32.82500076293945,32.86249923706055,32.6875,32.837501525878906,24937264
2023-11-24,30.613758087158203,32.79999923706055,32.912498474121094,32.76250076293945,32.82500076293945,53237608
2023-11-27,30.415422439575195,32.587501525878906,32.962501525878906,32.525001525878906,32.79999923706055,37727104
2023-11-28,30.62542724609375,32.8125,32.95000076293945,32.57500076293945,32.599998474121094,38275884
2023-11-29,30.602094650268555,32.787498474121094,33.04999923706055,32.76250076293945,32.82500076293945,26470308
2023-11-30,30.648761749267578,32.837501525878906,32.875,32.662498474121094,32.82500076293945,43669324
2023-12-01,30.753761291503906,32.95000076293945,32.95000076293945,32.70000076293945,32.75,21198560
2023-12-04,30.637094497680664,32.82500076293945,33.0,32.724998474121094,32.95000076293945,17596136
2023-12-05,30.415422439575195,32.587501525878906,32.650001525878906,32.474998474121094,32.650001525878906,19111864
2023-12-06,30.520427703857422,32.70000076293945,32.849998474121094,32.599998474121094,32.599998474121094,28548196
2023-12-07,30.33375358581543,32.5,32.662498474121094,32.5,32.650001525878906,10954636
2023-12-08,30.57876205444336,32.76250076293945,32.900001525878906,32.724998474121094,32.787498474121094,52095808
2023-12-11,30.613758087158203,32.79999923706055,32.837501525878906,32.662498474121094,32.76250076293945,12519352
2023-12-12,30.683761596679688,32.875,33.01250076293945,32.837501525878906,32.974998474121094,21902040
2023-12-13,30.6954288482666,32.88750076293945,32.95000076293945,32.849998474121094,32.900001525878906,11761744
2023-12-14,31.06876564025879,33.287498474121094,33.36249923706055,33.125,33.162498474121094,128026068
2023-12-15,31.197099685668945,33.42499923706055,33.54999923706055,33.412498474121094,33.412498474121094,73515340
2023-12-18,31.24376678466797,33.474998474121094,33.474998474121094,33.150001525878906,33.412498474121094,26607988
2023-12-19,31.127094268798828,33.349998474121094,33.45000076293945,33.1875,33.45000076293945,22424988
2023-12-20,31.208768844604492,33.4375,33.462501525878906,33.349998474121094,33.38750076293945,26463340
2023-12-21,30.940431594848633,33.150001525878906,33.17499923706055,33.01250076293945,33.04999923706055,21419804
2023-12-22,31.022096633911133,33.23749923706055,33.275001525878906,33.150001525878906,33.150001525878906,24816776
2023-12-25,31.15043067932129,33.375,33.45000076293945,33.23749923706055,33.25,32321648
2023-12-26,31.325437545776367,33.5625,33.599998474121094,33.375,33.375,67267856
2023-12-27,31.675445556640625,33.9375,33.974998474121094,33.587501525878906,33.599998474121094,119800140
2023-12-28,31.675445556640625,33.9375,34.0,33.86249923706055,33.9375,59393184
2023-12-29,31.60544204711914,33.86249923706055,34.0,33.837501525878906,33.92499923706055,52446432
2024-01-02,31.477102279663086,33.724998474121094,33.98749923706055,33.662498474121094,33.900001525878906,23688304
2024-01-03,30.928768157958984,33.13750076293945,33.474998474121094,33.07500076293945,33.42499923706055,54189900
2024-01-04,30.917095184326172,33.125,33.1875,33.07500076293945,33.13750076293945,18270372
2024-01-05,30.83542823791504,33.037498474121094,33.23749923706055,33.025001525878906,33.13750076293945,15998684
2024-01-08,30.975431442260742,33.1875,33.400001525878906,33.1875,33.25,37578880
2024-01-09,31.03376579284668,33.25,33.48749923706055,33.1875,33.462501525878906,22804060
2024-01-10,30.87042999267578,33.07500076293945,33.162498474121094,33.0,33.099998474121094,27125880
2024-01-11,30.998767852783203,33.212501525878906,33.3125,33.087501525878906,33.11249923706055,22504312
2024-01-12,30.952096939086914,33.162498474121094,33.26250076293945,32.98749923706055,33.04999923706055,25937588
2024-01-15,30.952096939086914,33.162498474121094,33.162498474121094,33.162498474121094,33.162498474121094,0
2024-01-16,30.718759536743164,32.912498474121094,33.07500076293945,32.775001525878906,33.01250076293945,87905184
2024-01-17,30.432226181030273,31.862499237060547,32.5,31.825000762939453,32.5,145373216
2024-01-18,30.635190963745117,32.07500076293945,32.13750076293945,31.975000381469727,31.975000381469727,28368372
2024-01-19,31.733566284179688,33.224998474121094,33.275001525878906,32.775001525878906,32.92499923706055,104149832
2024-01-22,31.948467254638672,33.45000076293945,33.587501525878906,33.337501525878906,33.45000076293945,51769732
2024-01-23,32.0081672668457,33.51250076293945,33.5625,33.375,33.474998474121094,27609740
2024-01-24,31.996219635009766,33.5,33.599998474121094,33.48749923706055,33.537498474121094,56681432
2024-01-25,32.39020538330078,33.912498474121094,33.92499923706055,33.724998474121094,33.76250076293945,104278032
2024-01-26,32.39020538330078,33.912498474121094,33.98749923706055,33.82500076293945,33.912498474121094,63300248
2024-01-29,32.593170166015625,34.125,34.162498474121094,33.900001525878906,33.912498474121094,106544936
2024-01-30,32.50959396362305,34.037498474121094,34.162498474121094,34.01250076293945,34.087501525878906,38244096
2024-01-31,32.079795837402344,33.587501525878906,33.82500076293945,33.587501525878906,33.8125,27139568
2024-02-01,32.079795837402344,33.587501525878906,33.625,33.400001525878906,33.587501525878906,33583900
2024-02-02,32.258880615234375,33.775001525878906,33.79999923706055,33.662498474121094,33.75,35616952
2024-02-05,32.46183776855469,33.98749923706055,34.04999923706055,33.75,33.775001525878906,68850940
2024-02-15,33.99001693725586,35.587501525878906,35.67499923706055,35.349998474121094,35.54999923706055,166902248
2024-02-16,33.73929977416992,35.32500076293945,35.587501525878906,35.29999923706055,35.587501525878906,70613876
2024-02-19,33.69154357910156,35.275001525878906,35.3125,35.150001525878906,35.25,35994992
2024-02-20,33.822872161865234,35.412498474121094,35.5,35.099998474121094,35.13750076293945,53273328
2024-02-21,33.71541976928711,35.29999923706055,35.375,35.26250076293945,35.349998474121094,41419940
2024-02-22,34.09746551513672,35.70000076293945,35.76250076293945,35.462501525878906,35.73749923706055,49482432
2024-02-23,34.32430648803711,35.9375,36.025001525878906,35.82500076293945,35.86249923706055,76632740
2024-02-26,34.37206268310547,35.98749923706055,36.0,35.75,35.92499923706055,39179224
2024-02-27,34.22879409790039,35.837501525878906,36.04999923706055,35.662498474121094,35.98749923706055,23922688
2024-02-29,34.216854095458984,35.82500076293945,35.98749923706055,35.67499923706055,35.75,27390448
2024-03-01,34.09746551513672,35.70000076293945,35.98749923706055,35.70000076293945,35.88750076293945,34647028
2024-03-04,35.08839416503906,36.73749923706055,36.79999923706055,36.212501525878906,36.25,97571592
2024-03-05,35.37492752075195,37.037498474121094,37.13750076293945,36.837501525878906,36.9375,65483708
2024-03-06,35.542076110839844,37.212501525878906,37.26250076293945,36.599998474121094,36.75,66132768
2024-03-07,36.36585235595703,38.07500076293945,38.25,37.6875,37.75,118461268
2024-03-08,36.87922668457031,38.61249923706055,39.11249923706055,38.25,38.900001525878906,115837004
2024-03-11,36.50912094116211,38.224998474121094,38.54999923706055,38.13750076293945,38.462501525878906,52057640
2024-03-12,36.89116668701172,38.625,38.650001525878906,38.025001525878906,38.04999923706055,58684560
2024-03-13,37.070255279541016,38.8125,39.037498474121094,38.73749923706055,38.88750076293945,51296604
2024-03-14,37.0344352722168,38.775001525878906,38.95000076293945,38.57500076293945,38.724998474121094,33274472
2024-03-15,36.53300094604492,38.25,38.6875,38.25,38.57500076293945,34403816
2024-03-18,36.867286682128906,38.599998474121094,38.625,38.25,38.25,71751072
2024-03-19,36.783721923828125,38.51250076293945,38.63750076293945,38.25,38.349998474121094,34279156
2024-03-20,36.580753326416016,38.29999923706055,38.82500076293945,38.25,38.54999923706055,40321616
2024-03-21,37.583621978759766,39.349998474121094,39.42499923706055,38.88750076293945,38.88750076293945,79843224
2024-03-22,37.535865783691406,39.29999923706055,39.5625,39.125,39.375,27109996
2024-03-25,37.60749816894531,39.375,39.5,39.23749923706055,39.29999923706055,34332452
2024-03-26,37.631378173828125,39.400001525878906,39.79999923706055,39.099998474121094,39.57500076293945,26127772
2024-03-27,37.64331817626953,39.412498474121094,39.462501525878906,39.224998474121094,39.349998474121094,17547948
2024-03-28,37.464229583740234,39.224998474121094,39.32500076293945,38.974998474121094,39.32500076293945,12641392
2024-03-29,37.679134368896484,39.45000076293945,39.48749923706055,39.224998474121094,39.224998474121094,20572000
2024-04-01,37.583621978759766,39.349998474121094,39.6875,39.3125,39.54999923706055,21344696
2024-04-02,38.120872497558594,39.912498474121094,39.912498474121094,39.599998474121094,39.61249923706055,29364088
2024-04-03,37.858219146728516,39.63750076293945,39.724998474121094,39.45000076293945,39.662498474121094,18550252
2024-04-08,38.073116302490234,39.86249923706055,39.962501525878906,39.63750076293945,39.662498474121094,22629184
2024-04-09,38.98047637939453,40.8125,40.837501525878906,39.974998474121094,40.0,32581692
2024-04-10,38.920780181884766,40.75,40.82500076293945,40.61249923706055,40.6875,21203720
2024-04-11,38.801387786865234,40.625,40.625,40.412498474121094,40.51250076293945,17270700
2024-04-12,38.70588302612305,40.525001525878906,40.70000076293945,40.48749923706055,40.650001525878906,23321576
2024-04-15,38.204444885253906,40.0,40.13750076293945,39.900001525878906,40.0625,31563124
2024-04-16,37.1657600402832,38.912498474121094,39.57500076293945,38.6875,39.57500076293945,66621548
2024-04-17,37.583621978759766,39.349998474121094,39.42499923706055,38.974998474121094,38.98749923706055,30823556
2024-04-18,37.95372772216797,39.73749923706055,39.73749923706055,38.95000076293945,39.087501525878906,26278092
2024-04-19,36.03156661987305,37.724998474121094,38.537498474121094,37.375,38.525001525878906,121590104
2024-04-22,35.92411804199219,37.61249923706055,37.9375,37.42499923706055,37.599998474121094,37041220
2024-04-23,36.270347595214844,37.974998474121094,38.11249923706055,37.82500076293945,38.037498474121094,21648704
2024-04-24,37.332908630371094,39.087501525878906,39.125,38.5,38.5,30701016
2024-04-25,36.65238952636719,38.375,38.61249923706055,38.3125,38.525001525878906,18805640
2024-04-26,37.24933624267578,39.0,39.20000076293945,38.875,39.0,23018032
2024-04-29,37.91791534423828,39.70000076293945,39.775001525878906,39.32500076293945,39.32500076293945,30810776
2024-04-30,37.78658676147461,39.5625,39.837501525878906,39.5625,39.650001525878906,17931740
2024-05-02,37.285152435302734,39.037498474121094,39.337501525878906,39.0,39.337501525878906,24868108
2024-05-03,37.476173400878906,39.23749923706055,39.662498474121094,39.11249923706055,39.63750076293945,22758784
2024-05-06,38.013423919677734,39.79999923706055,40.037498474121094,39.75,39.75,34385032
2024-05-07,38.22832107543945,40.025001525878906,40.13750076293945,39.875,40.0625,24914944
2024-05-08,38.37158966064453,40.17499923706055,40.20000076293945,39.912498474121094,40.0,23909068
2024-05-09,38.32383346557617,40.125,40.3125,40.099998474121094,40.1875,20302276
2024-05-10,38.59843063354492,40.412498474121094,40.525001525878906,40.13750076293945,40.3125,38735812
2024-05-13,38.992408752441406,40.82500076293945,40.974998474121094,40.73749923706055,40.837501525878906,36463372
2024-05-14,39.255069732666016,41.099998474121094,41.11249923706055,40.67499923706055,40.79999923706055,30997876
2024-05-15,39.79231262207031,41.662498474121094,41.962501525878906,41.375,41.400001525878906,58324000
2024-05-16,39.983341217041016,41.86249923706055,42.4375,41.775001525878906,42.23749923706055,48239680
2024-05-17,39.935585021972656,41.8125,41.92499923706055,41.67499923706055,41.88750076293945,18716540
2024-05-20,39.923641204833984,41.79999923706055,41.849998474121094,41.32500076293945,41.8125,27022924
2024-05-21,39.87588882446289,41.75,41.787498474121094,41.462501525878906,41.599998474121094,17396092
2024-05-22,40.592220306396484,42.5,42.5,41.79999923706055,41.79999923706055,25594296
2024-05-23,40.90263366699219,42.82500076293945,42.86249923706055,42.5,42.57500076293945,24008260
2024-05-24,40.73548889160156,42.650001525878906,42.70000076293945,42.32500076293945,42.32500076293945,14620304
2024-05-27,41.29662322998047,43.23749923706055,43.349998474121094,42.9375,42.9375,22741680
2024-05-28,41.3563117980957,43.29999923706055,43.349998474121094,43.125,43.23749923706055,22098816
2024-05-29,40.795188903808594,42.712501525878906,43.125,42.63750076293945,43.11249923706055,27187816
2024-05-30,40.09078598022461,41.974998474121094,42.25,41.92499923706055,42.0,37110048
2024-05-31,39.63711166381836,41.5,42.224998474121094,41.5,42.0625,33146844
2024-06-03,40.48477554321289,42.38750076293945,42.4375,41.82500076293945,42.162498474121094,35980328
2024-06-04,39.8400764465332,41.712501525878906,42.1875,41.625,42.1875,31950448
2024-06-05,40.22211837768555,42.11249923706055,42.20000076293945,41.537498474121094,41.849998474121094,18128396
2024-06-06,41.595088958740234,43.54999923706055,43.650001525878906,43.162498474121094,43.1875,68229592
2024-06-07,41.272743225097656,43.212501525878906,43.349998474121094,43.099998474121094,43.32500076293945,27000588
2024-06-11,41.380191802978516,43.32500076293945,43.5625,43.224998474121094,43.287498474121094,43428272
2024-06-12,42.120399475097656,44.099998474121094,44.11249923706055,43.32500076293945,43.32500076293945,30368844
2024-06-13,42.729278564453125,44.73749923706055,45.125,44.45000076293945,44.724998474121094,64426456
2024-06-14,42.980003356933594,45.0,45.0,44.45000076293945,44.73749923706055,25992432
2024-06-17,42.980003356933594,45.0,45.11249923706055,44.70000076293945,44.79999923706055,32511172
2024-06-18,43.69633865356445,45.75,45.76250076293945,45.5,45.625,26253244
2024-06-19,44.87828063964844,46.98749923706055,47.224998474121094,46.1875,46.1875,101354688
2024-06-20,45.30808639526367,47.4375,47.4375,46.95000076293945,46.98749923706055,45286572
2024-06-21,45.03349304199219,47.150001525878906,47.29999923706055,46.73749923706055,46.775001525878906,40956144
2024-06-24,43.93511199951172,46.0,46.625,45.88750076293945,46.625,52787124
2024-06-25,43.911231994628906,45.974998474121094,45.974998474121094,45.20000076293945,45.48749923706055,52138524
2024-06-26,44.25746536254883,46.337501525878906,46.525001525878906,46.0625,46.23749923706055,35664104
2024-06-27,44.24552536010742,46.32500076293945,46.32500076293945,45.849998474121094,45.900001525878906,24876244
2024-06-28,44.52011489868164,46.61249923706055,46.849998474121094,46.162498474121094,46.32500076293945,16587884
2024-07-01,44.555938720703125,46.650001525878906,47.01250076293945,46.5625,46.63750076293945,29279212
2024-07-02,44.25746536254883,46.337501525878906,46.6875,46.125,46.48749923706055,21777344
2024-07-03,44.794715881347656,46.900001525878906,46.900001525878906,46.599998474121094,46.900001525878906,25915028
2024-07-04,45.964725494384766,48.125,48.162498474121094,47.650001525878906,47.650001525878906,50576828
2024-07-05,45.79758071899414,47.95000076293945,48.212501525878906,47.88750076293945,48.150001525878906,38933332
2024-07-08,47.242183685302734,49.462501525878906,49.625,47.962501525878906,47.974998474121094,69409868
2024-07-09,47.19443130493164,49.412498474121094,50.01250076293945,48.86249923706055,49.36249923706055,61955156
2024-07-10,47.361576080322266,49.587501525878906,49.599998474121094,48.75,49.23749923706055,28674444
2024-07-11,48.41219711303711,50.6875,50.70000076293945,50.0,50.162498474121094,39186920
2024-07-12,46.88401794433594,49.087501525878906,49.587501525878906,49.0,49.54999923706055,56633068
2024-07-15,46.96759033203125,49.17499923706055,49.525001525878906,49.025001525878906,49.412498474121094,39160740
2024-07-16,47.243587493896484,49.212501525878906,49.75,49.0,49.13750076293945,53022152
2024-07-17,46.58359146118164,48.525001525878906,49.125,48.400001525878906,49.099998474121094,57959112
2024-07-18,45.74360275268555,47.650001525878906,47.724998474121094,47.04999923706055,47.150001525878906,71520052
2024-07-19,44.699607849121094,46.5625,47.25,46.54999923706055,47.1875,65815640
2024-07-22,43.36761474609375,45.17499923706055,46.349998474121094,45.01250076293945,46.349998474121094,84847384
2024-07-23,44.711605072021484,46.57500076293945,46.57500076293945,45.92499923706055,45.92499923706055,50108316
2024-07-26,42.95962142944336,44.75,44.86249923706055,44.275001525878906,44.51250076293945,103626472
2024-07-29,43.343624114990234,45.150001525878906,45.5,44.98749923706055,45.45000076293945,39785056
2024-07-30,43.343624114990234,45.150001525878906,45.32500076293945,44.375,44.8125,52429524
2024-07-31,43.403621673583984,45.212501525878906,45.287498474121094,44.650001525878906,44.712501525878906,36314216
2024-08-01,44.15961456298828,46.0,46.275001525878906,45.67499923706055,46.25,56246796
2024-08-02,41.92763137817383,43.67499923706055,44.724998474121094,43.67499923706055,44.537498474121094,118827260
2024-08-05,38.09967041015625,39.6875,41.662498474121094,39.599998474121094,41.662498474121094,222308816
2024-08-06,40.199649810791016,41.875,42.599998474121094,40.20000076293945,41.82500076293945,252563844
2024-08-07,41.79563522338867,43.537498474121094,43.6875,42.25,42.462501525878906,127298960
2024-08-08,40.931640625,42.63750076293945,43.099998474121094,42.25,42.76250076293945,103364420
2024-08-09,42.20363235473633,43.962501525878906,44.224998474121094,43.625,43.75,93415024
2024-08-12,42.73162841796875,44.51250076293945,44.95000076293945,44.3125,44.3125,70286956
2024-08-13,42.839622497558594,44.625,44.875,44.5,44.82500076293945,43433840
2024-08-14,43.37962341308594,45.1875,45.462501525878906,44.98749923706055,45.087501525878906,74857276
2024-08-15,43.04362487792969,44.837501525878906,45.25,44.76250076293945,45.150001525878906,45926588
2024-08-16,44.0156135559082,45.849998474121094,45.912498474121094,45.587501525878906,45.75,52823660
2024-08-19,44.07561492919922,45.912498474121094,46.17499923706055,45.787498474121094,45.875,37122372
2024-08-20,44.099613189697266,45.9375,46.29999923706055,45.92499923706055,46.150001525878906,43139504
2024-08-21,43.63161849975586,45.45000076293945,45.76250076293945,45.36249923706055,45.75,46736568
2024-08-22,43.403621673583984,45.212501525878906,45.650001525878906,45.087501525878906,45.525001525878906,20872828
2024-08-23,43.427616119384766,45.23749923706055,45.337501525878906,44.724998474121094,44.75,31773940
2024-08-26,43.4996223449707,45.3125,45.849998474121094,45.20000076293945,45.599998474121094,45593952
2024-08-27,43.307621002197266,45.11249923706055,45.224998474121094,44.9375,45.099998474121094,21167864
2024-08-28,43.91961669921875,45.75,45.75,44.962501525878906,45.125,21989684
2024-08-29,43.31962203979492,45.125,45.287498474121094,44.787498474121094,44.875,43063780
2024-08-30,43.52362060546875,45.337501525878906,45.51250076293945,45.162498474121094,45.23749923706055,32202952
2024-09-02,43.403621673583984,45.212501525878906,45.61249923706055,45.125,45.474998474121094,32057896
2024-09-03,43.21162033081055,45.01250076293945,45.375,44.92499923706055,45.25,38411312
2024-09-04,41.099639892578125,42.8125,43.45000076293945,42.5,42.75,119635984
2024-09-05,41.35163879394531,43.07500076293945,43.662498474121094,42.9375,43.212501525878906,35275304
2024-09-06,41.939632415771484,43.6875,43.724998474121094,42.962501525878906,43.25,34331020
2024-09-09,41.29164123535156,43.01250076293945,43.025001525878906,42.57500076293945,42.599998474121094,60735940
2024-09-10,41.36363983154297,43.087501525878906,43.349998474121094,42.787498474121094,43.349998474121094,37207812
2024-09-11,41.24363708496094,42.962501525878906,43.125,42.875,43.087501525878906,20056236
2024-09-12,42.7916259765625,44.57500076293945,44.662498474121094,44.025001525878906,44.025001525878906,62978008
2024-09-13,42.81562423706055,44.599998474121094,44.837501525878906,44.462501525878906,44.75,18047504
2024-09-16,42.89962387084961,44.6875,44.79999923706055,44.57500076293945,44.650001525878906,23507632
2024-09-18,42.683624267578125,44.462501525878906,44.775001525878906,44.13750076293945,44.625,36769256
2024-09-19,43.23562240600586,45.037498474121094,45.04999923706055,44.25,44.5,32440304
2024-09-20,43.78761672973633,45.61249923706055,46.025001525878906,45.61249923706055,45.775001525878906,54531520
2024-09-23,43.9796142578125,45.8125,45.912498474121094,45.63750076293945,45.63750076293945,31601992
2024-09-24,44.39961242675781,46.25,46.25,45.525001525878906,45.79999923706055,39809384
2024-09-25,45.059608459472656,46.9375,47.0,46.837501525878906,46.92499923706055,46692004
2024-09-26,45.43160629272461,47.32500076293945,47.5,47.1875,47.400001525878906,66903724
2024-09-27,45.33559799194336,47.224998474121094,47.8125,47.150001525878906,47.54999923706055,45613256
2024-09-30,44.147613525390625,45.98749923706055,46.79999923706055,45.98749923706055,46.63750076293945,52747800
2024-10-01,44.06361389160156,45.900001525878906,46.150001525878906,45.837501525878906,45.974998474121094,37640876
2024-10-04,44.06361389160156,45.900001525878906,46.32500076293945,45.75,46.0,35462652
2024-10-07,45.155601501464844,47.037498474121094,47.04999923706055,46.45000076293945,46.45000076293945,53806008
2024-10-08,44.93960952758789,46.8125,46.837501525878906,46.375,46.73749923706055,37917328
2024-10-09,45.35960388183594,47.25,47.54999923706055,47.25,47.25,45188240
2024-10-11,46.11559295654297,48.037498474121094,48.20000076293945,47.26250076293945,47.26250076293945,49226984
2024-10-14,46.15159606933594,48.07500076293945,48.224998474121094,47.73749923706055,48.025001525878906,40439036
2024-10-15,47.13558578491211,49.099998474121094,49.150001525878906,48.25,48.25,59070828
2024-10-16,46.31959533691406,48.25,48.82500076293945,47.912498474121094,48.11249923706055,71201552
2024-10-17,46.39159393310547,48.32500076293945,48.525001525878906,47.974998474121094,48.5,38164820
2024-10-18,47.543582916259766,49.525001525878906,50.04999923706055,49.3125,49.82500076293945,129283608
2024-10-21,47.531585693359375,49.51250076293945,49.98749923706055,49.5,49.76250076293945,52918584
2024-10-22,47.351585388183594,49.32500076293945,49.32500076293945,48.837501525878906,49.29999923706055,33857660
2024-10-23,47.039588928222656,49.0,49.224998474121094,48.912498474121094,49.17499923706055,37794896
2024-10-24,46.751590728759766,48.70000076293945,49.17499923706055,48.625,49.0,32493848
2024-10-25,47.13558578491211,49.099998474121094,49.13750076293945,48.75,48.75,50566572
2024-10-28,47.05158996582031,49.01250076293945,49.537498474121094,48.73749923706055,49.474998474121094,45978476
2024-10-29,45.9595947265625,47.875,48.3125,47.54999923706055,48.3125,96980096
2024-10-30,46.03160095214844,47.95000076293945,48.51250076293945,47.875,48.23749923706055,56626752
2024-11-01,45.719600677490234,47.625,47.63750076293945,46.48749923706055,46.537498474121094,78483628
2024-11-04,46.307594299316406,48.23749923706055,48.29999923706055,47.70000076293945,47.76250076293945,29118288
2024-11-05,46.475589752197266,48.412498474121094,48.67499923706055,47.849998474121094,47.88750076293945,40432828
2024-11-06,46.84758758544922,48.79999923706055,49.51250076293945,48.375,48.51250076293945,66825504
2024-11-07,47.3875846862793,49.36249923706055,49.51250076293945,48.625,48.724998474121094,53994208
2024-11-08,47.759578704833984,49.75,50.0,49.67499923706055,49.849998474121094,51800604
2024-11-11,47.78358459472656,49.775001525878906,49.775001525878906,49.20000076293945,49.712501525878906,49456052
2024-11-12,46.559593200683594,48.5,48.962501525878906,48.5,48.79999923706055,105088348
2024-11-13,46.25959396362305,48.1875,48.5,48.125,48.462501525878906,36778360
2024-11-14,45.839599609375,47.75,48.125,47.525001525878906,48.07500076293945,48586460
2024-11-15,46.163597106933594,48.087501525878906,48.212501525878906,47.712501525878906,48.01250076293945,29542324
2024-11-18,45.51559829711914,47.412498474121094,47.92499923706055,47.400001525878906,47.86249923706055,53578064
2024-11-19,46.13959503173828,48.0625,48.23749923706055,47.54999923706055,47.67499923706055,30473284
2024-11-20,45.94759750366211,47.86249923706055,47.86249923706055,47.86249923706055,47.86249923706055,312000
2024-11-21,45.443603515625,47.337501525878906,47.537498474121094,47.150001525878906,47.5,63506468
2024-11-22,46.33159255981445,48.26250076293945,48.29999923706055,47.775001525878906,47.775001525878906,31862348
2024-11-25,46.163597106933594,48.087501525878906,48.6875,48.0625,48.67499923706055,31306652
2024-11-26,45.563602447509766,47.462501525878906,47.57500076293945,47.20000076293945,47.525001525878906,45563288
2024-11-27,44.90361022949219,46.775001525878906,47.36249923706055,46.75,47.287498474121094,56290744
2024-11-28,44.831607818603516,46.70000076293945,46.775001525878906,46.36249923706055,46.75,52436456
2024-11-29,44.93960952758789,46.8125,47.0,46.125,46.23749923706055,32512880
2024-12-02,46.007598876953125,47.92499923706055,47.92499923706055,47.125,47.125,42176312
2024-12-03,46.631595611572266,48.57500076293945,48.712501525878906,48.4375,48.57500076293945,39812424
2024-12-04,46.907588958740234,48.86249923706055,48.86249923706055,48.51250076293945,48.67499923706055,25820996
2024-12-05,47.15958786010742,49.125,49.150001525878906,48.912498474121094,48.9375,29784812
2024-12-06,46.97958755493164,48.9375,49.17499923706055,48.75,49.125,27238024
2024-12-09,47.039588928222656,49.0,49.0625,48.92499923706055,49.037498474121094,18559456
2024-12-10,46.70359420776367,48.650001525878906,49.11249923706055,48.63750076293945,48.9375,17909228
2024-12-11,46.295589447021484,48.224998474121094,48.5625,48.150001525878906,48.25,26858756
2024-12-12,46.83559036254883,48.787498474121094,48.9375,48.61249923706055,48.724998474121094,20108964
2024-12-13,46.8715934753418,48.82500076293945,48.900001525878906,48.525001525878906,48.662498474121094,18081708
2024-12-16,47.0635871887207,49.025001525878906,49.412498474121094,48.9375,49.25,29374368
2024-12-17,47.303592681884766,49.275001525878906,49.51250076293945,49.1875,49.275001525878906,37176916
2024-12-18,47.303592681884766,49.275001525878906,49.462501525878906,48.900001525878906,49.20000076293945,26215508
2024-12-19,46.65559005737305,48.599998474121094,48.70000076293945,48.38750076293945,48.587501525878906,52180188
2024-12-20,46.223594665527344,48.150001525878906,48.4375,48.0,48.4375,44493576
2024-12-23,47.3395881652832,49.3125,49.32500076293945,48.625,48.67499923706055,44704264
2024-12-24,47.471588134765625,49.45000076293945,49.775001525878906,49.375,49.625,32783608
2024-12-25,47.61558151245117,49.599998474121094,49.625,49.36249923706055,49.625,23624492
2024-12-26,47.5795783996582,49.5625,49.625,49.5,49.599998474121094,19214244
2024-12-27,47.73558044433594,49.724998474121094,49.76250076293945,49.32500076293945,49.400001525878906,27949668
2024-12-30,47.471588134765625,49.45000076293945,49.662498474121094,49.412498474121094,49.537498474121094,34709064
2024-12-31,46.97958755493164,48.9375,49.224998474121094,48.900001525878906,49.17499923706055,31346136
2025-01-02,46.571590423583984,48.51250076293945,48.912498474121094,48.3125,48.912498474121094,51190808
2025-01-03,47.039588928222656,49.0,49.23749923706055,48.79999923706055,49.0,28453484
2025-01-06,48.51557159423828,50.537498474121094,50.57500076293945,49.650001525878906,49.662498474121094,98511172
2025-01-07,49.055572509765625,51.099998474121094,51.5,51.0625,51.23749923706055,63775376
2025-01-08,48.323577880859375,50.337501525878906,50.837501525878906,50.26250076293945,50.662498474121094,47422868
2025-01-09,47.771583557128906,49.76250076293945,50.287498474121094,49.75,50.04999923706055,33722620
2025-01-10,47.759578704833984,49.75,49.88750076293945,49.5,49.75,33285296
2025-01-13,46.65559005737305,48.599998474121094,49.75,48.525001525878906,49.75,83504716
2025-01-14,46.9435920715332,48.900001525878906,48.974998474121094,48.51250076293945,48.67499923706055,43511100
2025-01-15,46.58359146118164,48.525001525878906,49.0,48.4375,49.0,69536468
2025-01-16,47.531585693359375,49.51250076293945,49.875,49.349998474121094,49.474998474121094,62348392
2025-01-17,47.76272964477539,49.07500076293945,49.337501525878906,48.599998474121094,49.25,60550264
2025-01-20,48.24936294555664,49.57500076293945,49.662498474121094,49.287498474121094,49.287498474121094,29670284
2025-01-21,48.3466911315918,49.67499923706055,49.79999923706055,49.17499923706055,49.32500076293945,42450952
2025-01-22,48.979305267333984,50.32500076293945,50.42499923706055,50.07500076293945,50.07500076293945,51457596
2025-02-03,46.88679504394531,48.17499923706055,48.25,47.662498474121094,48.07500076293945,223159112
2025-02-04,47.1666145324707,48.462501525878906,48.63750076293945,48.26250076293945,48.412498474121094,77136476
2025-02-05,47.88439178466797,49.20000076293945,49.45000076293945,48.9375,48.9375,60958500
2025-02-06,48.09120559692383,49.412498474121094,49.599998474121094,49.275001525878906,49.5,44838828
2025-02-07,48.3101921081543,49.63750076293945,49.650001525878906,49.275001525878906,49.412498474121094,22434376
2025-02-10,47.76272964477539,49.07500076293945,49.54999923706055,49.025001525878906,49.54999923706055,65528040
2025-02-11,48.054710388183594,49.375,49.625,49.25,49.375,19842444
2025-02-12,47.981712341308594,49.29999923706055,49.662498474121094,49.25,49.5,27301116
2025-02-13,47.774898529052734,49.087501525878906,49.349998474121094,48.88750076293945,49.32500076293945,56673980
2025-02-14,47.20310974121094,48.5,48.787498474121094,48.375,48.787498474121094,92217264
2025-02-17,47.9208869934082,49.23749923706055,49.23749923706055,48.6875,48.6875,46591960
2025-02-18,48.09120559692383,49.412498474121094,49.474998474121094,49.150001525878906,49.474998474121094,32278676
2025-02-19,48.00605010986328,49.32500076293945,49.474998474121094,49.25,49.412498474121094,47313232
2025-02-20,47.82356262207031,49.13750076293945,49.23749923706055,48.775001525878906,49.23749923706055,55359052
2025-02-21,48.16420364379883,49.48749923706055,49.48749923706055,48.974998474121094,49.125,33879192
2025-02-24,47.738399505615234,49.04999923706055,49.099998474121094,48.875,49.037498474121094,49672024
2025-02-25,47.11794662475586,48.412498474121094,48.51250076293945,48.150001525878906,48.5,106710684
2025-02-26,47.37342834472656,48.67499923706055,48.67499923706055,47.974998474121094,48.224998474121094,73176320
2025-02-27,46.838134765625,48.125,48.73749923706055,48.087501525878906,48.73749923706055,74694820
2025-03-03,45.7553825378418,47.01250076293945,47.25,46.70000076293945,47.20000076293945,221959024
2025-03-04,45.45124053955078,46.70000076293945,46.8125,46.162498474121094,46.25,114655652
2025-03-05,46.047359466552734,47.3125,47.375,47.0,47.0,51369564
2025-03-06,45.76755142211914,47.025001525878906,47.337501525878906,46.837501525878906,47.337501525878906,56890884
2025-03-07,45.34175109863281,46.587501525878906,46.75,46.45000076293945,46.70000076293945,68483412
2025-03-10,45.074100494384766,46.3125,46.587501525878906,46.087501525878906,46.587501525878906,79006576
2025-03-11,44.283329010009766,45.5,45.525001525878906,44.775001525878906,45.1875,134191768
2025-03-12,44.47798156738281,45.70000076293945,46.099998474121094,45.400001525878906,45.525001525878906,51035508
2025-03-13,44.06434631347656,45.275001525878906,46.462501525878906,45.26250076293945,46.29999923706055,52268912
2025-03-14,43.91835403442383,45.125,45.287498474121094,44.88750076293945,45.275001525878906,49198232
2025-03-17,44.295494079589844,45.51250076293945,45.875,45.400001525878906,45.63750076293945,43897376
2025-03-18,44.47798156738281,45.70000076293945,45.962501525878906,45.587501525878906,45.775001525878906,30603120
2025-03-19,43.93052291870117,45.13750076293945,45.662498474121094,45.025001525878906,45.650001525878906,46763368
2025-03-20,44.87944793701172,46.11249923706055,46.11249923706055,45.61249923706055,45.61249923706055,30658212
2025-03-21,44.51447677612305,45.73749923706055,46.0,45.625,46.0,28538176
2025-03-24,44.46581268310547,45.6875,46.099998474121094,45.57500076293945,46.099998474121094,29239460
2025-03-25,44.92810821533203,46.162498474121094,46.375,46.0,46.162498474121094,31256652
2025-03-26,44.8916130065918,46.125,46.349998474121094,45.962501525878906,46.29999923706055,26915048
2025-03-27,44.04001235961914,45.25,45.400001525878906,45.11249923706055,45.375,69966552
2025-03-28,43.602046966552734,44.79999923706055,44.82500076293945,44.5,44.787498474121094,78993236
2025-03-31,42.03266525268555,43.1875,43.5625,43.04999923706055,43.400001525878906,146065632
2025-04-01,42.89643096923828,44.07500076293945,44.13750076293945,43.400001525878906,43.400001525878906,47284600
2025-04-02,42.82343673706055,44.0,44.337501525878906,44.0,44.212501525878906,41725300
2025-04-07,38.54109191894531,39.599998474121094,39.599998474121094,39.599998474121094,39.599998474121094,92658524
2025-04-08,37.288021087646484,38.3125,39.36249923706055,37.63750076293945,37.79999923706055,321307308
2025-04-09,35.57265090942383,36.54999923706055,38.537498474121094,36.25,38.125,300494796
2025-04-10,39.12504959106445,40.20000076293945,40.20000076293945,40.20000076293945,40.20000076293945,22371068
2025-04-11,40.03748321533203,41.13750076293945,41.13750076293945,38.837501525878906,39.3125,189919436
2025-04-14,39.83066177368164,40.92499923706055,42.17499923706055,40.875,42.125,175434800
2025-04-15,40.23213577270508,41.337501525878906,41.375,40.82500076293945,41.01250076293945,73965868
2025-04-16,39.5021858215332,40.587501525878906,40.95000076293945,40.349998474121094,40.95000076293945,98068248
2025-04-17,39.06422424316406,40.13750076293945,40.32500076293945,39.86249923706055,40.32500076293945,72955972
2025-04-18,39.14937973022461,40.224998474121094,40.45000076293945,40.150001525878906,40.349998474121094,44335540
2025-04-21,38.589759826660156,39.650001525878906,40.1875,39.625,40.1875,62867512
2025-04-22,37.944969177246094,38.98749923706055,39.474998474121094,38.98749923706055,39.38750076293945,75640860
2025-04-23,39.623844146728516,40.712501525878906,40.775001525878906,40.07500076293945,40.07500076293945,63235952
2025-04-24,39.392696380615234,40.474998474121094,41.01250076293945,40.32500076293945,40.974998474121094,53776468
2025-04-25,40.32946014404297,41.4375,41.73749923706055,41.375,41.54999923706055,70563724
2025-04-28,40.67009735107422,41.787498474121094,41.875,41.70000076293945,41.70000076293945,48371852
2025-04-29,40.82825469970703,41.95000076293945,42.0,41.625,41.787498474121094,43388416
2025-04-30,41.02290344238281,42.150001525878906,42.25,41.875,41.962501525878906,37552524
2025-05-02,42.21514892578125,43.375,43.375,42.875,43.0,57160960
2025-05-05,41.838008880615234,42.98749923706055,43.650001525878906,42.474998474121094,43.650001525878906,127935288
2025-05-06,41.60686492919922,42.75,43.025001525878906,42.337501525878906,42.48749923706055,116316784
2025-05-07,41.448707580566406,42.587501525878906,43.125,42.48749923706055,42.95000076293945,53137384
2025-05-08,41.99616622924805,43.150001525878906,43.29999923706055,42.900001525878906,43.01250076293945,39311228
2025-05-09,42.519290924072266,43.6875,43.73749923706055,43.087501525878906,43.17499923706055,51888384
2025-05-12,42.99375915527344,44.17499923706055,44.25,43.875,43.875,53767756
2025-05-13,43.51688766479492,44.712501525878906,45.275001525878906,44.712501525878906,45.212501525878906,79922716
2025-05-14,44.5023078918457,45.724998474121094,45.724998474121094,45.337501525878906,45.462501525878906,90203212
2025-05-15,44.40498352050781,45.625,45.724998474121094,45.5,45.724998474121094,45677800
2025-05-16,44.526641845703125,45.75,45.79999923706055,45.42499923706055,45.5625,37815732
2025-05-19,43.906185150146484,45.11249923706055,45.662498474121094,45.087501525878906,45.662498474121094,37940744
2025-05-20,43.99134826660156,45.20000076293945,45.599998474121094,45.125,45.462501525878906,21364336
2025-05-21,44.672630310058594,45.900001525878906,45.962501525878906,45.224998474121094,45.224998474121094,54450212
2025-05-22,44.186004638671875,45.400001525878906,45.51250076293945,45.150001525878906,45.51250076293945,33358772
2025-05-23,44.003517150878906,45.212501525878906,45.70000076293945,45.04999923706055,45.6875,26094416
2025-05-26,43.95484924316406,45.162498474121094,45.375,45.07500076293945,45.162498474121094,55195720
2025-05-27,43.56554412841797,44.76250076293945,45.162498474121094,44.5,45.162498474121094,48275072
2025-05-28,43.638545989990234,44.837501525878906,45.337501525878906,44.57500076293945,45.224998474121094,32309448
2025-05-29,43.73586654663086,44.9375,45.42499923706055,44.82500076293945,45.375,36265824
2025-06-02,42.79910659790039,43.974998474121094,44.51250076293945,43.8125,44.5,70595756
2025-06-03,43.103248596191406,44.287498474121094,44.70000076293945,44.25,44.375,28229464
2025-06-04,44.11301040649414,45.32500076293945,45.32500076293945,44.787498474121094,44.82500076293945,45804932
2025-06-05,44.19816589355469,45.412498474121094,45.662498474121094,45.375,45.5,40696376
2025-06-06,44.27116394042969,45.48749923706055,45.599998474121094,45.375,45.474998474121094,32768028
2025-06-09,44.696964263916016,45.92499923706055,46.01250076293945,45.76250076293945,45.849998474121094,52629020
2025-06-10,45.9013671875,47.162498474121094,47.224998474121094,46.224998474121094,46.224998474121094,116037804
2025-06-11,45.9013671875,47.162498474121094,47.162498474121094,47.162498474121094,47.162498474121094,0
2025-06-12,45.9013671875,47.162498474121094,47.162498474121094,47.162498474121094,47.162498474121094,0
2025-06-13,45.9013671875,47.162498474121094,47.162498474121094,47.162498474121094,47.162498474121094,0
2025-06-16,45.9013671875,47.162498474121094,47.162498474121094,47.162498474121094,47.162498474121094,0
2025-06-17,45.9013671875,47.162498474121094,47.162498474121094,47.162498474121094,47.162498474121094,0
2025-06-18,46.297977447509766,47.56999969482422,47.720001220703125,47.13999938964844,47.5,244697327
2025-06-19,45.84054183959961,47.099998474121094,47.54999923706055,47.02000045776367,47.5,166284920
2025-06-20,45.77241134643555,47.029998779296875,47.15999984741211,46.689998626708984,47.099998474121094,80561608
2025-06-23,45.392845153808594,46.63999938964844,46.65999984741211,46.279998779296875,46.540000915527344,101938627
2025-06-24,46.220115661621094,47.4900016784668,47.4900016784668,47.29999923706055,47.29999923706055,54574616
2025-06-25,46.891666412353516,48.18000030517578,48.18000030517578,47.88999938964844,47.900001525878906,77814637
2025-06-26,46.9500617980957,48.2400016784668,48.45000076293945,48.16999816894531,48.29999923706055,77281242
2025-06-27,46.998722076416016,48.290000915527344,48.369998931884766,48.0,48.31999969482422,94190611
2025-06-30,47.06685256958008,48.36000061035156,48.41999816894531,48.2400016784668,48.369998931884766,59086358
2025-07-01,47.339359283447266,48.63999938964844,49.150001525878906,48.380001068115234,48.380001068115234,74674904
2025-07-02,47.349098205566406,48.650001525878906,48.75,48.380001068115234,48.56999969482422,75071035
2025-07-03,48.001182556152344,49.31999969482422,49.599998474121094,49.2599983215332,49.349998474121094,61179330
2025-07-04,47.55348205566406,48.86000061035156,49.4900016784668,48.83000183105469,49.400001525878906,73712387
2025-07-07,47.27123260498047,48.56999969482422,48.81999969482422,48.439998626708984,48.81999969482422,78503277
2025-07-08,47.0571174621582,48.349998474121094,48.5099983215332,48.209999084472656,48.45000076293945,50214875
2025-07-09,47.54374694824219,48.849998474121094,48.9900016784668,48.27000045776367,48.349998474121094,38540142
2025-07-10,48.088775634765625,49.40999984741211,49.470001220703125,48.9900016784668,49.0,53089295
2025-07-11,48.29315948486328,49.619998931884766,49.630001068115234,49.279998779296875,49.36000061035156,44752569
2025-07-14,48.01091384887695,49.33000183105469,49.59000015258789,49.209999084472656,49.59000015258789,62300823
2025-07-15,48.66299819946289,50.0,50.099998474121094,49.33000183105469,49.349998474121094,68008041
2025-07-16,49.052303314208984,50.400001525878906,50.70000076293945,50.150001525878906,50.150001525878906,90231230
2025-07-17,49.34428024291992,50.70000076293945,50.79999923706055,50.29999923706055,50.599998474121094,88235423
2025-07-18,50.07422637939453,51.45000076293945,51.599998474121094,51.29999923706055,51.400001525878906,105861549
2025-07-21,49.888004302978516,50.900001525878906,51.099998474121094,50.75,51.099998474121094,75792981
2025-07-22,49.544960021972656,50.54999923706055,51.29999923706055,50.45000076293945,50.900001525878906,88841474
2025-07-23,49.69198226928711,50.70000076293945,50.849998474121094,50.54999923706055,50.599998474121094,63766890
2025-07-24,49.98601531982422,51.0,51.099998474121094,50.79999923706055,51.0,79659820
2025-07-25,49.888004302978516,50.900001525878906,51.099998474121094,50.79999923706055,51.0,38620389
2025-07-28,50.03501892089844,51.04999923706055,51.400001525878906,50.900001525878906,51.20000076293945,52312766
2025-07-29,49.44694900512695,50.45000076293945,51.04999923706055,50.25,51.04999923706055,102624231
2025-07-30,49.98601531982422,51.0,51.099998474121094,50.650001525878906,50.79999923706055,82807206
2025-07-31,50.525081634521484,51.54999923706055,51.599998474121094,51.099998474121094,51.099998474121094,81565859
2025-08-01,50.084022521972656,51.099998474121094,51.20000076293945,50.650001525878906,50.79999923706055,98235777
2025-08-04,49.78998947143555,50.79999923706055,50.79999923706055,50.400001525878906,50.650001525878906,85556033
2025-08-05,50.427066802978516,51.45000076293945,51.45000076293945,51.04999923706055,51.25,46655329
2025-08-06,49.98601531982422,51.0,51.099998474121094,50.849998474121094,51.099998474121094,48326240
2025-08-07,51.407188415527344,52.45000076293945,52.599998474121094,51.650001525878906,51.650001525878906,125733157
2025-08-08,51.407188415527344,52.45000076293945,52.599998474121094,52.29999923706055,52.54999923706055,59604000
2025-08-11,51.799232482910156,52.849998474121094,53.099998474121094,52.04999923706055,52.349998474121094,71600855
2025-08-12,51.84823989868164,52.900001525878906,53.0,52.54999923706055,52.849998474121094,57519835
2025-08-13,52.28928756713867,53.349998474121094,53.400001525878906,52.95000076293945,53.150001525878906,75956144
2025-08-14,52.09326934814453,53.150001525878906,53.29999923706055,52.95000076293945,53.20000076293945,57038858
2025-08-15,52.09326934814453,53.150001525878906,53.29999923706055,52.79999923706055,53.150001525878906,52736409
2025-08-18,52.24028778076172,53.29999923706055,53.349998474121094,52.79999923706055,52.95000076293945,46297216
2025-08-19,52.142276763916016,53.20000076293945,53.29999923706055,53.04999923706055,53.29999923706055,29425841
2025-08-20,50.672096252441406,51.70000076293945,52.599998474121094,51.5,52.54999923706055,223798736
2025-08-21,50.96613311767578,52.0,52.099998474121094,51.75,51.75,73508730
2025-08-22,50.72110366821289,51.75,52.099998474121094,51.650001525878906,52.04999923706055,44549133
2025-08-25,51.652217864990234,52.70000076293945,52.95000076293945,52.349998474121094,52.45000076293945,62750061
2025-08-26,51.70121765136719,52.75,52.849998474121094,52.29999923706055,52.54999923706055,40863870
2025-08-27,51.946250915527344,53.0,53.150001525878906,52.900001525878906,53.0,90133682
2025-08-28,51.45619201660156,52.5,52.900001525878906,52.5,52.79999923706055,59176066
2025-08-29,51.45619201660156,52.5,52.95000076293945,52.5,52.79999923706055,36369305
2025-09-01,50.96613311767578,52.0,52.45000076293945,51.75,52.150001525878906,76529981
2025-09-02,50.96613311767578,52.0,52.5,51.95000076293945,52.29999923706055,33217612
2025-09-03,50.9171257019043,51.95000076293945,52.20000076293945,51.75,51.900001525878906,39472404
2025-09-04,51.26016616821289,52.29999923706055,52.70000076293945,52.25,52.54999923706055,37461241
2025-09-05,51.799232482910156,52.849998474121094,52.900001525878906,52.650001525878906,52.70000076293945,37395300
2025-09-08,52.28928756713867,53.349998474121094,53.54999923706055,53.25,53.400001525878906,59980892
2025-09-09,52.8283576965332,53.900001525878906,53.95000076293945,53.5,53.54999923706055,56315324
2025-09-10,53.85748291015625,54.95000076293945,55.0,54.400001525878906,54.400001525878906,73272121
2025-09-11,54.34754180908203,55.45000076293945,55.900001525878906,55.25,55.54999923706055,84750243
2025-09-12,54.88660430908203,56.0,56.0,55.70000076293945,55.75,57457218
2025-09-15,54.88660430908203,56.0,56.04999923706055,55.79999923706055,56.0,52544684
2025-09-16,55.62169647216797,56.75,56.849998474121094,56.150001525878906,56.150001525878906,63314427
2025-09-17,55.229644775390625,56.349998474121094,56.599998474121094,56.25,56.599998474121094,66204045
2025-09-18,55.817718505859375,56.95000076293945,56.95000076293945,56.25,56.5,44089588
2025-09-19,55.866722106933594,57.0,57.099998474121094,56.599998474121094,57.0,71674519
2025-09-22,56.25876998901367,57.400001525878906,57.400001525878906,56.75,57.0,56355369
2025-09-23,57.28789520263672,58.45000076293945,58.599998474121094,57.849998474121094,57.849998474121094,89181458
2025-09-24,57.2388916015625,58.400001525878906,58.95000076293945,58.099998474121094,58.70000076293945,90579906
2025-09-25,57.04286193847656,58.20000076293945,58.400001525878906,58.0,58.349998474121094,56318217
2025-09-26,56.111751556396484,57.25,57.900001525878906,56.849998474121094,57.900001525878906,158564436
2025-09-30,56.65081787109375,57.79999923706055,57.900001525878906,57.54999923706055,57.54999923706055,62389962
2025-10-01,56.94485092163086,58.099998474121094,58.75,57.900001525878906,57.900001525878906,74531798
2025-10-02,58.02298355102539,59.20000076293945,59.25,58.849998474121094,59.0,72057003
2025-10-03,58.856082916259766,60.04999923706055,60.099998474121094,59.04999923706055,59.20000076293945,73601535
2025-10-07,60.4732780456543,61.70000076293945,61.70000076293945,60.900001525878906,61.0,132381054
2025-10-08,59.93421173095703,61.150001525878906,61.150001525878906,60.599998474121094,61.0,112448112
2025-10-09,60.37526321411133,61.599998474121094,61.95000076293945,61.5,61.849998474121094,72911291
2025-10-13,59.787193298339844,61.0,61.0,59.599998474121094,59.900001525878906,261787970
2025-10-14,59.493160247802734,60.70000076293945,62.150001525878906,60.650001525878906,61.849998474121094,157148588
2025-10-15,60.5712890625,61.79999923706055,61.79999923706055,60.599998474121094,61.0,97216134
2025-10-16,61.74742889404297,63.0,63.0,62.099998474121094,62.099998474121094,112923095
2025-10-17,60.81631851196289,62.04999923706055,62.29999923706055,61.900001525878906,62.04999923706055,157583768
2025-10-20,61.84543991088867,63.099998474121094,63.20000076293945,62.150001525878906,62.349998474121094,102880277
2025-10-21,61.94345474243164,63.20000076293945,63.650001525878906,63.04999923706055,63.400001525878906,124931191
2025-10-22,61.45339584350586,62.70000076293945,62.849998474121094,62.25,62.599998474121094,116660310
2025-10-23,61.1103515625,62.349998474121094,62.400001525878906,61.75,62.099998474121094,161355781
2025-10-27,62.531524658203125,63.79999923706055,63.900001525878906,63.45000076293945,63.75,102297434
2025-10-28,62.09047317504883,63.349998474121094,63.70000076293945,63.20000076293945,63.54999923706055,93730892
2025-10-29,63.119598388671875,64.4000015258789,64.44999694824219,63.70000076293945,63.70000076293945,65206490
2025-10-30,63.119598388671875,64.4000015258789,64.80000305175781,64.0,64.5999984741211,91073965
2025-10-31,63.46263885498047,64.75,64.80000305175781,64.4000015258789,64.5999984741211,53629924
2025-11-03,62.874568939208984,64.1500015258789,64.80000305175781,63.900001525878906,64.44999694824219,130638786
2025-11-04,62.67853927612305,63.95000076293945,64.8499984741211,63.849998474121094,64.5,83118781
2025-11-05,61.894447326660156,63.150001525878906,63.150001525878906,62.29999923706055,62.95000076293945,210997899
2025-11-06,62.041465759277344,63.29999923706055,63.5,63.150001525878906,63.349998474121094,65559913
2025-11-07,61.306373596191406,62.54999923706055,62.75,62.400001525878906,62.650001525878906,102458588
2025-11-10,62.09047317504883,63.349998474121094,63.349998474121094,62.599998474121094,62.79999923706055,80256746
2025-11-11,61.649417877197266,62.900001525878906,63.70000076293945,62.849998474121094,63.650001525878906,75382949
2025-11-12,61.94345474243164,63.20000076293945,63.29999923706055,62.75,62.95000076293945,59822193
2025-11-13,61.649417877197266,62.900001525878906,62.95000076293945,62.599998474121094,62.79999923706055,74963633
2025-11-14,60.4732780456543,61.70000076293945,61.900001525878906,61.400001525878906,61.650001525878906,204108022
2025-11-17,60.66930389404297,61.900001525878906,62.20000076293945,61.79999923706055,62.0,86927813
2025-11-18,59.248130798339844,60.45000076293945,61.29999923706055,60.29999923706055,61.29999923706055,240526230
2025-11-19,58.856082916259766,60.04999923706055,60.5,59.900001525878906,60.150001525878906,138705085
2025-11-20,60.66930389404297,61.900001525878906,61.95000076293945,61.349998474121094,61.54999923706055,81330710
2025-11-21,58.660057067871094,59.849998474121094,60.150001525878906,59.5,60.099998474121094,299502200
2025-11-24,58.366024017333984,59.54999923706055,60.099998474121094,59.45000076293945,60.099998474121094,153617414
2025-11-25,59.150115966796875,60.349998474121094,60.75,60.099998474121094,60.70000076293945,61913501
2025-11-26,60.13023376464844,61.349998474121094,61.5,61.0,61.099998474121094,73622900
2025-11-27,60.66930389404297,61.900001525878906,62.099998474121094,61.650001525878906,61.79999923706055,52209933
2025-11-28,61.1103515625,62.349998474121094,62.400001525878906,61.849998474121094,61.95000076293945,66700125
2025-12-01,60.277252197265625,61.5,61.95000076293945,61.400001525878906,61.79999923706055,96548521
2025-12-02,60.4732780456543,61.70000076293945,62.20000076293945,61.650001525878906,61.79999923706055,41397425
2025-12-03,61.061344146728516,62.29999923706055,62.5,62.099998474121094,62.400001525878906,44855416
2025-12-04,60.96333694458008,62.20000076293945,62.5,62.0,62.400001525878906,38785824
2025-12-05,61.502403259277344,62.75,62.75,62.349998474121094,62.45000076293945,45051403
2025-12-08,62.43351364135742,63.70000076293945,63.70000076293945,62.95000076293945,63.0,76124318
2025-12-09,62.33549880981445,63.599998474121094,63.849998474121094,63.54999923706055,63.79999923706055,48271330
2025-12-10,62.77655792236328,64.05000305175781,64.19999694824219,63.650001525878906,63.70000076293945,64151249
2025-12-11,62.09047317504883,63.349998474121094,64.5,63.20000076293945,64.30000305175781,94638653
2025-12-12,62.18848419189453,63.45000076293945,63.79999923706055,63.29999923706055,63.54999923706055,57687594
2025-12-15,61.5514030456543,62.79999923706055,62.849998474121094,62.400001525878906,62.5,105905436
2025-12-16,61.0123405456543,62.25,62.25,61.70000076293945,62.099998474121094,155552766
2025-12-17,60.66930389404297,61.900001525878906,62.45000076293945,61.849998474121094,62.150001525878906,89657544
2025-12-18,60.66930389404297,61.900001525878906,62.099998474121094,61.54999923706055,61.79999923706055,112535790
2025-12-19,61.25737380981445,62.5,62.75,62.349998474121094,62.400001525878906,79433169
2025-12-22,62.13947677612305,63.400001525878906,63.45000076293945,63.04999923706055,63.29999923706055,91596850
2025-12-23,62.43351364135742,63.70000076293945,63.79999923706055,63.5,63.5,100327038
2025-12-24,62.580528259277344,63.849998474121094,64.05000305175781,63.75,63.95000076293945,62393202
2025-12-26,63.119598388671875,64.4000015258789,64.5,64.0999984741211,64.19999694824219,68362335
2025-12-29,63.952693939208984,65.25,65.3499984741211,64.5999984741211,64.6500015258789,83563905
2025-12-30,63.85468673706055,65.1500015258789,65.30000305175781,64.75,64.9000015258789,58116367
2025-12-31,64.29573822021484,65.5999984741211,65.8499984741211,64.9000015258789,65.0999984741211,69494353
2026-01-02,65.618896484375,66.94999694824219,67.0,65.80000305175781,66.0,77878570
2026-01-05,68.11819458007812,69.5,70.05000305175781,68.05000305175781,68.0999984741211,225924687
2026-01-06,69.00030517578125,70.4000015258789,70.4000015258789,68.94999694824219,69.44999694824219,125256215
2026-01-07,68.46123504638672,69.8499984741211,70.44999694824219,69.69999694824219,70.4000015258789,113869755
2026-01-08,68.70626831054688,70.0999984741211,70.3499984741211,69.4000015258789,69.6500015258789,71394567
2026-01-09,68.46123504638672,69.8499984741211,70.25,68.9000015258789,69.80000305175781,106682469
2026-01-12,68.95130157470703,70.3499984741211,70.55000305175781,70.05000305175781,70.5,80365400
2026-01-13,69.2943344116211,70.69999694824219,71.19999694824219,70.30000305175781,71.0999984741211,99445355
2026-01-14,69.34334564208984,70.75,71.0999984741211,70.6500015258789,70.94999694824219,82266008
2026-01-15,69.24533081054688,70.6500015258789,70.69999694824219,70.1500015258789,70.69999694824219,89452635
2026-01-16,70.56849670410156,72.0,72.0999984741211,71.19999694824219,71.75,97268614
2026-01-19,71.15656280517578,72.5999984741211,72.80000305175781,71.44999694824219,71.69999694824219,116848644
2026-01-20,71.15656280517578,72.5999984741211,72.6500015258789,71.8499984741211,71.9000015258789,104977401
2026-01-21,70.42147064208984,71.8499984741211,72.5,71.69999694824219,71.80000305175781,161269608
2026-01-22,71.36573028564453,71.80000305175781,72.05000305175781,71.5999984741211,71.9000015258789,96360058
2026-01-23,71.81300354003906,72.25,72.30000305175781,71.80000305175781,72.0999984741211,68701320
2026-01-26,71.81300354003906,72.25,72.6500015258789,72.19999694824219,72.25,84082813
2026-01-27,72.60816955566406,73.05000305175781,73.1500015258789,72.3499984741211,72.4000015258789,70421120
2026-01-28,73.75120544433594,74.19999694824219,74.19999694824219,73.5,73.55000305175781,87294077
2026-01-29,73.3039321899414,73.75,74.5,73.5,74.4000015258789,111905919
2026-01-30,72.160888671875,72.5999984741211,73.19999694824219,72.30000305175781,73.1500015258789,159055585
2026-02-02,71.06754302978516,71.5,71.75,70.9000015258789,71.55000305175781,211262670
2026-02-03,72.5087661743164,72.94999694824219,73.05000305175781,72.4000015258789,73.0,70926930
2026-02-04,72.45907592773438,72.9000015258789,73.1500015258789,72.30000305175781,72.4000015258789,56597222
2026-02-05,71.56451416015625,72.0,72.25,71.75,72.05000305175781,95746290
2026-02-06,71.46512603759766,71.9000015258789,72.25,70.80000305175781,71.4000015258789,102980565
2026-02-09,73.50271606445312,73.94999694824219,74.1500015258789,73.75,74.05000305175781,118533745
2026-02-10,75.04335021972656,75.5,75.5,74.5999984741211,74.6500015258789,98559015
2026-02-11,76.73306274414062,77.19999694824219,77.44999694824219,75.9000015258789,75.9000015258789,114028587
2026-02-23,76.93185424804688,77.4000015258789,78.44999694824219,77.19999694824219,78.44999694824219,212974781
2026-02-24,78.91976165771484,79.4000015258789,79.6500015258789,77.8499984741211,77.94999694824219,143721014
2026-02-25,80.6094741821289,81.0999984741211,81.80000305175781,80.25,80.3499984741211,158561421
2026-02-26,80.65917205810547,81.1500015258789,81.5,80.80000305175781,81.25,123812672
2026-03-02,79.864013671875,80.3499984741211,80.80000305175781,79.1500015258789,79.5,204278933
2026-03-03,78.27368927001953,78.75,80.4000015258789,78.6500015258789,80.05000305175781,288356288
2026-03-04,75.14273834228516,75.5999984741211,77.44999694824219,75.5,77.4000015258789,455564304
2026-03-05,76.93185424804688,77.4000015258789,78.8499984741211,76.69999694824219,78.30000305175781,194777972
2026-03-06,76.38517761230469,76.8499984741211,77.30000305175781,76.30000305175781,76.80000305175781,139697065
2026-03-09,73.15483856201172,73.5999984741211,73.5999984741211,71.6500015258789,73.1500015258789,493890200
2026-03-10,74.74515533447266,75.19999694824219,76.25,74.30000305175781,75.9000015258789,164247105
2026-03-11,77.72701263427734,78.19999694824219,78.5,76.0999984741211,76.30000305175781,147508364
2026-03-12,76.1366958618164,76.5999984741211,77.5999984741211,76.3499984741211,77.0999984741211,120680192
2026-03-13,75.4906234741211,75.94999694824219,76.55000305175781,75.0,75.1500015258789,105970280
2026-03-16,75.14273834228516,75.5999984741211,76.69999694824219,75.44999694824219,76.30000305175781,97649824
2026-03-17,76.18639373779297,76.6500015258789,77.0,76.30000305175781,76.44999694824219,61503521
2026-03-18,77.32943725585938,77.80000305175781,78.05000305175781,77.44999694824219,77.75,72305179
2026-03-19,75.54032135009766,76.0,76.80000305175781,75.94999694824219,76.5999984741211,128778782
2026-03-20,75.44092559814453,75.9000015258789,76.4000015258789,75.5,76.19999694824219,67265037
2026-03-23,73.80091094970703,74.25,74.44999694824219,73.30000305175781,73.5,210502502
2026-03-24,73.95000457763672,74.4000015258789,75.5999984741211,73.80000305175781,75.5,83942753
2026-03-25,75.7391128540039,76.19999694824219,76.6500015258789,76.0,76.3499984741211,91456088
2026-03-26,75.34153747558594,75.80000305175781,76.8499984741211,75.5999984741211,76.30000305175781,76157584
2026-03-27,74.54637145996094,75.0,75.0999984741211,74.0999984741211,74.44999694824219,106078935
2026-03-30,73.4530258178711,73.9000015258789,74.05000305175781,72.80000305175781,73.30000305175781,158608942
2026-03-31,71.91239929199219,72.3499984741211,73.44999694824219,72.1500015258789,73.3499984741211,231400782
2026-04-01,74.99364471435547,75.44999694824219,75.5999984741211,74.5999984741211,75.0,126562159
2026-04-02,73.50271606445312,73.94999694824219,76.05000305175781,73.80000305175781,75.9000015258789,105707506
2026-04-07,74.84455871582031,75.30000305175781,75.44999694824219,74.6500015258789,75.1500015258789,76885542
2026-04-08,78.72096252441406,79.19999694824219,79.25,78.0999984741211,78.0999984741211,227364928
2026-04-09,78.67127227783203,79.1500015258789,79.4000015258789,78.80000305175781,79.30000305175781,92049631
2026-04-10,80.2615966796875,80.75,80.80000305175781,79.94999694824219,80.0,115520077
2026-04-13,80.11249542236328,80.5999984741211,81.0,80.4000015258789,80.5999984741211,87581345
2026-04-14,82.59738159179688,83.0999984741211,83.19999694824219,81.75,81.75,123920345
2026-04-15,83.64102935791016,84.1500015258789,85.0999984741211,83.80000305175781,84.0999984741211,122414906
2026-04-16,84.48588562011719,85.0,85.0999984741211,84.1500015258789,84.75,76987129
2026-04-17,83.64102935791016,84.1500015258789,84.5,84.0,84.19999694824219,93304532
2026-04-20,84.03861236572266,84.55000305175781,85.0999984741211,84.44999694824219,84.55000305175781,95994589
2026-04-21,85.4798355102539,86.0,86.0999984741211,85.0,85.5,71987659
2026-04-22,85.82772064208984,86.3499984741211,86.5999984741211,85.55000305175781,85.75,64147874
2026-04-23,85.82772064208984,86.3499984741211,88.80000305175781,85.1500015258789,87.6500015258789,148310644
2026-04-24,89.40594482421875,89.94999694824219,89.94999694824219,87.55000305175781,87.5999984741211,125117290
2026-04-27,92.4375,93.0,94.25,92.69999694824219,92.69999694824219,183173507
2026-04-28,91.44355010986328,92.0,93.6500015258789,91.9000015258789,92.55000305175781,114706934
2026-04-29,90.20111083984375,90.75,91.5,90.0,90.69999694824219,93857452
2026-04-30,89.95262145996094,90.5,91.9000015258789,90.30000305175781,91.25,82229228
2026-05-04,94.02782440185547,94.5999984741211,94.6500015258789,92.4000015258789,92.5,120393477
2026-05-05,94.02782440185547,94.5999984741211,94.75,94.0,94.4000015258789,76579608
2026-05-06,95.17086791992188,95.75,96.9000015258789,94.69999694824219,96.05000305175781,105507530
2026-05-07,97.10906982421875,97.69999694824219,98.4000015258789,97.4000015258789,97.94999694824219,110289613
2026-05-08,96.4133071899414,97.0,97.69999694824219,95.8499984741211,97.3499984741211,117639791
2026-05-11,96.31391143798828,96.9000015258789,97.1500015258789,96.5,96.6500015258789,88544547
2026-05-12,96.26421356201172,96.8499984741211,97.3499984741211,95.5,96.8499984741211,94676481
2026-05-13,94.92237854003906,95.5,95.80000305175781,94.69999694824219,94.8499984741211,113598688
2026-05-14,95.46905517578125,96.05000305175781,97.19999694824219,95.75,96.9000015258789,53565899
2026-05-15,94.82298278808594,95.4000015258789,98.25,95.19999694824219,97.6500015258789,90487261
2026-05-18,94.32601165771484,94.9000015258789,95.19999694824219,93.30000305175781,94.0,105172915
2026-05-19,92.53689575195312,93.0999984741211,94.69999694824219,93.0999984741211,94.3499984741211,116385289
2026-05-20,91.94052124023438,92.5,93.5,92.44999694824219,93.0,108931614
2026-05-21,95.270263671875,95.8499984741211,96.05000305175781,94.69999694824219,94.80000305175781,59494294
2026-05-22,96.71149444580078,97.30000305175781,97.30000305175781,96.0,96.30000305175781,60917271
2026-05-25,100.19032287597656,100.80000305175781,101.0,99.55000305175781,99.55000305175781,124114624
2026-05-26,99.49455261230469,100.0999984741211,101.80000305175781,100.0999984741211,101.5999984741211,87695026
2026-05-27,101.92974090576172,102.55000305175781,103.9000015258789,102.0,102.4000015258789,90102044
2026-05-28,99.89213562011719,100.5,104.25,100.0999984741211,104.0,140421329
2026-05-29,104.76250457763672,105.4000015258789,105.4000015258789,102.69999694824219,103.19999694824219,98892043
2026-06-01,104.86189270019531,105.5,106.69999694824219,104.5,105.25,127067000
2026-06-02,105.06068420410156,105.69999694824219,106.30000305175781,104.19999694824219,106.30000305175781,107794552
2026-06-03,106.9491958618164,107.5999984741211,107.8499984741211,107.0999984741211,107.30000305175781,75111550
2026-06-04,105.45826721191406,106.0999984741211,107.0,106.05000305175781,106.75,108491104
2026-06-05,103.52006530761719,104.1500015258789,105.3499984741211,102.80000305175781,105.0,164564140
2026-06-08,100.33941650390625,100.94999694824219,101.30000305175781,98.05000305175781,98.05000305175781,320685641
2026-06-09,102.87399291992188,103.5,103.5999984741211,101.3499984741211,102.0999984741211,89392847
2026-06-10,99.64364624023438,100.25,102.94999694824219,100.19999694824219,102.5999984741211,166445287
2026-06-11,99.2460708618164,99.8499984741211,100.55000305175781,97.5999984741211,100.0,248828975
2026-06-12,101.33336639404297,101.94999694824219,103.75,101.55000305175781,103.25,73401960
2026-06-15,104.61341094970703,105.25,105.5,104.30000305175781,105.0999984741211,95906242
2026-06-16,105.25947570800781,105.9000015258789,106.05000305175781,104.8499984741211,106.05000305175781,67088029
2026-06-17,105.35887145996094,106.0,106.0,104.5,105.0,75416209
2026-06-18,106.65100860595703,107.30000305175781,107.44999694824219,106.6500015258789,107.0,74587200
2026-06-22,110.47772216796875,111.1500015258789,111.19999694824219,109.44999694824219,109.44999694824219,110460961
2026-06-23,109.43407440185547,110.0999984741211,112.30000305175781,110.05000305175781,112.0,120564830
2026-06-24,106.50191497802734,107.1500015258789,108.0999984741211,106.1500015258789,108.0,208531754
2026-06-25,106.5516128540039,107.19999694824219,108.05000305175781,106.3499984741211,108.0,89454929
2026-06-26,102.47640991210938,103.0999984741211,105.8499984741211,102.80000305175781,105.4000015258789,251693794
2026-06-29,103.81824493408203,104.44999694824219,105.3499984741211,103.30000305175781,103.3499984741211,101519378
2026-06-30,107.14798736572266,107.80000305175781,108.25,106.75,106.8499984741211,103816325
2026-07-01,108.68860626220703,109.3499984741211,109.94999694824219,108.5999984741211,109.80000305175781,72216950
2026-07-02,108.14193725585938,108.80000305175781,108.94999694824219,106.9000015258789,107.19999694824219,67727796
2026-07-03,107.69465637207031,108.3499984741211,108.80000305175781,106.0999984741211,106.1500015258789,76733905
2026-07-06,107.59526062011719,108.25,109.5999984741211,107.69999694824219,109.05000305175781,70136815
2026-07-07,105.55765533447266,106.19999694824219,109.05000305175781,105.8499984741211,108.55000305175781,111060971
2026-07-08,105.4085693359375,106.05000305175781,106.5999984741211,105.05000305175781,106.4000015258789,86877553
2026-07-09,105.16008758544922,105.80000305175781,107.0,105.44999694824219,106.3499984741211,51733962
2026-07-10,105.16008758544922,105.80000305175781,105.80000305175781,105.80000305175781,105.80000305175781,0
2026-07-13,105.35887145996094,106.0,107.55000305175781,105.69999694824219,107.0,65558453
2026-07-14,103.76854705810547,104.4000015258789,105.5,102.25,105.5,225466504
2026-07-15,105.65705871582031,106.30000305175781,106.44999694824219,104.6500015258789,105.30000305175781,106147811
2026-07-16,105.75645446777344,106.4000015258789,106.75,104.55000305175781,105.3499984741211,68042614
2026-07-17,99.54425811767578,100.1500015258789,103.05000305175781,100.0,102.9000015258789,443467989
2026-07-20,98.5999984741211,99.19999694824219,100.5999984741211,98.30000305175781,100.19999694824219,335645366
2026-07-21,102.5,102.5,102.5,99.8499984741211,100.0,91004977
2026-07-22,103.8499984741211,103.8499984741211,104.80000305175781,103.30000305175781,104.5,103568792
2026-07-23,103.9000015258789,103.9000015258789,104.80000305175781,102.9000015258789,104.25,51221177
2026-07-24,101.69999694824219,101.69999694824219,103.05000305175781,101.30000305175781,102.55000305175781,94377095
2026-07-27,101.44999694824219,101.44999694824219,101.5999984741211,100.05000305175781,101.30000305175781,100975462
2026-07-28,97.1500015258789,97.1500015258789,98.3499984741211,96.9000015258789,98.3499984741211,403103877
2026-07-29,93.69999694824219,93.69999694824219,97.0,91.80000305175781,96.94999694824219,481594751
2026-07-30,93.5,93.5,96.0,92.0,93.4000015258789,277813661
2026-07-31,102.8499984741211,102.8499984741211,102.8499984741211,99.80000305175781,100.0,335230300
2026-08-03,102.0,102.0,102.69999694824219,101.0,102.0,162020882
2026-08-04,100.6500015258789,100.6500015258789,102.25,99.75,100.6500015258789,114567629
2026-08-05,103.80000305175781,103.80000305175781,104.75,102.9000015258789,103.75,162326921
2026-08-06,103.30000305175781,103.30000305175781,103.69999694824219,102.55000305175781,103.25,75072269
2026-08-07,102.8499984741211,102.8499984741211,104.0,102.05000305175781,103.80000305175781,64762811
2026-08-10,104.25,104.25,104.75,103.5,103.9000015258789,77669272
2026-08-11,104.5999984741211,104.5999984741211,104.8499984741211,103.4000015258789,104.05000305175781,69149291
