Price,Adj Close,Close,High,Low,Open,Volume
Ticker,2882.TW,2882.TW,2882.TW,2882.TW,2882.TW,2882.TW
Date,,,,,,
2021-08-11,44.41937255859375,55.135643005371094,55.72637939453125,54.54490280151367,54.741817474365234,52151325
2021-08-12,44.41937255859375,55.135643005371094,55.72637939453125,54.840274810791016,55.627925872802734,26678083
2021-08-13,43.62617111206055,54.15107727050781,55.03718566894531,54.05261993408203,54.93872833251953,29638262
2021-08-16,43.070926666259766,53.461883544921875,54.44644546508789,52.67422866821289,53.95416259765625,41643422
2021-08-17,43.070926666259766,53.461883544921875,53.461883544921875,53.461883544921875,53.461883544921875,0
2021-08-18,43.150245666503906,53.56033706665039,53.56033706665039,53.06805419921875,53.26496887207031,31522640
2021-08-19,42.67432403564453,52.969600677490234,53.855709075927734,52.87114334106445,53.65879440307617,35748355
2021-08-20,42.595008850097656,52.87114334106445,53.461883544921875,52.37886047363281,53.26496887207031,27238840
2021-08-23,43.70549392700195,54.249534606933594,54.54490280151367,53.461883544921875,53.56033706665039,36049185
2021-08-24,44.2607307434082,54.93872833251953,54.93872833251953,54.15107727050781,54.54490280151367,27329945
2021-08-25,44.41937255859375,55.135643005371094,55.135643005371094,54.54490280151367,54.93872833251953,17578323
2021-08-26,44.41937255859375,55.135643005371094,55.43101119995117,54.64336013793945,55.33255386352539,26641169
2021-08-27,45.76781463623047,56.80940246582031,57.006317138671875,55.135643005371094,55.33255386352539,55600785
2021-08-30,47.19558334350586,58.58161926269531,58.58161926269531,57.20322799682617,57.30168533325195,74158370
2021-08-31,47.27490234375,58.680076599121094,58.97544479370117,57.892425537109375,58.384708404541016,49009049
2021-09-01,46.95762634277344,58.286251068115234,58.97544479370117,58.18779373168945,58.778533935546875,27295985
2021-09-02,46.56101989746094,57.793968200683594,58.384708404541016,57.10477066040039,58.384708404541016,35965765
2021-09-03,47.27490234375,58.680076599121094,59.07390213012695,57.990882873535156,58.286251068115234,35481296
2021-09-06,46.95762634277344,58.286251068115234,58.87698745727539,57.892425537109375,58.58161926269531,22948143
2021-09-07,46.95762634277344,58.286251068115234,58.58161926269531,57.990882873535156,58.48316192626953,17220729
2021-09-08,46.40237808227539,57.59705352783203,58.384708404541016,57.006317138671875,58.286251068115234,31606331
2021-09-09,46.56101989746094,57.793968200683594,57.793968200683594,56.907859802246094,57.400142669677734,15455391
2021-09-10,46.95762634277344,58.286251068115234,58.48316192626953,57.49859619140625,57.892425537109375,17885028
2021-09-13,47.51286315917969,58.97544479370117,59.566184997558594,58.18779373168945,58.286251068115234,46600453
2021-09-14,47.43354034423828,58.87698745727539,59.664642333984375,58.680076599121094,59.36927032470703,30165676
2021-09-15,47.19558334350586,58.58161926269531,58.97544479370117,58.18779373168945,58.48316192626953,18275313
2021-09-16,47.35422134399414,58.778533935546875,59.36927032470703,58.48316192626953,58.778533935546875,20618662
2021-09-17,46.719661712646484,57.990882873535156,59.07390213012695,57.990882873535156,58.97544479370117,32889602
2021-09-22,45.05393600463867,55.92329406738281,56.41557693481445,55.03718566894531,56.31711959838867,71719541
2021-09-23,45.60917663574219,56.612491607666016,56.71094512939453,56.21866226196289,56.41557693481445,19175272
2021-09-24,45.84713363647461,56.907859802246094,57.400142669677734,56.71094512939453,57.10477066040039,15175451
2021-09-27,46.56101989746094,57.793968200683594,57.990882873535156,56.907859802246094,57.10477066040039,27827524
2021-09-28,46.79898452758789,58.08933639526367,58.286251068115234,57.20322799682617,57.793968200683594,28074224
2021-09-29,46.00577926635742,57.10477066040039,57.49859619140625,56.31711959838867,57.10477066040039,34510298
2021-09-30,45.92646026611328,57.006317138671875,57.10477066040039,56.612491607666016,57.10477066040039,17103530
2021-10-01,45.13325500488281,56.021751403808594,56.514034271240234,55.72637939453125,56.514034271240234,27376947
2021-10-04,44.895294189453125,55.72637939453125,56.41557693481445,55.43101119995117,56.21866226196289,19149124
2021-10-05,44.73665237426758,55.52946853637695,55.627925872802734,54.54490280151367,55.234100341796875,31843915
2021-10-06,45.291893005371094,56.21866226196289,56.612491607666016,55.33255386352539,56.120208740234375,31309768
2021-10-07,45.291893005371094,56.21866226196289,56.80940246582031,56.21866226196289,56.514034271240234,22484176
2021-10-08,45.291893005371094,56.21866226196289,56.612491607666016,56.021751403808594,56.612491607666016,12479234
2021-10-12,44.73665237426758,55.52946853637695,55.627925872802734,54.840274810791016,55.43101119995117,32109138
2021-10-13,44.57801055908203,55.33255386352539,56.21866226196289,54.93872833251953,55.82483673095703,22436740
2021-10-14,44.895294189453125,55.72637939453125,56.021751403808594,55.234100341796875,55.627925872802734,18618812
2021-10-15,46.243736267089844,57.400142669677734,57.59705352783203,56.21866226196289,56.31711959838867,46255177
2021-10-18,46.56101989746094,57.793968200683594,58.286251068115234,57.49859619140625,57.59705352783203,32094075
2021-10-19,46.32305908203125,57.49859619140625,58.286251068115234,57.400142669677734,58.08933639526367,23093032
2021-10-20,46.243736267089844,57.400142669677734,58.08933639526367,57.20322799682617,57.892425537109375,19670745
2021-10-21,46.56101989746094,57.793968200683594,58.18779373168945,57.30168533325195,57.400142669677734,21595534
2021-10-22,46.243736267089844,57.400142669677734,57.793968200683594,57.20322799682617,57.793968200683594,10127952
2021-10-25,46.32305908203125,57.49859619140625,57.793968200683594,57.006317138671875,57.30168533325195,8739995
2021-10-26,46.87830352783203,58.18779373168945,58.286251068115234,57.49859619140625,57.892425537109375,21546755
2021-10-27,46.56101989746094,57.793968200683594,58.08933639526367,57.400142669677734,58.08933639526367,10663213
2021-10-28,46.08509826660156,57.20322799682617,57.59705352783203,57.006317138671875,57.49859619140625,12879285
2021-10-29,46.08509826660156,57.20322799682617,57.400142669677734,56.612491607666016,57.006317138671875,17988839
2021-11-01,45.68849182128906,56.71094512939453,57.59705352783203,56.71094512939453,57.20322799682617,14204004
2021-11-02,45.52985382080078,56.514034271240234,57.20322799682617,56.514034271240234,56.907859802246094,13041685
2021-11-03,45.68849182128906,56.71094512939453,56.907859802246094,56.41557693481445,56.612491607666016,10351117
2021-11-04,45.92646026611328,57.006317138671875,57.49859619140625,56.907859802246094,57.10477066040039,15940687
2021-11-05,46.40237808227539,57.59705352783203,57.59705352783203,56.71094512939453,57.006317138671875,12931802
2021-11-08,46.56101989746094,57.793968200683594,57.793968200683594,57.30168533325195,57.400142669677734,13095097
2021-11-09,46.40237808227539,57.59705352783203,57.793968200683594,57.400142669677734,57.793968200683594,12698177
2021-11-10,46.48169708251953,57.69551086425781,57.793968200683594,57.49859619140625,57.59705352783203,8301633
2021-11-11,46.48169708251953,57.69551086425781,57.793968200683594,57.30168533325195,57.793968200683594,15544444
2021-11-12,46.719661712646484,57.990882873535156,58.18779373168945,57.59705352783203,57.793968200683594,21255169
2021-11-15,47.35422134399414,58.778533935546875,59.36927032470703,58.286251068115234,58.286251068115234,31008602
2021-11-16,47.59217834472656,59.07390213012695,59.07390213012695,58.58161926269531,58.97544479370117,18979473
2021-11-17,49.33723068237305,61.23994445800781,61.23994445800781,59.270816802978516,59.36927032470703,77847540
2021-11-18,49.9717903137207,62.02759552001953,62.51987838745117,60.74766159057617,61.14148712158203,62091242
2021-11-19,49.01994705200195,60.84611892700195,62.02759552001953,60.64920425415039,62.02759552001953,35764634
2021-11-22,48.46470260620117,60.156925201416016,60.64920425415039,59.96001052856445,60.550750732421875,26853595
2021-11-23,48.22674560546875,59.86155319213867,60.550750732421875,59.763099670410156,59.86155319213867,18474909
2021-11-24,48.46470260620117,60.156925201416016,60.84611892700195,60.058467864990234,60.156925201416016,14975675
2021-11-25,48.861305236816406,60.64920425415039,60.84611892700195,60.058467864990234,60.84611892700195,20327191
2021-11-26,47.75082778930664,59.270816802978516,60.35383605957031,59.07390213012695,60.156925201416016,45777607
2021-11-29,47.03694534301758,58.384708404541016,58.97544479370117,58.08933639526367,58.58161926269531,28848246
2021-11-30,47.59217834472656,59.07390213012695,59.07390213012695,58.18779373168945,58.58161926269531,44996400
2021-12-01,47.51286315917969,58.97544479370117,59.07390213012695,58.18779373168945,58.58161926269531,22845800
2021-12-02,47.19558334350586,58.58161926269531,58.680076599121094,58.286251068115234,58.48316192626953,20341940
2021-12-03,47.51286315917969,58.97544479370117,59.46772766113281,58.87698745727539,58.97544479370117,14967580
2021-12-06,47.59217834472656,59.07390213012695,59.07390213012695,58.48316192626953,58.87698745727539,15447978
2021-12-07,48.14742660522461,59.763099670410156,59.763099670410156,58.680076599121094,59.172359466552734,19419379
2021-12-08,48.14742660522461,59.763099670410156,60.25537872314453,59.664642333984375,60.058467864990234,19804786
2021-12-09,48.14742660522461,59.763099670410156,60.156925201416016,59.46772766113281,59.763099670410156,13858609
2021-12-10,47.98878479003906,59.566184997558594,59.86155319213867,59.36927032470703,59.86155319213867,13852866
2021-12-13,48.14742660522461,59.763099670410156,60.550750732421875,59.763099670410156,60.058467864990234,18977523
2021-12-14,47.75082778930664,59.270816802978516,59.664642333984375,59.172359466552734,59.664642333984375,16292706
2021-12-15,47.43354034423828,58.87698745727539,59.270816802978516,58.87698745727539,58.97544479370117,16207372
2021-12-16,47.83014678955078,59.36927032470703,59.46772766113281,59.07390213012695,59.172359466552734,13009271
2021-12-17,47.98878479003906,59.566184997558594,59.763099670410156,59.270816802978516,59.36927032470703,15963137
2021-12-20,47.51286315917969,58.97544479370117,59.566184997558594,58.97544479370117,59.172359466552734,15083251
2021-12-21,47.83014678955078,59.36927032470703,59.566184997558594,58.97544479370117,58.97544479370117,12814287
2021-12-22,47.83014678955078,59.36927032470703,59.566184997558594,59.172359466552734,59.36927032470703,9101933
2021-12-23,47.98878479003906,59.566184997558594,59.664642333984375,59.270816802978516,59.36927032470703,11491174
2021-12-24,48.46470260620117,60.156925201416016,60.452293395996094,59.566184997558594,59.664642333984375,21822909
2021-12-27,48.623348236083984,60.35383605957031,60.550750732421875,60.156925201416016,60.452293395996094,12334157
2021-12-28,49.41654968261719,61.338401794433594,61.436859130859375,60.550750732421875,60.74766159057617,34270876
2021-12-29,49.9717903137207,62.02759552001953,62.322967529296875,61.535316467285156,61.830684661865234,49675714
2021-12-30,49.575191497802734,61.535316467285156,62.02759552001953,61.535316467285156,62.02759552001953,16062473
2022-01-03,48.861305236816406,60.64920425415039,61.929141998291016,60.64920425415039,61.830684661865234,18543676
2022-01-04,49.1785888671875,61.043033599853516,61.043033599853516,60.550750732421875,60.64920425415039,15794063
2022-01-05,49.099266052246094,60.944576263427734,61.043033599853516,60.35383605957031,60.64920425415039,15297507
2022-01-06,49.1785888671875,61.043033599853516,61.338401794433594,60.452293395996094,60.944576263427734,16410627
2022-01-07,49.1785888671875,61.043033599853516,61.535316467285156,60.84611892700195,61.043033599853516,21070071
2022-01-10,49.25790786743164,61.14148712158203,61.338401794433594,60.74766159057617,61.043033599853516,12278222
2022-01-11,51.161598205566406,63.50444412231445,63.89826965332031,61.14148712158203,61.535316467285156,99317151
2022-01-12,51.32024383544922,63.701358795166016,63.996726989746094,62.815250396728516,63.40599060058594,50052596
2022-01-13,53.46188735961914,66.35968780517578,66.75350952148438,63.50444412231445,63.701358795166016,102744830
2022-01-14,53.69984817504883,66.6550521850586,67.34424591064453,65.47357177734375,65.96585845947266,79080616
2022-01-17,52.74800109863281,65.47357177734375,66.95042419433594,65.47357177734375,66.26123046875,38403109
2022-01-18,53.065284729003906,65.86740112304688,66.16277313232422,65.17820739746094,65.57202911376953,32965915
2022-01-19,52.43072509765625,65.07975006103516,65.47357177734375,64.58746337890625,65.3751220703125,39773480
2022-01-20,52.1927604675293,64.78437805175781,65.07975006103516,63.996726989746094,64.58746337890625,34964359
2022-01-21,51.082279205322266,63.40599060058594,64.29209899902344,63.209075927734375,64.19364166259766,42816020
2022-01-24,51.00295639038086,63.307533264160156,63.602901458740234,62.421424865722656,63.01216125488281,31693467
2022-01-25,49.9717903137207,62.02759552001953,62.716793060302734,61.436859130859375,62.61833572387695,59782397
2022-01-26,50.20975875854492,62.322967529296875,62.716793060302734,61.830684661865234,62.02759552001953,22512004
2022-02-07,52.113441467285156,64.68592071533203,64.78437805175781,62.815250396728516,62.815250396728516,46962191
2022-02-08,52.351402282714844,64.98129272460938,65.47357177734375,64.09518432617188,64.489013671875,32606233
2022-02-09,52.351402282714844,64.98129272460938,65.3751220703125,64.58746337890625,65.3751220703125,20734922
2022-02-10,52.1927604675293,64.78437805175781,64.8828353881836,64.09518432617188,64.8828353881836,19424658
2022-02-11,52.03411865234375,64.58746337890625,64.68592071533203,64.19364166259766,64.39055633544922,13579678
2022-02-14,50.92363739013672,63.209075927734375,63.50444412231445,62.61833572387695,63.50444412231445,35138880
2022-02-15,51.00295639038086,63.307533264160156,63.89826965332031,63.209075927734375,63.602901458740234,20628424
2022-02-16,51.399559020996094,63.7998161315918,63.7998161315918,63.209075927734375,63.7998161315918,19911063
2022-02-17,51.32024383544922,63.701358795166016,63.996726989746094,63.307533264160156,63.701358795166016,22626777
2022-02-18,51.24092102050781,63.602901458740234,63.602901458740234,63.110618591308594,63.110618591308594,18181184
2022-02-21,51.24092102050781,63.602901458740234,63.701358795166016,63.01216125488281,63.307533264160156,14512804
2022-02-22,50.527034759521484,62.716793060302734,63.209075927734375,62.224510192871094,63.01216125488281,27472813
2022-02-23,50.527034759521484,62.716793060302734,63.01216125488281,62.421424865722656,62.51987838745117,15633147
2022-02-24,49.9717903137207,62.02759552001953,62.51987838745117,61.535316467285156,62.224510192871094,40359662
2022-02-25,49.41654968261719,61.338401794433594,62.02759552001953,60.64920425415039,61.73222732543945,57604516
2022-03-01,49.65450668334961,61.63376998901367,61.73222732543945,60.550750732421875,60.74766159057617,26221496
2022-03-02,49.1785888671875,61.043033599853516,61.23994445800781,60.84611892700195,61.14148712158203,19053285
2022-03-03,49.25790786743164,61.14148712158203,61.535316467285156,61.043033599853516,61.338401794433594,13658259
2022-03-04,48.54402542114258,60.25537872314453,60.84611892700195,60.25537872314453,60.84611892700195,22516725
2022-03-07,47.11626434326172,58.48316192626953,59.566184997558594,57.892425537109375,59.46772766113281,52547743
2022-03-08,46.40237808227539,57.59705352783203,57.892425537109375,57.10477066040039,57.30168533325195,52521052
2022-03-09,46.79898452758789,58.08933639526367,58.48316192626953,57.69551086425781,58.08933639526367,18562773
2022-03-10,47.83014678955078,59.36927032470703,59.566184997558594,58.58161926269531,58.58161926269531,22154019
2022-03-11,47.83014678955078,59.36927032470703,59.664642333984375,58.97544479370117,59.270816802978516,12391678
2022-03-14,48.54402542114258,60.25537872314453,60.550750732421875,59.664642333984375,59.763099670410156,14715692
2022-03-15,48.623348236083984,60.35383605957031,60.550750732421875,59.96001052856445,60.35383605957031,16538172
2022-03-16,49.1785888671875,61.043033599853516,61.043033599853516,60.452293395996094,60.74766159057617,22417228
2022-03-17,50.05111312866211,62.12605285644531,62.224510192871094,61.436859130859375,61.535316467285156,35990386
2022-03-18,50.20975875854492,62.322967529296875,62.815250396728516,62.12605285644531,62.421424865722656,28605665
2022-03-21,50.44771957397461,62.61833572387695,62.815250396728516,62.224510192871094,62.322967529296875,17044030
2022-03-22,50.44771957397461,62.61833572387695,62.61833572387695,62.12605285644531,62.61833572387695,9970489
2022-03-23,51.399559020996094,63.7998161315918,63.996726989746094,63.01216125488281,63.110618591308594,28568678
2022-03-24,51.00295639038086,63.307533264160156,63.40599060058594,62.61833572387695,63.307533264160156,17799803
2022-03-25,50.3683967590332,62.51987838745117,63.01216125488281,62.51987838745117,62.815250396728516,11052557
2022-03-28,50.20975875854492,62.322967529296875,62.716793060302734,61.63376998901367,61.830684661865234,9922542
2022-03-29,50.606353759765625,62.815250396728516,62.9137077331543,62.322967529296875,62.51987838745117,9100420
2022-03-30,51.082279205322266,63.40599060058594,63.50444412231445,63.01216125488281,63.110618591308594,14889417
2022-03-31,51.161598205566406,63.50444412231445,63.701358795166016,63.209075927734375,63.50444412231445,15285676
2022-04-01,51.55820083618164,63.996726989746094,63.996726989746094,62.815250396728516,63.01216125488281,16543294
2022-04-06,51.954803466796875,64.489013671875,64.489013671875,63.50444412231445,64.09518432617188,24432720
2022-04-07,51.399559020996094,63.7998161315918,64.68592071533203,63.50444412231445,64.29209899902344,26966832
2022-04-08,51.55820083618164,63.996726989746094,64.09518432617188,63.50444412231445,63.996726989746094,13099013
2022-04-11,51.399559020996094,63.7998161315918,64.68592071533203,63.110618591308594,64.29209899902344,15204200
2022-04-12,51.478878021240234,63.89826965332031,63.996726989746094,63.307533264160156,63.7998161315918,13855916
2022-04-13,51.87548065185547,64.39055633544922,64.489013671875,63.996726989746094,64.29209899902344,14860767
2022-04-14,51.32024383544922,63.701358795166016,64.489013671875,63.701358795166016,64.39055633544922,10936093
2022-04-15,50.764991760253906,63.01216125488281,63.50444412231445,62.815250396728516,63.40599060058594,12943168
2022-04-18,49.81315231323242,61.830684661865234,62.815250396728516,61.535316467285156,62.716793060302734,13876252
2022-04-19,49.733829498291016,61.73222732543945,62.9137077331543,61.73222732543945,62.224510192871094,13942787
2022-04-20,50.68567657470703,62.9137077331543,62.9137077331543,61.830684661865234,62.224510192871094,17198148
2022-04-21,50.68567657470703,62.9137077331543,62.9137077331543,62.12605285644531,62.716793060302734,15850692
2022-04-22,50.92363739013672,63.209075927734375,63.209075927734375,62.12605285644531,62.224510192871094,19169769
2022-04-25,50.606353759765625,62.815250396728516,62.815250396728516,61.929141998291016,62.51987838745117,22063347
2022-04-26,50.764991760253906,63.01216125488281,63.01216125488281,62.421424865722656,62.421424865722656,14189338
2022-04-27,49.1785888671875,61.043033599853516,62.224510192871094,61.043033599853516,62.02759552001953,21629798
2022-04-28,49.25790786743164,61.14148712158203,61.535316467285156,60.35383605957031,61.043033599853516,24222091
2022-04-29,49.575191497802734,61.535316467285156,61.73222732543945,61.338401794433594,61.338401794433594,10450448
2022-05-03,49.41654968261719,61.338401794433594,61.535316467285156,60.84611892700195,61.535316467285156,8219379
2022-05-04,49.89247131347656,61.929141998291016,62.12605285644531,61.436859130859375,61.436859130859375,8695837
2022-05-05,49.41654968261719,61.338401794433594,62.322967529296875,61.23994445800781,62.224510192871094,30823654
2022-05-06,48.54402542114258,60.25537872314453,60.64920425415039,59.86155319213867,60.156925201416016,23884130
2022-05-09,46.56101989746094,57.793968200683594,59.46772766113281,57.59705352783203,59.36927032470703,37030768
2022-05-10,46.00577926635742,57.10477066040039,57.400142669677734,56.41557693481445,56.71094512939453,38801184
2022-05-11,44.57801055908203,55.33255386352539,56.80940246582031,55.135643005371094,56.71094512939453,38739741
2022-05-12,42.91228485107422,53.26496887207031,54.93872833251953,53.26496887207031,54.44644546508789,47694696
2022-05-13,43.070926666259766,53.461883544921875,54.249534606933594,52.77268600463867,53.855709075927734,38582173
2022-05-16,42.198402404785156,52.37886047363281,53.75725173950195,51.88657760620117,53.75725173950195,29255229
2022-05-17,41.72248458862305,51.78812026977539,52.67422866821289,51.68966293334961,52.57577133178711,32610694
2022-05-18,42.91228485107422,53.26496887207031,53.75725173950195,51.68966293334961,51.78812026977539,36608835
2022-05-19,41.80180358886719,51.88657760620117,52.37886047363281,51.78812026977539,52.18194580078125,25444245
2022-05-20,41.9604377746582,52.08348846435547,52.67422866821289,51.98503494262695,52.57577133178711,16717178
2022-05-23,41.484519958496094,51.49275207519531,52.57577133178711,51.197383880615234,52.57577133178711,21851037
2022-05-24,41.246559143066406,51.197383880615234,52.18194580078125,51.197383880615234,51.78812026977539,28166115
2022-05-25,40.77063751220703,50.60664367675781,51.29583740234375,49.91744613647461,51.197383880615234,43772604
2022-05-26,40.84995651245117,50.70509719848633,51.68966293334961,50.50818634033203,50.90201187133789,34622073
2022-05-27,41.72248458862305,51.78812026977539,52.18194580078125,51.09892654418945,51.197383880615234,30660977
2022-05-30,42.83296585083008,53.16651153564453,53.363426208496094,52.28040313720703,52.37886047363281,27662701
2022-05-31,44.1814079284668,54.840274810791016,54.840274810791016,52.67422866821289,53.363426208496094,42120792
2022-06-01,43.388214111328125,53.855709075927734,54.34798812866211,53.461883544921875,54.05261993408203,27593032
2022-06-02,43.22956466674805,53.65879440307617,53.855709075927734,52.969600677490234,53.461883544921875,18244024
2022-06-06,43.467529296875,53.95416259765625,54.15107727050781,53.16651153564453,53.461883544921875,13978933
2022-06-07,43.467529296875,53.95416259765625,54.34798812866211,53.461883544921875,53.855709075927734,17222277
2022-06-08,43.467529296875,53.95416259765625,54.34798812866211,53.855709075927734,54.34798812866211,14932490
2022-06-09,43.467529296875,53.95416259765625,54.15107727050781,53.56033706665039,53.75725173950195,15461043
2022-06-10,43.467529296875,53.95416259765625,54.05261993408203,53.26496887207031,53.56033706665039,11193401
2022-06-13,42.67432403564453,52.969600677490234,53.16651153564453,52.28040313720703,52.77268600463867,22637022
2022-06-14,42.35703659057617,52.57577133178711,53.06805419921875,52.37886047363281,52.77268600463867,17399724
2022-06-15,42.51568603515625,52.77268600463867,53.16651153564453,52.477317810058594,52.57577133178711,14781216
2022-06-16,42.595008850097656,52.87114334106445,53.75725173950195,52.77268600463867,53.363426208496094,16857169
2022-06-17,42.039756774902344,52.18194580078125,52.67422866821289,51.88657760620117,51.98503494262695,30064874
2022-06-20,41.087921142578125,51.00046920776367,53.16651153564453,50.60664367675781,52.18194580078125,29358054
2022-06-21,42.99160385131836,53.363426208496094,53.95416259765625,51.591209411621094,51.88657760620117,39029111
2022-06-22,42.039756774902344,52.18194580078125,53.65879440307617,52.18194580078125,53.16651153564453,20297591
2022-06-23,42.039756774902344,52.18194580078125,52.57577133178711,51.591209411621094,52.18194580078125,23931931
2022-06-24,42.35703659057617,52.57577133178711,53.06805419921875,52.37886047363281,53.06805419921875,14529006
2022-06-27,42.43635940551758,52.67422866821289,53.363426208496094,52.67422866821289,52.969600677490234,15193358
2022-06-28,42.67432403564453,52.969600677490234,53.06805419921875,52.477317810058594,52.57577133178711,17056910
2022-06-29,41.88112258911133,51.98503494262695,52.28040313720703,51.591209411621094,51.68966293334961,33018176
2022-06-30,40.3740348815918,50.11436080932617,51.88657760620117,50.11436080932617,51.78812026977539,38809943
2022-07-01,39.42218780517578,48.93288040161133,50.40972900390625,48.93288040161133,50.21281814575195,54708765
2022-07-04,38.824886322021484,44.79771041870117,45.48690414428711,44.30542755126953,44.79771041870117,69323923
2022-07-05,39.891502380371094,46.02841567993164,46.66838455200195,45.14230728149414,45.92995834350586,33469019
2022-07-06,38.35557556152344,44.25619888305664,46.02841567993164,44.10851287841797,46.02841567993164,33624077
2022-07-07,38.44090270996094,44.35465621948242,44.74848175048828,43.51777648925781,44.45310974121094,40533581
2022-07-08,38.227577209472656,44.10851287841797,45.09307861328125,43.86237335205078,44.69925308227539,26237290
2022-07-11,38.44090270996094,44.35465621948242,44.55156707763672,44.10851287841797,44.35465621948242,11766820
2022-07-12,37.37428283691406,43.12394714355469,44.01005554199219,43.12394714355469,43.91160202026367,21586935
2022-07-13,38.824886322021484,44.79771041870117,45.09307861328125,44.35465621948242,44.35465621948242,22065712
2022-07-14,38.39823913574219,44.30542755126953,44.79771041870117,44.10851287841797,44.40388488769531,15908384
2022-07-15,37.67293930053711,43.46854782104492,44.01005554199219,43.41931915283203,44.01005554199219,23593936
2022-07-18,38.56890106201172,44.50233840942383,44.6500244140625,43.71468734741211,43.81314468383789,21331916
2022-07-19,38.35557556152344,44.25619888305664,44.40388488769531,44.01005554199219,44.15774154663086,15782828
2022-07-20,38.31291198730469,44.20697021484375,45.24076461791992,44.15774154663086,44.89616775512695,21295693
2022-07-21,38.44090270996094,44.35465621948242,44.40388488769531,43.51777648925781,44.10851287841797,23793580
2022-07-22,38.39823913574219,44.30542755126953,44.99462127685547,44.01005554199219,44.99462127685547,27641954
2022-07-25,38.867549896240234,44.8469352722168,44.89616775512695,44.05928421020508,44.20697021484375,13526515
2022-07-26,38.91021728515625,44.89616775512695,45.09307861328125,44.50233840942383,44.79771041870117,11568440
2022-07-27,38.6115608215332,44.55156707763672,44.89616775512695,44.30542755126953,44.89616775512695,13479616
2022-07-28,39.08087158203125,45.09307861328125,45.09307861328125,44.69925308227539,44.8469352722168,15518722
2022-07-29,38.824886322021484,44.79771041870117,45.38844680786133,44.79771041870117,45.28999328613281,17754349
2022-08-01,38.782222747802734,44.74848175048828,44.8469352722168,44.50233840942383,44.79771041870117,16222521
2022-08-02,38.270240783691406,44.15774154663086,44.60079574584961,43.86237335205078,44.20697021484375,34951954
2022-08-03,38.35557556152344,44.25619888305664,44.25619888305664,43.81314468383789,44.01005554199219,12287780
2022-08-04,38.270240783691406,44.15774154663086,44.35465621948242,43.96083068847656,44.25619888305664,12679483
2022-08-05,39.0382080078125,45.04384994506836,45.09307861328125,44.60079574584961,44.69925308227539,20492305
2022-08-08,39.37952423095703,45.43767547607422,45.5361328125,44.55156707763672,44.69925308227539,15843684
2022-08-09,39.33686065673828,45.38844680786133,45.73304748535156,45.19153594970703,45.48690414428711,14073073
2022-08-10,39.59284973144531,45.68381881713867,45.68381881713867,45.04384994506836,45.19153594970703,14901866
2022-08-11,40.27548599243164,46.47146987915039,46.56992721557617,45.78227233886719,45.78227233886719,22982554
2022-08-12,40.31814956665039,46.52069854736328,46.66838455200195,46.27455520629883,46.47146987915039,11619127
2022-08-15,40.360816955566406,46.56992721557617,46.81606674194336,46.4222412109375,46.76683807373047,10339051
2022-08-16,40.19015884399414,46.37301254272461,46.66838455200195,46.37301254272461,46.61915588378906,12456500
2022-08-17,40.488807678222656,46.71760940551758,46.71760940551758,46.32378387451172,46.4222412109375,18590548
2022-08-18,40.31814956665039,46.52069854736328,46.61915588378906,46.32378387451172,46.56992721557617,11000350
2022-08-19,40.53147506713867,46.76683807373047,46.76683807373047,46.37301254272461,46.37301254272461,7806451
2022-08-22,40.019500732421875,46.17610168457031,46.47146987915039,46.12687301635742,46.37301254272461,8201591
2022-08-23,39.55018615722656,45.63459014892578,45.88072967529297,45.58536148071289,45.83150100708008,13694575
2022-08-24,39.55018615722656,45.63459014892578,45.97918701171875,45.48690414428711,45.73304748535156,9919466
2022-08-25,39.72084426879883,45.83150100708008,46.12687301635742,45.63459014892578,45.63459014892578,11555931
2022-08-26,39.891502380371094,46.02841567993164,46.27455520629883,45.92995834350586,46.12687301635742,10029331
2022-08-29,38.91021728515625,44.89616775512695,45.04384994506836,44.50233840942383,44.69925308227539,24752959
2022-08-30,37.928924560546875,43.763916015625,44.55156707763672,43.66545867919922,44.40388488769531,61307097
2022-08-31,38.014259338378906,43.86237335205078,44.10851287841797,43.41931915283203,43.56700134277344,25861917
2022-09-01,38.014259338378906,43.86237335205078,43.96083068847656,43.32086181640625,43.41931915283203,28249263
2022-09-02,37.58761215209961,43.37009048461914,43.71468734741211,43.37009048461914,43.66545867919922,25487883
2022-09-05,37.58761215209961,43.37009048461914,43.66545867919922,43.22240447998047,43.37009048461914,18199033
2022-09-06,37.75826644897461,43.56700134277344,43.91160202026367,43.41931915283203,43.51777648925781,13905793
2022-09-07,36.819644927978516,42.48398208618164,43.32086181640625,42.43475341796875,43.32086181640625,38851978
2022-09-08,36.819644927978516,42.48398208618164,42.77935028076172,42.38552474975586,42.68089294433594,26616181
2022-09-12,37.58761215209961,43.37009048461914,43.41931915283203,42.92703628540039,43.17317581176758,24566896
2022-09-13,37.24629592895508,42.97626495361328,43.51777648925781,42.97626495361328,43.41931915283203,31876489
2022-09-14,36.56365966796875,42.18861389160156,42.33629608154297,41.89324188232422,41.99169921875,35139619
2022-09-15,36.776981353759766,42.43475341796875,42.77935028076172,41.99169921875,42.23783874511719,17428617
2022-09-16,36.52098846435547,42.139381408691406,42.38552474975586,41.94247055053711,42.04092788696289,29687085
2022-09-19,36.478328704833984,42.09015655517578,42.33629608154297,41.99169921875,42.28706741333008,14889021
2022-09-20,36.73431396484375,42.38552474975586,42.58243942260742,42.28706741333008,42.38552474975586,13104514
2022-09-21,36.30766677856445,41.89324188232422,42.38552474975586,41.84401321411133,42.38552474975586,16482739
2022-09-22,35.53969955444336,41.00713348388672,41.40095901489258,40.66253662109375,41.40095901489258,39030847
2022-09-23,35.92368698120117,41.45018768310547,41.54864501953125,40.90867614746094,40.90867614746094,15351743
2022-09-26,35.411705017089844,40.85944747924805,41.45018768310547,40.51485061645508,41.15481948852539,26192202
2022-09-27,34.9423942565918,40.31793975830078,41.15481948852539,40.31793975830078,40.95790481567383,25032696
2022-09-28,33.96110916137695,39.18568801879883,40.51485061645508,39.18568801879883,40.46562194824219,43891769
2022-09-29,34.259765625,39.5302848815918,39.67797088623047,39.13645935058594,39.57951354980469,33325179
2022-09-30,34.0890998840332,39.3333740234375,39.3333740234375,38.594947814941406,38.89031982421875,39963995
2022-10-03,33.278472900390625,38.39803695678711,38.84109115600586,38.39803695678711,38.79186248779297,26743090
2022-10-04,33.74778747558594,38.93954849243164,39.03800582885742,38.29957962036133,38.84109115600586,29038761
2022-10-05,34.7717399597168,40.12102508544922,40.71176528930664,39.57951354980469,39.62874221801758,37795227
2022-10-06,34.81440734863281,40.17025375366211,40.56407928466797,39.924110412597656,40.56407928466797,15835427
2022-10-07,34.558414459228516,39.87488555908203,40.26871109008789,39.72719955444336,40.12102508544922,16600789
2022-10-11,33.79045104980469,38.988773345947266,39.3333740234375,38.74263381958008,39.08723068237305,33677621
2022-10-12,33.74778747558594,38.93954849243164,39.28414535522461,38.49649429321289,38.988773345947266,21923607
2022-10-13,31.95586395263672,36.8719596862793,38.74263381958008,36.822731018066406,38.545719146728516,79819802
2022-10-14,32.12652587890625,37.06887435913086,37.90575408935547,37.06887435913086,37.5611572265625,37620037
2022-10-17,32.12652587890625,37.06887435913086,37.41347122192383,36.281219482421875,36.92118835449219,33242905
2022-10-18,32.55317306518555,37.5611572265625,37.708839416503906,36.92118835449219,37.36424255371094,26680073
2022-10-19,32.68116760253906,37.708839416503906,37.90575408935547,37.36424255371094,37.5611572265625,25570695
2022-10-20,32.29718017578125,37.265785217285156,37.51192855834961,36.52736282348633,36.822731018066406,31352470
2022-10-21,31.187898635864258,35.9858512878418,36.72427749633789,35.69048309326172,36.72427749633789,49699759
2022-10-24,31.571882247924805,36.42890548706055,36.822731018066406,36.281219482421875,36.42890548706055,18929719
2022-10-25,31.998533248901367,36.92118835449219,37.06887435913086,36.42890548706055,36.72427749633789,20245957
2022-10-26,32.85182571411133,37.90575408935547,38.151893615722656,37.06887435913086,37.31501388549805,28225258
2022-10-27,32.85182571411133,37.90575408935547,38.49649429321289,37.90575408935547,38.10266876220703,23572519
2022-10-28,32.63850402832031,37.65961456298828,38.00421142578125,37.41347122192383,37.95498275756836,22875297
2022-10-31,32.254520416259766,37.216556549072266,37.90575408935547,37.216556549072266,37.85652542114258,18870309
2022-11-01,32.51050567626953,37.51192855834961,37.5611572265625,37.01964569091797,37.216556549072266,14234641
2022-11-02,32.85182571411133,37.90575408935547,37.90575408935547,37.11810302734375,37.216556549072266,16929725
2022-11-03,33.150482177734375,38.25035095214844,38.25035095214844,37.36424255371094,37.41347122192383,20010552
2022-11-04,33.23581314086914,38.34880828857422,38.34880828857422,37.80729675292969,37.95498275756836,14694349
2022-11-07,33.74778747558594,38.93954849243164,38.93954849243164,38.447265625,38.6441764831543,16339389
2022-11-08,33.87577819824219,39.08723068237305,39.28414535522461,38.79186248779297,39.13645935058594,17955689
2022-11-09,34.259765625,39.5302848815918,39.5302848815918,38.93954849243164,39.18568801879883,22344075
2022-11-10,33.83311462402344,39.03800582885742,39.38260269165039,38.93954849243164,39.3333740234375,20519143
2022-11-11,35.753028869628906,41.25327682495117,41.35173034667969,40.07179641723633,40.17025375366211,60458418
2022-11-14,35.62503433227539,41.1055908203125,41.45018768310547,40.95790481567383,41.35173034667969,40096408
2022-11-15,36.17967224121094,41.74555587768555,41.79478454589844,40.90867614746094,41.1055908203125,27928936
2022-11-16,35.58237075805664,41.05636215209961,41.74555587768555,40.95790481567383,41.64710235595703,23995298
2022-11-17,35.45437240600586,40.90867614746094,41.05636215209961,40.46562194824219,41.05636215209961,15766053
2022-11-18,35.753028869628906,41.25327682495117,41.59787368774414,40.760990142822266,40.85944747924805,14323440
2022-11-21,35.92368698120117,41.45018768310547,41.54864501953125,40.90867614746094,41.25327682495117,19213684
2022-11-22,36.00901412963867,41.54864501953125,41.54864501953125,40.66253662109375,41.20404815673828,23592233
2022-11-23,36.478328704833984,42.09015655517578,42.139381408691406,41.45018768310547,41.696327209472656,21468926
2022-11-24,36.30766677856445,41.89324188232422,42.28706741333008,41.89324188232422,42.23783874511719,21670318
2022-11-25,36.30766677856445,41.89324188232422,42.33629608154297,41.79478454589844,41.89324188232422,23998527
2022-11-28,35.83835220336914,41.35173034667969,41.79478454589844,41.05636215209961,41.54864501953125,24584453
2022-11-29,37.07563400268555,42.77935028076172,42.77935028076172,40.71176528930664,41.1055908203125,49732296
2022-11-30,37.16096115112305,42.8778076171875,43.27163314819336,42.43475341796875,42.73012161254883,67207044
2022-12-01,37.67293930053711,43.46854782104492,43.81314468383789,43.0747184753418,43.37009048461914,40310280
2022-12-02,37.54494857788086,43.32086181640625,43.61623001098633,43.0747184753418,43.22240447998047,33443423
2022-12-05,37.136863708496094,42.849998474121094,43.25,42.75,43.25,49006682
2022-12-06,35.88018798828125,41.400001525878906,42.650001525878906,41.400001525878906,42.599998474121094,39255654
2022-12-07,35.88018798828125,41.400001525878906,42.099998474121094,41.25,41.400001525878906,31972738
2022-12-08,35.31685256958008,40.75,41.45000076293945,40.70000076293945,41.20000076293945,29558960
2022-12-09,35.62018585205078,41.099998474121094,41.400001525878906,40.79999923706055,41.099998474121094,24783476
2022-12-12,35.53351974487305,41.0,41.150001525878906,40.150001525878906,40.900001525878906,30045794
2022-12-13,35.49018859863281,40.95000076293945,41.349998474121094,40.79999923706055,41.0,21082407
2022-12-14,35.44685363769531,40.900001525878906,41.20000076293945,40.79999923706055,40.95000076293945,18130576
2022-12-15,35.18684768676758,40.599998474121094,40.79999923706055,40.349998474121094,40.79999923706055,19821067
2022-12-16,34.840179443359375,40.20000076293945,40.5,40.04999923706055,40.099998474121094,35265555
2022-12-19,34.79685592651367,40.150001525878906,40.599998474121094,40.04999923706055,40.099998474121094,19914865
2022-12-20,34.79685592651367,40.150001525878906,40.25,39.900001525878906,40.099998474121094,30764272
2022-12-21,34.66685104370117,40.0,40.150001525878906,39.849998474121094,39.95000076293945,18360430
2022-12-22,35.013519287109375,40.400001525878906,40.400001525878906,39.95000076293945,40.04999923706055,19066348
2022-12-23,35.66352081298828,41.150001525878906,41.5,40.29999923706055,40.349998474121094,33851527
2022-12-26,35.53351974487305,41.0,41.20000076293945,40.900001525878906,41.150001525878906,9525232
2022-12-27,35.66352081298828,41.150001525878906,41.29999923706055,41.0,41.0,8263666
2022-12-28,35.230186462402344,40.650001525878906,41.099998474121094,40.599998474121094,40.849998474121094,15973148
2022-12-29,34.75351333618164,40.099998474121094,40.599998474121094,40.04999923706055,40.5,17156465
2022-12-30,34.66685104370117,40.0,40.25,39.599998474121094,39.75,99028941
2023-01-03,34.62351608276367,39.95000076293945,40.099998474121094,39.75,40.0,36262120
2023-01-04,34.62351608276367,39.95000076293945,40.099998474121094,39.95000076293945,39.95000076293945,18722709
2023-01-05,34.88351821899414,40.25,40.349998474121094,40.0,40.099998474121094,25031162
2023-01-06,35.31685256958008,40.75,40.79999923706055,40.150001525878906,40.20000076293945,20440501
2023-01-09,36.40019226074219,42.0,42.0,41.150001525878906,41.150001525878906,49821974
2023-01-10,36.14019012451172,41.70000076293945,41.95000076293945,41.400001525878906,41.95000076293945,21260377
2023-01-11,35.88018798828125,41.400001525878906,41.70000076293945,41.400001525878906,41.599998474121094,15922470
2023-01-12,36.14019012451172,41.70000076293945,41.900001525878906,41.599998474121094,41.70000076293945,17638695
2023-01-13,36.22685623168945,41.79999923706055,42.29999923706055,41.75,41.849998474121094,25102239
2023-01-16,36.18352508544922,41.75,42.099998474121094,41.70000076293945,42.0,24124139
2023-01-17,36.40019226074219,42.0,42.099998474121094,41.599998474121094,41.79999923706055,28387180
2023-01-30,37.006866455078125,42.70000076293945,43.150001525878906,42.20000076293945,42.95000076293945,45077920
2023-01-31,36.876861572265625,42.54999923706055,42.79999923706055,42.45000076293945,42.70000076293945,33914616
2023-02-01,37.26686477661133,43.0,43.0,42.650001525878906,42.79999923706055,27631578
2023-02-02,38.17686462402344,44.04999923706055,44.29999923706055,43.400001525878906,43.45000076293945,46116655
2023-02-03,37.52686309814453,43.29999923706055,44.20000076293945,43.25,44.20000076293945,25806690
2023-02-06,36.96352767944336,42.650001525878906,43.20000076293945,42.599998474121094,43.150001525878906,23712390
2023-02-07,37.09352493286133,42.79999923706055,43.20000076293945,42.70000076293945,42.900001525878906,14828772
2023-02-08,37.136863708496094,42.849998474121094,43.0,42.70000076293945,42.900001525878906,12564973
2023-02-09,36.92019271850586,42.599998474121094,42.79999923706055,42.5,42.54999923706055,11112472
2023-02-10,36.96352767944336,42.650001525878906,42.79999923706055,42.349998474121094,42.5,13818734
2023-02-13,37.180198669433594,42.900001525878906,42.95000076293945,42.25,42.54999923706055,11543802
2023-02-14,37.786865234375,43.599998474121094,43.75,42.95000076293945,43.20000076293945,21471857
2023-02-15,37.22352981567383,42.95000076293945,43.70000076293945,42.79999923706055,43.54999923706055,23632490
2023-02-16,37.31019592285156,43.04999923706055,43.25,42.849998474121094,43.099998474121094,13182991
2023-02-17,38.13353729248047,44.0,44.04999923706055,43.349998474121094,43.400001525878906,32921863
2023-02-20,38.52354049682617,44.45000076293945,44.5,44.0,44.0,29828106
2023-02-21,38.00353240966797,43.849998474121094,44.25,43.54999923706055,44.25,18862394
2023-02-22,37.57019805908203,43.349998474121094,43.5,43.150001525878906,43.45000076293945,18059708
2023-02-23,37.52686309814453,43.29999923706055,43.54999923706055,43.20000076293945,43.25,18150375
2023-02-24,37.656864166259766,43.45000076293945,43.599998474121094,43.20000076293945,43.29999923706055,22078754
2023-03-01,37.050193786621094,42.75,43.54999923706055,42.599998474121094,43.349998474121094,33761315
2023-03-02,37.26686477661133,43.0,43.20000076293945,42.599998474121094,43.20000076293945,11518689
2023-03-03,37.180198669433594,42.900001525878906,43.20000076293945,42.900001525878906,43.0,10256714
2023-03-06,37.786865234375,43.599998474121094,43.75,43.20000076293945,43.29999923706055,18232571
2023-03-07,37.916866302490234,43.75,43.849998474121094,43.5,43.70000076293945,13610621
2023-03-08,37.916866302490234,43.75,43.75,43.29999923706055,43.400001525878906,13887937
2023-03-09,37.8302001953125,43.650001525878906,43.75,43.54999923706055,43.70000076293945,17501952
2023-03-10,37.006866455078125,42.70000076293945,43.150001525878906,42.599998474121094,43.150001525878906,36595335
2023-03-13,36.660194396972656,42.29999923706055,42.400001525878906,42.0,42.29999923706055,24359425
2023-03-14,36.010189056396484,41.54999923706055,41.849998474121094,41.5,41.849998474121094,32604644
2023-03-15,35.966854095458984,41.5,42.0,41.5,41.70000076293945,16185684
2023-03-16,35.10018539428711,40.5,41.0,40.5,40.95000076293945,37748248
2023-03-17,35.53351974487305,41.0,41.20000076293945,40.75,40.75,30425180
2023-03-20,34.840179443359375,40.20000076293945,40.79999923706055,40.0,40.79999923706055,37427141
2023-03-21,35.31685256958008,40.75,41.150001525878906,40.400001525878906,40.5,19744663
2023-03-22,35.83685302734375,41.349998474121094,41.45000076293945,41.0,41.04999923706055,28583722
2023-03-23,36.010189056396484,41.54999923706055,41.54999923706055,40.900001525878906,41.20000076293945,20207579
2023-03-24,35.793521881103516,41.29999923706055,41.599998474121094,41.20000076293945,41.599998474121094,16359955
2023-03-27,35.83685302734375,41.349998474121094,41.5,41.04999923706055,41.25,13583611
2023-03-28,36.010189056396484,41.54999923706055,41.79999923706055,41.5,41.54999923706055,9414909
2023-03-29,36.27019119262695,41.849998474121094,41.849998474121094,41.400001525878906,41.54999923706055,11857019
2023-03-30,36.053524017333984,41.599998474121094,41.900001525878906,41.5,41.849998474121094,13384923
2023-03-31,36.22685623168945,41.79999923706055,41.95000076293945,41.599998474121094,41.75,19031565
2023-04-06,36.40019226074219,42.0,42.0,41.5,42.0,16337101
2023-04-07,36.616859436035156,42.25,42.400001525878906,42.0,42.099998474121094,17275200
2023-04-10,36.876861572265625,42.54999923706055,42.650001525878906,42.400001525878906,42.400001525878906,10745497
2023-04-11,36.96352767944336,42.650001525878906,42.650001525878906,42.349998474121094,42.599998474121094,13788419
2023-04-12,37.22352981567383,42.95000076293945,42.95000076293945,42.70000076293945,42.75,12966061
2023-04-13,36.92019271850586,42.599998474121094,42.849998474121094,42.5,42.849998474121094,16429265
2023-04-14,37.39686584472656,43.150001525878906,43.20000076293945,42.54999923706055,42.650001525878906,17304460
2023-04-17,37.4401969909668,43.20000076293945,43.20000076293945,43.0,43.20000076293945,9823221
2023-04-18,37.3535270690918,43.099998474121094,43.29999923706055,42.75,43.150001525878906,10519946
2023-04-19,37.050193786621094,42.75,43.20000076293945,42.650001525878906,43.099998474121094,11476745
2023-04-20,37.22352981567383,42.95000076293945,42.95000076293945,42.54999923706055,42.650001525878906,9960746
2023-04-21,37.006866455078125,42.70000076293945,43.0,42.349998474121094,43.0,12319165
2023-04-24,36.96352767944336,42.650001525878906,42.70000076293945,42.400001525878906,42.70000076293945,6130617
2023-04-25,36.92019271850586,42.599998474121094,43.0,42.5,42.70000076293945,12719409
2023-04-26,36.703521728515625,42.349998474121094,42.75,42.0,42.599998474121094,15893174
2023-04-27,36.616859436035156,42.25,42.45000076293945,42.0,42.150001525878906,12118445
2023-04-28,36.79019546508789,42.45000076293945,42.75,42.0,42.04999923706055,18216849
2023-05-02,36.833526611328125,42.5,42.5,41.900001525878906,42.45000076293945,16420228
2023-05-03,36.74686050415039,42.400001525878906,42.45000076293945,42.099998474121094,42.400001525878906,10605485
2023-05-04,36.833526611328125,42.5,42.5,42.099998474121094,42.349998474121094,9481638
2023-05-05,36.96352767944336,42.650001525878906,42.650001525878906,42.349998474121094,42.5,7100017
2023-05-08,37.31019592285156,43.04999923706055,43.04999923706055,42.650001525878906,42.79999923706055,15192178
2023-05-09,37.700199127197266,43.5,43.5,43.0,43.099998474121094,18349309
2023-05-10,37.31019592285156,43.04999923706055,43.5,42.79999923706055,43.5,14564134
2023-05-11,37.87353515625,43.70000076293945,43.70000076293945,43.25,43.349998474121094,28023936
2023-05-12,36.96352767944336,42.650001525878906,43.54999923706055,42.650001525878906,43.54999923706055,29438019
2023-05-15,37.57019805908203,43.349998474121094,43.45000076293945,42.400001525878906,42.70000076293945,18152104
2023-05-16,37.786865234375,43.599998474121094,43.75,43.25,43.5,18751956
2023-05-17,38.09020233154297,43.95000076293945,44.0,43.400001525878906,43.599998474121094,25528000
2023-05-18,38.480201721191406,44.400001525878906,44.45000076293945,43.95000076293945,44.0,29543448
2023-05-19,39.130210876464844,45.150001525878906,45.20000076293945,44.54999923706055,44.599998474121094,41659765
2023-05-22,39.130210876464844,45.150001525878906,45.5,45.099998474121094,45.150001525878906,17778147
2023-05-23,38.82686996459961,44.79999923706055,45.400001525878906,44.70000076293945,45.150001525878906,19972619
2023-05-24,38.82686996459961,44.79999923706055,44.849998474121094,44.349998474121094,44.349998474121094,17478431
2023-05-25,38.17686462402344,44.04999923706055,44.70000076293945,44.0,44.45000076293945,20369273
2023-05-26,38.04686737060547,43.900001525878906,44.25,43.75,43.900001525878906,20704856
2023-05-29,38.783538818359375,44.75,45.5,44.400001525878906,44.400001525878906,37145398
2023-05-30,38.56686782836914,44.5,45.099998474121094,44.45000076293945,45.0,23260588
2023-05-31,38.39353561401367,44.29999923706055,44.95000076293945,44.29999923706055,44.54999923706055,80393531
2023-06-01,38.13353729248047,44.0,44.70000076293945,43.79999923706055,44.5,20928655
2023-06-02,38.52354049682617,44.45000076293945,44.45000076293945,44.04999923706055,44.150001525878906,17058006
2023-06-05,39.21687316894531,45.25,45.70000076293945,44.54999923706055,44.599998474121094,32917974
2023-06-06,39.21687316894531,45.25,45.45000076293945,45.04999923706055,45.25,13731614
2023-06-07,39.34687423706055,45.400001525878906,45.5,45.0,45.400001525878906,23312321
2023-06-08,38.65353775024414,44.599998474121094,45.45000076293945,44.20000076293945,45.45000076293945,34071418
2023-06-09,38.65353775024414,44.599998474121094,44.849998474121094,44.400001525878906,44.849998474121094,21635659
2023-06-12,38.17686462402344,44.04999923706055,44.849998474121094,44.0,44.70000076293945,21800246
2023-06-13,38.22019577026367,44.099998474121094,44.400001525878906,43.95000076293945,44.20000076293945,23638511
2023-06-14,38.65353775024414,44.599998474121094,44.79999923706055,44.150001525878906,44.150001525878906,16789455
2023-06-15,38.43687057495117,44.349998474121094,44.650001525878906,44.20000076293945,44.599998474121094,12119675
2023-06-16,38.04686737060547,43.900001525878906,44.349998474121094,43.900001525878906,44.29999923706055,24570934
2023-06-19,38.04686737060547,43.900001525878906,44.099998474121094,43.650001525878906,44.0,16692295
2023-06-20,38.43687057495117,44.349998474121094,44.349998474121094,43.900001525878906,44.0,10247909
2023-06-21,38.480201721191406,44.400001525878906,44.5,44.099998474121094,44.25,11590110
2023-06-26,38.17686462402344,44.04999923706055,44.29999923706055,44.0,44.25,17185863
2023-06-27,38.2635383605957,44.150001525878906,44.29999923706055,43.900001525878906,44.04999923706055,16924994
2023-06-28,38.61741638183594,43.650001525878906,43.75,43.400001525878906,43.5,15068336
2023-06-29,38.396236419677734,43.400001525878906,43.79999923706055,43.400001525878906,43.75,15716145
2023-06-30,38.17506408691406,43.150001525878906,43.599998474121094,43.150001525878906,43.400001525878906,15881738
2023-07-03,38.307769775390625,43.29999923706055,43.400001525878906,43.150001525878906,43.20000076293945,8134440
2023-07-04,38.08659362792969,43.04999923706055,43.349998474121094,43.04999923706055,43.29999923706055,11577180
2023-07-05,38.21929931640625,43.20000076293945,43.45000076293945,43.099998474121094,43.099998474121094,9733788
2023-07-06,37.60000228881836,42.5,43.20000076293945,42.29999923706055,43.20000076293945,26912105
2023-07-07,37.37882614135742,42.25,42.349998474121094,42.04999923706055,42.25,16602621
2023-07-10,37.73271179199219,42.650001525878906,43.0,42.25,42.25,14095730
2023-07-11,38.57318115234375,43.599998474121094,43.79999923706055,43.20000076293945,43.20000076293945,19651215
2023-07-12,38.927066802978516,44.0,44.0,43.29999923706055,43.29999923706055,19508653
2023-07-13,38.57318115234375,43.599998474121094,44.349998474121094,43.599998474121094,44.20000076293945,16725095
2023-07-14,39.01552963256836,44.099998474121094,44.099998474121094,43.70000076293945,43.849998474121094,11994107
2023-07-17,39.811767578125,45.0,45.0,44.04999923706055,44.150001525878906,29110411
2023-07-18,39.85600280761719,45.04999923706055,45.349998474121094,44.75,45.0,26102858
2023-07-19,39.36941909790039,44.5,45.25,44.25,45.20000076293945,18779128
2023-07-20,39.59059524536133,44.75,44.95000076293945,44.54999923706055,44.70000076293945,12763397
2023-07-21,39.28094482421875,44.400001525878906,44.75,44.349998474121094,44.599998474121094,11636064
2023-07-24,39.10400390625,44.20000076293945,44.400001525878906,44.0,44.400001525878906,10978625
2023-07-25,39.41364669799805,44.54999923706055,44.599998474121094,44.20000076293945,44.29999923706055,10788878
2023-07-26,40.12141418457031,45.349998474121094,45.5,44.70000076293945,44.75,32222042
2023-07-27,40.696475982666016,46.0,46.0,45.5,45.54999923706055,35398258
2023-07-28,40.47529983520508,45.75,45.849998474121094,45.5,45.79999923706055,12630957
2023-07-31,40.47529983520508,45.75,46.400001525878906,45.650001525878906,46.0,28797783
2023-08-01,41.8023567199707,47.25,47.25,46.0,46.150001525878906,40192967
2023-08-02,40.873416900634766,46.20000076293945,46.95000076293945,45.900001525878906,46.900001525878906,36911632
2023-08-04,40.96188735961914,46.29999923706055,46.75,46.20000076293945,46.70000076293945,22771230
2023-08-07,41.0945930480957,46.45000076293945,46.70000076293945,46.25,46.29999923706055,13494754
2023-08-08,41.62541580200195,47.04999923706055,47.20000076293945,46.599998474121094,46.70000076293945,25045558
2023-08-09,41.0945930480957,46.45000076293945,46.95000076293945,46.400001525878906,46.95000076293945,16636529
2023-08-10,41.227294921875,46.599998474121094,46.849998474121094,46.400001525878906,46.5,13527840
2023-08-11,41.0945930480957,46.45000076293945,47.099998474121094,46.349998474121094,47.0,16249119
2023-08-14,40.165653228759766,45.400001525878906,46.150001525878906,44.900001525878906,46.150001525878906,22526024
2023-08-15,40.165653228759766,45.400001525878906,45.599998474121094,45.29999923706055,45.400001525878906,11646302
2023-08-16,39.900238037109375,45.099998474121094,45.349998474121094,44.650001525878906,45.04999923706055,17591979
2023-08-17,40.07718276977539,45.29999923706055,45.54999923706055,44.5,44.75,14693346
2023-08-18,39.988712310791016,45.20000076293945,45.45000076293945,44.79999923706055,45.04999923706055,11066174
2023-08-21,40.165653228759766,45.400001525878906,45.45000076293945,45.150001525878906,45.25,7896093
2023-08-22,39.811767578125,45.0,45.5,44.79999923706055,45.45000076293945,10336363
2023-08-23,39.54636001586914,44.70000076293945,45.0,44.5,44.849998474121094,14429337
2023-08-24,39.50212478637695,44.650001525878906,44.849998474121094,44.20000076293945,44.70000076293945,19201425
2023-08-25,39.36941909790039,44.5,44.70000076293945,44.20000076293945,44.400001525878906,9162423
2023-08-28,40.165653228759766,45.400001525878906,45.400001525878906,44.5,44.5,13192888
2023-08-29,40.7407112121582,46.04999923706055,46.04999923706055,45.45000076293945,45.599998474121094,13665900
2023-08-30,40.78494644165039,46.099998474121094,46.150001525878906,45.75,46.099998474121094,10934619
2023-08-31,40.342594146728516,45.599998474121094,46.04999923706055,45.599998474121094,46.04999923706055,22654901
2023-09-01,41.227294921875,46.599998474121094,46.79999923706055,45.75,45.849998474121094,19193548
2023-09-04,41.27153396606445,46.650001525878906,46.70000076293945,46.25,46.599998474121094,7298639
2023-09-05,41.0945930480957,46.45000076293945,46.79999923706055,46.29999923706055,46.650001525878906,7849485
2023-09-06,40.51953125,45.79999923706055,46.54999923706055,45.75,46.5,15153174
2023-09-07,40.431060791015625,45.70000076293945,45.79999923706055,45.45000076293945,45.70000076293945,7077882
2023-09-08,40.96188735961914,46.29999923706055,46.29999923706055,45.599998474121094,45.599998474121094,8230642
2023-09-11,41.18306350708008,46.54999923706055,46.54999923706055,46.0,46.29999923706055,9322089
2023-09-12,41.27153396606445,46.650001525878906,46.650001525878906,46.099998474121094,46.54999923706055,12274928
2023-09-13,41.360008239746094,46.75,46.75,46.5,46.5,7921298
2023-09-14,41.492713928222656,46.900001525878906,47.0,46.599998474121094,46.849998474121094,13347312
2023-09-15,41.27153396606445,46.650001525878906,46.900001525878906,46.599998474121094,46.900001525878906,18166631
2023-09-18,41.050357818603516,46.400001525878906,46.599998474121094,46.29999923706055,46.599998474121094,9915365
2023-09-19,41.00612258911133,46.349998474121094,46.599998474121094,46.29999923706055,46.45000076293945,12155578
2023-09-20,40.431060791015625,45.70000076293945,46.349998474121094,45.650001525878906,46.29999923706055,19194476
2023-09-21,39.72330093383789,44.900001525878906,45.54999923706055,44.70000076293945,45.5,25786769
2023-09-22,39.54636001586914,44.70000076293945,45.0,44.54999923706055,44.849998474121094,14849503
2023-09-25,39.67906188964844,44.849998474121094,45.0,44.599998474121094,44.75,12515932
2023-09-26,39.3251838684082,44.45000076293945,44.849998474121094,44.400001525878906,44.70000076293945,13592490
2023-09-27,39.4578857421875,44.599998474121094,44.70000076293945,44.20000076293945,44.29999923706055,12826800
2023-09-28,39.41364669799805,44.54999923706055,44.95000076293945,44.54999923706055,44.599998474121094,11709653
2023-10-02,39.36941909790039,44.5,44.75,44.45000076293945,44.650001525878906,9808027
2023-10-03,38.927066802978516,44.0,44.29999923706055,44.0,44.20000076293945,16489470
2023-10-04,38.52894592285156,43.54999923706055,43.95000076293945,43.5,43.849998474121094,24415074
2023-10-05,38.97129821777344,44.04999923706055,44.150001525878906,43.400001525878906,43.54999923706055,13315708
2023-10-06,39.41364669799805,44.54999923706055,44.599998474121094,44.150001525878906,44.25,8311526
2023-10-11,40.65224075317383,45.95000076293945,45.95000076293945,44.95000076293945,45.04999923706055,33041627
2023-10-12,40.82918167114258,46.150001525878906,46.150001525878906,45.5,45.95000076293945,17947151
2023-10-13,40.07718276977539,45.29999923706055,45.849998474121094,45.29999923706055,45.849998474121094,16023433
2023-10-16,40.254119873046875,45.5,45.5,45.0,45.04999923706055,7411565
2023-10-17,40.03294372558594,45.25,45.599998474121094,45.150001525878906,45.54999923706055,8336233
2023-10-18,40.342594146728516,45.599998474121094,45.599998474121094,45.20000076293945,45.5,20529787
2023-10-19,39.900238037109375,45.099998474121094,45.349998474121094,44.849998474121094,45.20000076293945,13146819
2023-10-20,39.54636001586914,44.70000076293945,44.95000076293945,43.75,44.599998474121094,26926642
2023-10-23,39.01552963256836,44.099998474121094,44.79999923706055,44.0,44.45000076293945,14983219
2023-10-24,39.05977249145508,44.150001525878906,44.349998474121094,43.849998474121094,44.099998474121094,9559466
2023-10-25,39.05977249145508,44.150001525878906,44.349998474121094,44.099998474121094,44.20000076293945,6332569
2023-10-26,38.79435729980469,43.849998474121094,44.20000076293945,43.54999923706055,43.75,10856280
2023-10-27,39.10400390625,44.20000076293945,44.400001525878906,43.900001525878906,43.95000076293945,5915192
2023-10-30,38.88282775878906,43.95000076293945,44.400001525878906,43.75,44.20000076293945,13371272
2023-10-31,38.838592529296875,43.900001525878906,44.25,43.849998474121094,44.25,9158146
2023-11-01,39.192474365234375,44.29999923706055,44.5,44.0,44.20000076293945,9333175
2023-11-02,39.67906188964844,44.849998474121094,44.95000076293945,44.54999923706055,44.70000076293945,14387892
2023-11-03,40.12141418457031,45.349998474121094,45.349998474121094,44.79999923706055,45.0,11132598
2023-11-06,40.12141418457031,45.349998474121094,45.70000076293945,45.25,45.650001525878906,11837901
2023-11-07,39.988712310791016,45.20000076293945,45.25,44.95000076293945,45.20000076293945,8921848
2023-11-08,39.85600280761719,45.04999923706055,45.400001525878906,45.0,45.400001525878906,5428905
2023-11-09,39.944480895996094,45.150001525878906,45.20000076293945,44.95000076293945,45.150001525878906,5283630
2023-11-10,39.76753616333008,44.95000076293945,45.099998474121094,44.79999923706055,44.79999923706055,5174134
2023-11-13,40.03294372558594,45.25,45.79999923706055,45.20000076293945,45.45000076293945,13826876
2023-11-14,40.20988845825195,45.45000076293945,45.75,45.349998474121094,45.54999923706055,17268934
2023-11-15,40.47529983520508,45.75,46.0,45.45000076293945,45.900001525878906,22992419
2023-11-16,40.3868293762207,45.650001525878906,45.849998474121094,45.5,45.79999923706055,17524774
2023-11-17,40.51953125,45.79999923706055,45.95000076293945,45.54999923706055,45.54999923706055,16173201
2023-11-20,40.431060791015625,45.70000076293945,46.0,45.45000076293945,46.0,10582199
2023-11-21,40.82918167114258,46.150001525878906,46.45000076293945,45.75,45.75,27290008
2023-11-22,40.96188735961914,46.29999923706055,46.29999923706055,46.04999923706055,46.099998474121094,10383618
2023-11-23,40.96188735961914,46.29999923706055,46.5,46.150001525878906,46.400001525878906,12747824
2023-11-24,40.96188735961914,46.29999923706055,46.5,46.099998474121094,46.400001525878906,7185740
2023-11-27,40.47529983520508,45.75,46.650001525878906,45.650001525878906,46.099998474121094,16042874
2023-11-28,40.696475982666016,46.0,46.04999923706055,45.54999923706055,45.70000076293945,18068603
2023-11-29,40.47529983520508,45.75,46.099998474121094,45.75,45.849998474121094,11989238
2023-11-30,41.13882827758789,46.5,46.5,45.75,45.849998474121094,33581478
2023-12-01,40.7407112121582,46.04999923706055,46.25,45.900001525878906,46.25,13828296
2023-12-04,40.91765213012695,46.25,46.400001525878906,46.0,46.349998474121094,12839352
2023-12-05,40.29835510253906,45.54999923706055,45.95000076293945,45.400001525878906,45.900001525878906,22178333
2023-12-06,40.20988845825195,45.45000076293945,45.79999923706055,45.400001525878906,45.54999923706055,14764383
2023-12-07,39.811767578125,45.0,45.400001525878906,44.79999923706055,45.29999923706055,22523861
2023-12-08,39.67906188964844,44.849998474121094,45.20000076293945,44.79999923706055,45.0,20276648
2023-12-11,39.67906188964844,44.849998474121094,44.95000076293945,44.75,44.849998474121094,13732183
2023-12-12,39.59059524536133,44.75,44.849998474121094,44.599998474121094,44.75,16838581
2023-12-13,39.54636001586914,44.70000076293945,44.900001525878906,44.599998474121094,44.75,15653415
2023-12-14,40.60800552368164,45.900001525878906,45.95000076293945,45.150001525878906,45.349998474121094,37739504
2023-12-15,40.56377029418945,45.849998474121094,46.099998474121094,45.599998474121094,46.04999923706055,29841765
2023-12-18,40.254119873046875,45.5,45.650001525878906,45.25,45.599998474121094,10665285
2023-12-19,39.72330093383789,44.900001525878906,45.400001525878906,44.849998474121094,45.349998474121094,19170782
2023-12-20,39.67906188964844,44.849998474121094,45.099998474121094,44.79999923706055,45.04999923706055,16947070
2023-12-21,39.54636001586914,44.70000076293945,44.79999923706055,44.599998474121094,44.599998474121094,11045862
2023-12-22,39.50212478637695,44.650001525878906,44.849998474121094,44.599998474121094,44.70000076293945,12753891
2023-12-25,39.67906188964844,44.849998474121094,45.099998474121094,44.70000076293945,44.79999923706055,9367581
2023-12-26,39.988712310791016,45.20000076293945,45.29999923706055,44.95000076293945,45.0,9292816
2023-12-27,40.20988845825195,45.45000076293945,45.5,45.150001525878906,45.25,12547679
2023-12-28,40.51953125,45.79999923706055,45.79999923706055,45.349998474121094,45.45000076293945,15438371
2023-12-29,40.47529983520508,45.75,45.79999923706055,45.5,45.75,14718236
2024-01-02,40.254119873046875,45.5,45.599998474121094,45.25,45.599998474121094,8594338
2024-01-03,39.76753616333008,44.95000076293945,45.25,44.79999923706055,45.04999923706055,16720297
2024-01-04,39.54636001586914,44.70000076293945,44.95000076293945,44.70000076293945,44.849998474121094,13536046
2024-01-05,39.67906188964844,44.849998474121094,44.95000076293945,44.70000076293945,44.70000076293945,9460556
2024-01-08,39.900238037109375,45.099998474121094,45.5,44.849998474121094,44.900001525878906,14758089
2024-01-09,39.59059524536133,44.75,45.25,44.75,45.099998474121094,12202162
2024-01-10,39.54636001586914,44.70000076293945,45.099998474121094,44.70000076293945,45.0,7485398
2024-01-11,39.4578857421875,44.599998474121094,44.75,44.400001525878906,44.599998474121094,14848145
2024-01-12,39.36941909790039,44.5,44.650001525878906,44.5,44.5,11633882
2024-01-15,39.3251838684082,44.45000076293945,44.900001525878906,44.45000076293945,44.650001525878906,17671440
2024-01-16,38.927066802978516,44.0,44.349998474121094,43.70000076293945,44.29999923706055,29185028
2024-01-17,38.307769775390625,43.29999923706055,43.900001525878906,43.29999923706055,43.79999923706055,37085046
2024-01-18,38.307769775390625,43.29999923706055,43.54999923706055,43.099998474121094,43.25,16805896
2024-01-19,38.7501220703125,43.79999923706055,43.79999923706055,43.150001525878906,43.150001525878906,18578828
2024-01-22,38.79435729980469,43.849998474121094,44.0,43.849998474121094,43.900001525878906,9150527
2024-01-23,39.10400390625,44.20000076293945,44.20000076293945,43.849998474121094,44.20000076293945,10793433
2024-01-24,39.10400390625,44.20000076293945,44.400001525878906,44.0,44.150001525878906,12359456
2024-01-25,39.23670959472656,44.349998474121094,44.349998474121094,44.150001525878906,44.20000076293945,11779164
2024-01-26,39.36941909790039,44.5,44.54999923706055,44.25,44.29999923706055,12814578
2024-01-29,39.28094482421875,44.400001525878906,44.5,44.25,44.29999923706055,10211380
2024-01-30,38.838592529296875,43.900001525878906,44.400001525878906,43.900001525878906,44.400001525878906,15675025
2024-01-31,39.05977249145508,44.150001525878906,44.150001525878906,43.79999923706055,43.900001525878906,13853540
2024-02-01,39.3251838684082,44.45000076293945,44.5,44.20000076293945,44.400001525878906,11301348
2024-02-02,39.01552963256836,44.099998474121094,44.45000076293945,44.04999923706055,44.400001525878906,9944655
2024-02-05,38.838592529296875,43.900001525878906,44.04999923706055,43.70000076293945,43.900001525878906,17242323
2024-02-15,38.97129821777344,44.04999923706055,44.5,43.95000076293945,44.0,18973352
2024-02-16,39.41364669799805,44.54999923706055,44.54999923706055,44.20000076293945,44.29999923706055,10241018
2024-02-19,39.811767578125,45.0,45.04999923706055,44.54999923706055,44.599998474121094,21577471
2024-02-20,39.900238037109375,45.099998474121094,45.099998474121094,44.79999923706055,45.0,12780176
2024-02-21,39.59059524536133,44.75,45.04999923706055,44.70000076293945,45.04999923706055,14884476
2024-02-22,39.72330093383789,44.900001525878906,44.900001525878906,44.70000076293945,44.75,9841691
2024-02-23,39.3251838684082,44.45000076293945,44.849998474121094,44.45000076293945,44.79999923706055,14521845
2024-02-26,39.192474365234375,44.29999923706055,44.5,44.29999923706055,44.349998474121094,16996562
2024-02-27,39.192474365234375,44.29999923706055,44.75,44.20000076293945,44.29999923706055,17596584
2024-02-29,39.85600280761719,45.04999923706055,45.04999923706055,44.25,44.29999923706055,27458500
2024-03-01,39.50212478637695,44.650001525878906,45.04999923706055,44.650001525878906,45.04999923706055,12188479
2024-03-04,39.50212478637695,44.650001525878906,44.849998474121094,44.599998474121094,44.650001525878906,16542104
2024-03-05,39.50212478637695,44.650001525878906,44.95000076293945,44.650001525878906,44.650001525878906,12718033
2024-03-06,39.41364669799805,44.54999923706055,44.95000076293945,44.54999923706055,44.650001525878906,17710428
2024-03-07,39.67906188964844,44.849998474121094,45.0,44.54999923706055,44.599998474121094,19189914
2024-03-08,40.07718276977539,45.29999923706055,45.29999923706055,44.75,44.79999923706055,41256409
2024-03-11,40.7407112121582,46.04999923706055,46.5,45.70000076293945,45.900001525878906,52841794
2024-03-12,41.13882827758789,46.5,46.5,46.0,46.099998474121094,39706120
2024-03-13,41.404239654541016,46.79999923706055,46.849998474121094,46.45000076293945,46.54999923706055,36295169
2024-03-14,42.731300354003906,48.29999923706055,48.400001525878906,46.900001525878906,46.900001525878906,74186786
2024-03-15,42.15624237060547,47.650001525878906,48.5,47.29999923706055,48.5,67083796
2024-03-18,42.06776809692383,47.54999923706055,48.150001525878906,47.25,47.70000076293945,25477256
2024-03-19,42.24470901489258,47.75,48.0,47.150001525878906,47.349998474121094,20605850
2024-03-20,42.02353286743164,47.5,47.95000076293945,47.45000076293945,47.75,19653760
2024-03-21,42.95247268676758,48.54999923706055,48.650001525878906,47.70000076293945,47.70000076293945,44610683
2024-03-22,42.95247268676758,48.54999923706055,49.29999923706055,48.20000076293945,48.900001525878906,36280103
2024-03-25,42.55435562133789,48.099998474121094,48.599998474121094,47.79999923706055,48.599998474121094,23185710
2024-03-26,42.775535583496094,48.349998474121094,48.45000076293945,47.849998474121094,47.900001525878906,15633362
2024-03-27,42.642826080322266,48.20000076293945,48.349998474121094,48.04999923706055,48.099998474121094,10609472
2024-03-28,42.68706130981445,48.25,48.45000076293945,48.0,48.400001525878906,13552454
2024-03-29,42.908241271972656,48.5,48.70000076293945,48.150001525878906,48.25,11902000
2024-04-01,43.306358337402344,48.95000076293945,49.20000076293945,48.70000076293945,48.900001525878906,19040501
2024-04-02,43.306358337402344,48.95000076293945,49.04999923706055,48.70000076293945,48.75,10606932
2024-04-03,42.5101203918457,48.04999923706055,48.75,48.04999923706055,48.75,20409376
2024-04-08,42.775535583496094,48.349998474121094,48.5,47.75,48.0,14821759
2024-04-09,43.748714447021484,49.45000076293945,49.45000076293945,48.45000076293945,48.54999923706055,38494383
2024-04-10,43.129417419433594,48.75,49.5,48.75,49.5,28882840
2024-04-11,43.969886779785156,49.70000076293945,50.5,49.400001525878906,49.70000076293945,44039125
2024-04-12,43.39482879638672,49.04999923706055,49.650001525878906,48.95000076293945,49.650001525878906,27730193
2024-04-15,43.306358337402344,48.95000076293945,49.29999923706055,48.400001525878906,48.75,23788713
2024-04-16,42.33317947387695,47.849998474121094,48.79999923706055,47.54999923706055,48.54999923706055,34286492
2024-04-17,42.377418518066406,47.900001525878906,48.150001525878906,47.599998474121094,47.79999923706055,17332692
2024-04-18,42.86400604248047,48.45000076293945,48.650001525878906,47.5,47.900001525878906,20325610
2024-04-19,41.97930145263672,47.45000076293945,48.20000076293945,47.04999923706055,47.79999923706055,30954485
2024-04-22,42.81977081298828,48.400001525878906,48.599998474121094,47.75,47.900001525878906,22153307
2024-04-23,43.129417419433594,48.75,48.95000076293945,48.5,48.54999923706055,15723227
2024-04-24,43.57176971435547,49.25,49.5,49.0,49.04999923706055,24012003
2024-04-25,42.95247268676758,48.54999923706055,48.79999923706055,48.349998474121094,48.70000076293945,19379964
2024-04-26,43.262123107910156,48.900001525878906,49.20000076293945,48.599998474121094,48.599998474121094,13314079
2024-04-29,44.94306182861328,50.79999923706055,50.900001525878906,49.25,49.29999923706055,54662846
2024-04-30,44.677650451660156,50.5,51.20000076293945,50.5,50.79999923706055,35944685
2024-05-02,44.500709533691406,50.29999923706055,50.70000076293945,50.0,50.20000076293945,23499014
2024-05-03,44.4122428894043,50.20000076293945,50.70000076293945,50.099998474121094,50.400001525878906,14900507
2024-05-06,45.03153991699219,50.900001525878906,51.29999923706055,50.5,50.599998474121094,29378952
2024-05-07,45.03153991699219,50.900001525878906,51.5,50.599998474121094,51.5,17174115
2024-05-08,45.03153991699219,50.900001525878906,51.099998474121094,50.70000076293945,50.900001525878906,14720994
2024-05-09,45.73929977416992,51.70000076293945,52.400001525878906,51.0,51.20000076293945,38031799
2024-05-10,49.1011848449707,55.5,55.5,53.0,53.0,110819018
2024-05-13,48.74729537963867,55.099998474121094,56.400001525878906,54.70000076293945,56.29999923706055,56197441
2024-05-14,48.03953170776367,54.29999923706055,55.70000076293945,54.20000076293945,55.20000076293945,34279644
2024-05-15,50.07435607910156,56.599998474121094,57.0,54.70000076293945,55.0,77902548
2024-05-16,49.89741897583008,56.400001525878906,57.400001525878906,56.29999923706055,57.0,59682185
2024-05-17,49.89741897583008,56.400001525878906,56.79999923706055,56.099998474121094,56.400001525878906,31089850
2024-05-20,49.54353332519531,56.0,56.900001525878906,55.70000076293945,56.79999923706055,22312535
2024-05-21,49.01271438598633,55.400001525878906,55.900001525878906,54.599998474121094,55.79999923706055,35314051
2024-05-22,49.54353332519531,56.0,56.0,55.29999923706055,55.5,18502022
2024-05-23,48.48188781738281,54.79999923706055,55.400001525878906,54.599998474121094,55.20000076293945,29820556
2024-05-24,48.57036209106445,54.900001525878906,55.29999923706055,54.400001525878906,54.400001525878906,15696064
2024-05-27,49.18964767456055,55.599998474121094,56.0,55.20000076293945,55.70000076293945,21737408
2024-05-28,50.25130081176758,56.79999923706055,57.29999923706055,55.599998474121094,55.599998474121094,42788393
2024-05-29,49.18964767456055,55.599998474121094,56.79999923706055,55.400001525878906,56.79999923706055,37270612
2024-05-30,49.18964767456055,55.599998474121094,56.70000076293945,55.400001525878906,55.5,32809994
2024-05-31,49.72047805786133,56.20000076293945,56.70000076293945,55.599998474121094,56.0,46587800
2024-06-03,50.1628303527832,56.70000076293945,56.79999923706055,56.099998474121094,56.599998474121094,18443934
2024-06-04,49.89741897583008,56.400001525878906,56.5,55.79999923706055,56.29999923706055,17506522
2024-06-05,49.98588943481445,56.5,57.0,56.099998474121094,56.5,15821156
2024-06-06,50.87059783935547,57.5,57.599998474121094,56.599998474121094,56.599998474121094,43909193
2024-06-07,51.489891052246094,58.20000076293945,58.400001525878906,57.5,57.5,28016517
2024-06-11,51.93224334716797,58.70000076293945,59.70000076293945,58.29999923706055,58.79999923706055,50455531
2024-06-12,51.2244758605957,57.900001525878906,58.400001525878906,57.599998474121094,58.099998474121094,30709932
2024-06-13,51.40141677856445,58.099998474121094,58.79999923706055,57.79999923706055,58.400001525878906,32885334
2024-06-14,51.489891052246094,58.20000076293945,58.599998474121094,57.5,58.599998474121094,22570629
2024-06-17,50.87059783935547,57.5,58.20000076293945,57.400001525878906,58.20000076293945,19688095
2024-06-18,52.10918426513672,58.900001525878906,58.900001525878906,58.0,58.0,28703145
2024-06-19,52.19765090942383,59.0,59.29999923706055,58.20000076293945,59.099998474121094,29967420
2024-06-20,53.17082595825195,60.099998474121094,60.20000076293945,58.79999923706055,59.0,43213257
2024-06-21,53.17082595825195,60.099998474121094,60.400001525878906,59.70000076293945,60.099998474121094,44553804
2024-06-24,53.34777069091797,60.29999923706055,60.5,59.599998474121094,60.29999923706055,26401745
2024-06-25,53.524715423583984,60.5,61.20000076293945,60.099998474121094,60.79999923706055,30590909
2024-06-26,52.64000701904297,59.5,60.5,59.0,60.29999923706055,38888351
2024-06-27,52.28612518310547,59.099998474121094,59.099998474121094,58.29999923706055,58.900001525878906,47169410
2024-06-28,52.19765090942383,59.0,59.599998474121094,58.599998474121094,59.099998474121094,48245179
2024-07-01,53.20497512817383,58.099998474121094,58.099998474121094,56.70000076293945,57.900001525878906,68014318
2024-07-02,53.29655075073242,58.20000076293945,58.5,57.400001525878906,57.79999923706055,25123181
2024-07-03,56.318519592285156,61.5,61.599998474121094,58.599998474121094,58.70000076293945,82983423
2024-07-04,55.58592224121094,60.70000076293945,62.20000076293945,60.400001525878906,61.79999923706055,54381074
2024-07-05,56.135372161865234,61.29999923706055,61.5,60.5,61.29999923706055,38153115
2024-07-08,57.051116943359375,62.29999923706055,62.400001525878906,61.0,61.5,41291332
2024-07-09,56.86796569824219,62.099998474121094,63.20000076293945,61.0,62.5,44984901
2024-07-10,58.24159240722656,63.599998474121094,63.70000076293945,62.400001525878906,62.599998474121094,46214319
2024-07-11,59.98151397705078,65.5,66.0999984741211,63.79999923706055,64.4000015258789,74786743
2024-07-12,60.1646614074707,65.69999694824219,66.0999984741211,64.5999984741211,65.19999694824219,38164611
2024-07-15,59.52363967895508,65.0,66.0,64.0999984741211,66.0,33842043
2024-07-16,59.88994216918945,65.4000015258789,65.80000305175781,64.5999984741211,65.69999694824219,33390002
2024-07-17,59.79836654663086,65.30000305175781,66.19999694824219,64.80000305175781,65.69999694824219,39102467
2024-07-18,58.791038513183594,64.19999694824219,65.5999984741211,63.099998474121094,64.69999694824219,48543601
2024-07-19,57.32583999633789,62.599998474121094,64.69999694824219,61.70000076293945,64.69999694824219,52547992
2024-07-22,54.94489669799805,60.0,62.20000076293945,59.5,62.099998474121094,47711977
2024-07-23,56.318519592285156,61.5,61.5,60.70000076293945,61.099998474121094,21678619
2024-07-26,56.318519592285156,61.5,61.70000076293945,59.5,59.70000076293945,37439149
2024-07-29,57.417415618896484,62.70000076293945,63.20000076293945,61.79999923706055,62.400001525878906,30437537
2024-07-30,56.501670837402344,61.70000076293945,62.5,60.70000076293945,62.5,21728973
2024-07-31,57.14269256591797,62.400001525878906,62.79999923706055,60.79999923706055,60.79999923706055,18511247
2024-08-01,57.50899124145508,62.79999923706055,63.099998474121094,62.400001525878906,62.900001525878906,24088468
2024-08-02,56.135372161865234,61.29999923706055,61.70000076293945,60.599998474121094,61.5,28645559
2024-08-05,50.91560363769531,55.599998474121094,59.20000076293945,55.29999923706055,59.0,67951804
2024-08-06,51.373477935791016,56.099998474121094,57.70000076293945,54.0,57.0,47848163
2024-08-07,53.66284942626953,58.599998474121094,58.70000076293945,56.099998474121094,56.099998474121094,41171470
2024-08-08,52.93025207519531,57.79999923706055,58.79999923706055,57.20000076293945,57.5,22098747
2024-08-09,55.40277099609375,60.5,61.5,60.099998474121094,61.29999923706055,48640357
2024-08-12,55.86064529418945,61.0,61.599998474121094,60.400001525878906,61.20000076293945,28181159
2024-08-13,56.135372161865234,61.29999923706055,61.5,60.599998474121094,61.099998474121094,20254165
2024-08-14,56.68482208251953,61.900001525878906,62.5,61.400001525878906,61.79999923706055,27932712
2024-08-15,56.41009521484375,61.599998474121094,62.79999923706055,61.5,62.599998474121094,19576689
2024-08-16,57.692142486572266,63.0,63.29999923706055,62.099998474121094,62.599998474121094,40751327
2024-08-19,57.051116943359375,62.29999923706055,63.20000076293945,62.20000076293945,63.20000076293945,19025333
2024-08-20,56.501670837402344,61.70000076293945,62.5,61.099998474121094,62.5,23860267
2024-08-21,56.68482208251953,61.900001525878906,62.20000076293945,61.29999923706055,61.400001525878906,17824051
2024-08-22,56.22694778442383,61.400001525878906,61.79999923706055,61.0,61.70000076293945,15049844
2024-08-23,56.318519592285156,61.5,61.70000076293945,60.5,60.70000076293945,10674672
2024-08-26,58.516319274902344,63.900001525878906,64.19999694824219,62.20000076293945,62.29999923706055,45897812
2024-08-27,57.78371810913086,63.099998474121094,63.70000076293945,62.79999923706055,63.5,24131732
2024-08-28,58.15001678466797,63.5,63.5,62.599998474121094,63.400001525878906,13255685
2024-08-29,57.78371810913086,63.099998474121094,63.400001525878906,62.70000076293945,63.099998474121094,14112990
2024-08-30,58.15001678466797,63.5,63.70000076293945,63.0,63.400001525878906,30136194
2024-09-02,59.24890899658203,64.69999694824219,65.19999694824219,63.70000076293945,63.79999923706055,31737202
2024-09-03,58.333168029785156,63.70000076293945,64.80000305175781,63.5,64.80000305175781,16384725
2024-09-04,56.41009521484375,61.599998474121094,62.20000076293945,60.599998474121094,61.0,36450780
2024-09-05,57.14269256591797,62.400001525878906,63.599998474121094,61.70000076293945,62.0,30481021
2024-09-06,58.15001678466797,63.5,63.70000076293945,61.79999923706055,62.20000076293945,24581221
2024-09-09,57.23426818847656,62.5,62.599998474121094,61.29999923706055,62.0,29662372
2024-09-10,57.32583999633789,62.599998474121094,63.400001525878906,62.0,62.5,18738850
2024-09-11,57.23426818847656,62.5,62.900001525878906,62.29999923706055,62.29999923706055,18759780
2024-09-12,57.60056686401367,62.900001525878906,63.29999923706055,62.5,63.20000076293945,19992848
2024-09-13,57.87529373168945,63.20000076293945,63.70000076293945,62.5,63.099998474121094,15437217
2024-09-16,57.78371810913086,63.099998474121094,63.400001525878906,62.70000076293945,63.29999923706055,9224361
2024-09-18,57.87529373168945,63.20000076293945,63.400001525878906,62.79999923706055,63.0,12969687
2024-09-19,59.340492248535156,64.80000305175781,64.80000305175781,63.29999923706055,63.400001525878906,34318662
2024-09-20,59.24890899658203,64.69999694824219,65.4000015258789,64.5,65.0,40165846
2024-09-23,59.88994216918945,65.4000015258789,65.4000015258789,64.5,64.9000015258789,21522538
2024-09-24,60.714115142822266,66.30000305175781,66.5,65.30000305175781,65.5,43299635
2024-09-25,61.44670486450195,67.0999984741211,67.0999984741211,66.4000015258789,67.0,31977429
2024-09-26,62.54561233520508,68.30000305175781,68.5999984741211,67.4000015258789,67.5999984741211,44203669
2024-09-27,61.81300735473633,67.5,69.0,66.9000015258789,69.0,36299707
2024-09-30,60.89725875854492,66.5,67.69999694824219,66.5,67.4000015258789,29637285
2024-10-01,61.080406188964844,66.69999694824219,67.0999984741211,66.19999694824219,66.9000015258789,11996810
2024-10-04,60.439388275146484,66.0,66.9000015258789,65.80000305175781,66.0,24322395
2024-10-07,62.2708854675293,68.0,68.0,66.5,66.5999984741211,29051653
2024-10-08,61.996158599853516,67.69999694824219,68.19999694824219,67.0,67.5,24875376
2024-10-09,62.08774185180664,67.80000305175781,68.5,67.5999984741211,68.30000305175781,17309623
2024-10-11,62.2708854675293,68.0,68.5999984741211,67.5999984741211,68.5999984741211,21663134
2024-10-14,61.996158599853516,67.69999694824219,68.0999984741211,67.0999984741211,68.0,10554371
2024-10-15,63.00348663330078,68.80000305175781,68.80000305175781,67.5,67.80000305175781,28862968
2024-10-16,62.08774185180664,67.80000305175781,68.5999984741211,67.4000015258789,68.0,21791724
2024-10-17,62.82033157348633,68.5999984741211,68.69999694824219,67.9000015258789,67.9000015258789,13945412
2024-10-18,63.91923141479492,69.80000305175781,69.9000015258789,68.5,68.80000305175781,42577824
2024-10-21,62.54561233520508,68.30000305175781,69.80000305175781,68.0,69.80000305175781,38717417
2024-10-22,63.461360931396484,69.30000305175781,69.30000305175781,67.80000305175781,68.19999694824219,26585760
2024-10-23,63.36977767944336,69.19999694824219,69.4000015258789,68.69999694824219,69.0,17460484
2024-10-24,62.45403289794922,68.19999694824219,69.0,68.19999694824219,68.80000305175781,16149286
2024-10-25,63.1866340637207,69.0,69.0,68.0999984741211,68.5,11712474
2024-10-28,63.461360931396484,69.30000305175781,69.80000305175781,68.5,68.9000015258789,22253036
2024-10-29,62.728759765625,68.5,69.19999694824219,68.0,69.19999694824219,21295784
2024-10-30,63.09505844116211,68.9000015258789,69.0,68.5,68.80000305175781,14846643
2024-11-01,62.82033157348633,68.5999984741211,68.80000305175781,67.4000015258789,68.0999984741211,25933667
2024-11-04,63.736080169677734,69.5999984741211,69.5999984741211,68.5,68.5999984741211,27759924
2024-11-05,63.91923141479492,69.80000305175781,69.80000305175781,68.5999984741211,69.0999984741211,12529086
2024-11-06,63.27820587158203,69.0999984741211,69.69999694824219,69.0,69.5999984741211,12043658
2024-11-07,63.91923141479492,69.80000305175781,70.4000015258789,69.0,69.0,25062035
2024-11-08,63.64450454711914,69.5,70.19999694824219,69.4000015258789,70.0,15125052
2024-11-11,62.91190719604492,68.69999694824219,69.80000305175781,68.0999984741211,69.69999694824219,20916698
2024-11-12,61.81300735473633,67.5,68.19999694824219,67.19999694824219,67.80000305175781,40494368
2024-11-13,61.1719856262207,66.80000305175781,67.5,66.19999694824219,67.0999984741211,37216440
2024-11-14,60.62253189086914,66.19999694824219,67.0999984741211,66.0999984741211,66.5,26613329
2024-11-15,61.2635612487793,66.9000015258789,68.30000305175781,66.5999984741211,67.0,29043099
2024-11-18,61.355133056640625,67.0,67.5,66.5999984741211,67.30000305175781,19670848
2024-11-19,61.996158599853516,67.69999694824219,67.69999694824219,66.5,67.30000305175781,29378666
2024-11-20,61.721431732177734,67.4000015258789,67.4000015258789,67.4000015258789,67.4000015258789,25128583
2024-11-21,60.988834381103516,66.5999984741211,67.0,66.19999694824219,66.9000015258789,29047535
2024-11-22,61.1719856262207,66.80000305175781,67.30000305175781,66.5,67.0,20542663
2024-11-25,61.629859924316406,67.30000305175781,68.0,67.0999984741211,67.4000015258789,45994278
2024-11-26,61.721431732177734,67.4000015258789,67.5,66.30000305175781,67.0999984741211,14985040
2024-11-27,60.89725875854492,66.5,67.30000305175781,66.5,67.0999984741211,12375995
2024-11-28,60.714115142822266,66.30000305175781,66.80000305175781,66.0999984741211,66.80000305175781,12375048
2024-11-29,60.1646614074707,65.69999694824219,66.0999984741211,65.0,65.80000305175781,23113400
2024-12-02,61.904579162597656,67.5999984741211,67.69999694824219,66.0,66.0999984741211,20298415
2024-12-03,63.09505844116211,68.9000015258789,68.9000015258789,67.80000305175781,67.9000015258789,29913884
2024-12-04,63.1866340637207,69.0,69.0,68.4000015258789,69.0,15588054
2024-12-05,63.36977767944336,69.19999694824219,69.30000305175781,68.80000305175781,69.19999694824219,12754696
2024-12-06,62.91190719604492,68.69999694824219,69.19999694824219,68.4000015258789,69.0999984741211,10241647
2024-12-09,63.36977767944336,69.19999694824219,69.4000015258789,68.5999984741211,68.69999694824219,18164014
2024-12-10,62.82033157348633,68.5999984741211,69.19999694824219,68.4000015258789,68.80000305175781,12441774
2024-12-11,62.63718795776367,68.4000015258789,69.19999694824219,68.0,68.30000305175781,19996762
2024-12-12,63.736080169677734,69.5999984741211,69.80000305175781,68.5999984741211,69.0,36133386
2024-12-13,63.64450454711914,69.5,69.80000305175781,69.0,69.30000305175781,13686022
2024-12-16,64.19395446777344,70.0999984741211,70.69999694824219,69.4000015258789,69.5,34902926
2024-12-17,62.82033157348633,68.5999984741211,70.0,68.5999984741211,69.5999984741211,24837503
2024-12-18,63.00348663330078,68.80000305175781,69.4000015258789,68.19999694824219,68.5,15857184
2024-12-19,61.996158599853516,67.69999694824219,67.69999694824219,67.0999984741211,67.5,26330204
2024-12-20,61.629859924316406,67.30000305175781,67.69999694824219,66.9000015258789,67.19999694824219,26899589
2024-12-23,63.1866340637207,69.0,69.0,68.0,68.0,17122496
2024-12-24,63.09505844116211,68.9000015258789,69.0999984741211,68.5999984741211,69.0,6153683
2024-12-25,62.91190719604492,68.69999694824219,69.0999984741211,68.4000015258789,69.0,5986895
2024-12-26,62.91190719604492,68.69999694824219,69.0,68.4000015258789,68.9000015258789,3532796
2024-12-27,63.461360931396484,69.30000305175781,69.30000305175781,68.5,68.5999984741211,10258701
2024-12-30,63.36977767944336,69.19999694824219,69.80000305175781,69.0,69.19999694824219,16911590
2024-12-31,62.54561233520508,68.30000305175781,68.69999694824219,68.0999984741211,68.5999984741211,13746482
2025-01-02,62.2708854675293,68.0,68.69999694824219,67.30000305175781,68.69999694824219,24306565
2025-01-03,62.08774185180664,67.80000305175781,68.30000305175781,67.5,68.0999984741211,18132652
2025-01-06,63.00348663330078,68.80000305175781,69.19999694824219,68.0999984741211,68.30000305175781,27528633
2025-01-07,63.27820587158203,69.0999984741211,69.19999694824219,68.30000305175781,69.0999984741211,23548626
2025-01-08,63.00348663330078,68.80000305175781,69.4000015258789,68.5999984741211,68.80000305175781,24392294
2025-01-09,62.54561233520508,68.30000305175781,69.30000305175781,68.30000305175781,68.5999984741211,11260509
2025-01-10,59.61521530151367,65.0999984741211,67.5999984741211,64.69999694824219,67.5,79078935
2025-01-13,58.791038513183594,64.19999694824219,65.69999694824219,63.599998474121094,65.0,36934824
2025-01-14,59.98151397705078,65.5,65.69999694824219,64.5,64.5,22041903
2025-01-15,59.24890899658203,64.69999694824219,65.80000305175781,64.5999984741211,65.5,20181926
2025-01-16,59.98151397705078,65.5,65.9000015258789,65.30000305175781,65.5999984741211,14008135
2025-01-17,59.98151397705078,65.5,66.0999984741211,64.9000015258789,65.80000305175781,12841817
2025-01-20,59.61521530151367,65.0999984741211,65.9000015258789,65.0,65.69999694824219,9452883
2025-01-21,60.34781265258789,65.9000015258789,66.19999694824219,65.0999984741211,65.30000305175781,10512224
2025-01-22,61.1719856262207,66.80000305175781,67.30000305175781,66.4000015258789,66.5,26391399
2025-02-03,60.439388275146484,66.0,66.30000305175781,64.9000015258789,65.0999984741211,22126880
2025-02-04,59.706787109375,65.19999694824219,66.80000305175781,65.0999984741211,66.5,15388000
2025-02-05,60.89725875854492,66.5,66.69999694824219,65.69999694824219,65.9000015258789,15759429
2025-02-06,61.2635612487793,66.9000015258789,66.9000015258789,66.30000305175781,66.80000305175781,9897240
2025-02-07,61.2635612487793,66.9000015258789,67.19999694824219,66.4000015258789,66.5999984741211,10923854
2025-02-10,61.721431732177734,67.4000015258789,68.0,66.5999984741211,66.69999694824219,16377780
2025-02-11,62.728759765625,68.5,68.80000305175781,68.0,68.0999984741211,20866816
2025-02-12,62.91190719604492,68.69999694824219,68.9000015258789,68.19999694824219,68.5999984741211,10202913
2025-02-13,62.91190719604492,68.69999694824219,69.0,68.19999694824219,68.5999984741211,13377030
2025-02-14,62.91190719604492,68.69999694824219,69.0,68.4000015258789,68.69999694824219,10985387
2025-02-17,63.1866340637207,69.0,69.30000305175781,68.80000305175781,68.9000015258789,16292304
2025-02-18,63.36977767944336,69.19999694824219,69.19999694824219,68.69999694824219,68.69999694824219,8763605
2025-02-19,62.91190719604492,68.69999694824219,69.19999694824219,68.30000305175781,69.0,13330523
2025-02-20,63.00348663330078,68.80000305175781,69.0,68.30000305175781,68.69999694824219,13665208
2025-02-21,63.09505844116211,68.9000015258789,69.0,68.5999984741211,68.5999984741211,10572393
2025-02-24,62.91190719604492,68.69999694824219,68.69999694824219,68.4000015258789,68.4000015258789,8914341
2025-02-25,62.91190719604492,68.69999694824219,68.80000305175781,67.80000305175781,68.19999694824219,13356157
2025-02-26,63.36977767944336,69.19999694824219,69.30000305175781,68.30000305175781,68.5,15458463
2025-02-27,62.63718795776367,68.4000015258789,69.30000305175781,68.4000015258789,69.0,35778086
2025-03-03,63.00348663330078,68.80000305175781,68.9000015258789,68.0,68.69999694824219,21241927
2025-03-04,61.996158599853516,67.69999694824219,68.19999694824219,66.69999694824219,67.80000305175781,22150783
2025-03-05,62.45403289794922,68.19999694824219,68.5,67.9000015258789,67.9000015258789,12313204
2025-03-06,62.91190719604492,68.69999694824219,68.69999694824219,68.0,68.0,9201178
2025-03-07,61.629859924316406,67.30000305175781,68.4000015258789,67.19999694824219,68.30000305175781,22302843
2025-03-10,61.629859924316406,67.30000305175781,67.69999694824219,66.9000015258789,67.19999694824219,10298966
2025-03-11,60.34781265258789,65.9000015258789,66.4000015258789,64.80000305175781,66.0,33709866
2025-03-12,60.89725875854492,66.5,66.5999984741211,66.0,66.0,11828340
2025-03-13,60.34781265258789,65.9000015258789,66.9000015258789,65.9000015258789,66.80000305175781,7661325
2025-03-14,60.439388275146484,66.0,67.0,66.0,66.5999984741211,14062880
2025-03-17,60.439388275146484,66.0,66.19999694824219,64.9000015258789,65.80000305175781,21267901
2025-03-18,60.89725875854492,66.5,67.30000305175781,66.0,66.30000305175781,17177663
2025-03-19,59.79836654663086,65.30000305175781,66.5,65.30000305175781,66.30000305175781,16248437
2025-03-20,60.34781265258789,65.9000015258789,66.30000305175781,65.69999694824219,65.80000305175781,10061188
2025-03-21,59.61521530151367,65.0999984741211,65.9000015258789,65.0999984741211,65.5999984741211,19663149
2025-03-24,59.52363967895508,65.0,65.5999984741211,65.0,65.30000305175781,9927289
2025-03-25,59.52363967895508,65.0,65.69999694824219,65.0,65.4000015258789,11934883
2025-03-26,59.88994216918945,65.4000015258789,65.80000305175781,65.19999694824219,65.5,15073510
2025-03-27,59.79836654663086,65.30000305175781,65.30000305175781,64.5999984741211,65.0999984741211,15022289
2025-03-28,58.60789108276367,64.0,65.0999984741211,64.0,65.0,20054064
2025-03-31,56.043792724609375,61.20000076293945,63.0,61.099998474121094,62.79999923706055,32601854
2025-04-01,56.41009521484375,61.599998474121094,62.099998474121094,61.20000076293945,61.5,25979079
2025-04-02,56.41009521484375,61.599998474121094,62.29999923706055,61.599998474121094,61.599998474121094,21366759
2025-04-07,50.82402801513672,55.5,55.5,55.5,55.5,9339145
2025-04-08,49.5419807434082,54.099998474121094,54.79999923706055,52.20000076293945,52.79999923706055,84413483
2025-04-09,45.32954025268555,49.5,54.599998474121094,49.5,53.5,67600496
2025-04-10,49.816707611083984,54.400001525878906,54.400001525878906,54.0,54.400001525878906,20144368
2025-04-11,49.63356018066406,54.20000076293945,54.400001525878906,52.5,52.5,55592542
2025-04-14,49.90828323364258,54.5,55.70000076293945,54.29999923706055,54.400001525878906,39368302
2025-04-15,51.28190612792969,56.0,56.20000076293945,54.599998474121094,54.79999923706055,23705441
2025-04-16,50.183006286621094,54.79999923706055,55.5,54.5,55.099998474121094,22269928
2025-04-17,49.35883331298828,53.900001525878906,54.5,53.599998474121094,54.5,24874782
2025-04-18,49.0841064453125,53.599998474121094,54.0,53.20000076293945,53.599998474121094,26241533
2025-04-21,49.5419807434082,54.099998474121094,54.20000076293945,53.29999923706055,53.79999923706055,16911194
2025-04-22,48.076786041259766,52.5,53.5,52.0,53.099998474121094,31953772
2025-04-23,49.0841064453125,53.599998474121094,53.599998474121094,52.79999923706055,53.599998474121094,26448029
2025-04-24,48.992530822753906,53.5,53.79999923706055,52.900001525878906,53.70000076293945,23118104
2025-04-25,49.5419807434082,54.099998474121094,54.79999923706055,53.79999923706055,54.0,26733950
2025-04-28,49.999855041503906,54.599998474121094,55.0,54.29999923706055,54.79999923706055,13700391
2025-04-29,51.007179260253906,55.70000076293945,55.70000076293945,54.29999923706055,54.599998474121094,29605110
2025-04-30,53.57127380371094,58.5,59.400001525878906,57.70000076293945,58.400001525878906,70499043
2025-05-02,53.754425048828125,58.70000076293945,58.900001525878906,58.099998474121094,58.5,38292253
2025-05-05,50.0914306640625,54.70000076293945,55.400001525878906,53.29999923706055,55.099998474121094,95368983
2025-05-06,51.19033432006836,55.900001525878906,56.20000076293945,53.599998474121094,53.900001525878906,64400064
2025-05-07,51.465057373046875,56.20000076293945,56.20000076293945,54.79999923706055,55.70000076293945,45137412
2025-05-08,50.5493049621582,55.20000076293945,56.20000076293945,55.099998474121094,55.099998474121094,52583859
2025-05-09,50.5493049621582,55.20000076293945,55.5,54.20000076293945,54.599998474121094,55895645
2025-05-12,51.373477935791016,56.099998474121094,56.20000076293945,55.0,55.0,38040502
2025-05-13,53.021827697753906,57.900001525878906,58.400001525878906,56.900001525878906,57.29999923706055,54663954
2025-05-14,53.84599685668945,58.79999923706055,59.29999923706055,58.400001525878906,58.599998474121094,38045887
2025-05-15,54.57859802246094,59.599998474121094,59.900001525878906,58.900001525878906,59.29999923706055,43348358
2025-05-16,57.692142486572266,63.0,63.0,59.599998474121094,59.900001525878906,74886943
2025-05-19,55.40277099609375,60.5,62.29999923706055,60.400001525878906,61.5,50035510
2025-05-20,56.318519592285156,61.5,62.20000076293945,60.79999923706055,60.79999923706055,35187628
2025-05-21,58.15001678466797,63.5,64.0,61.599998474121094,61.70000076293945,67276671
2025-05-22,60.07308578491211,65.5999984741211,66.0999984741211,62.0,62.20000076293945,98102551
2025-05-23,60.1646614074707,65.69999694824219,67.19999694824219,65.0,65.0,69220745
2025-05-26,57.692142486572266,63.0,66.5,63.0,65.4000015258789,99601144
2025-05-27,56.95954513549805,62.20000076293945,64.5999984741211,61.599998474121094,62.599998474121094,140946039
2025-05-28,56.043792724609375,61.20000076293945,63.0,61.20000076293945,62.599998474121094,134231696
2025-05-29,54.761749267578125,59.79999923706055,62.400001525878906,59.79999923706055,61.599998474121094,210093481
2025-06-02,55.31119918823242,60.400001525878906,60.900001525878906,58.79999923706055,59.70000076293945,149784569
2025-06-03,58.516319274902344,63.900001525878906,63.900001525878906,60.0,60.099998474121094,175849378
2025-06-04,59.24890899658203,64.69999694824219,67.69999694824219,61.79999923706055,63.0,276557834
2025-06-05,60.53096008300781,66.0999984741211,67.19999694824219,64.30000305175781,64.30000305175781,169990897
2025-06-06,60.714115142822266,66.30000305175781,67.5,64.80000305175781,64.9000015258789,194544529
2025-06-09,61.996158599853516,67.69999694824219,67.80000305175781,66.5,66.5,165372356
2025-06-10,60.439388275146484,66.0,67.9000015258789,66.0,67.69999694824219,126958023
2025-06-11,62.63718795776367,68.4000015258789,68.4000015258789,64.0999984741211,66.4000015258789,186969872
2025-06-12,62.728759765625,68.5,68.5,66.5,67.0999984741211,146977203
2025-06-13,63.1866340637207,69.0,69.5,67.0999984741211,67.5,133217588
2025-06-16,61.629859924316406,67.30000305175781,69.5,67.0999984741211,68.69999694824219,61016699
2025-06-17,60.1646614074707,65.69999694824219,68.19999694824219,65.69999694824219,67.30000305175781,67972090
2025-06-18,61.629859924316406,67.30000305175781,67.4000015258789,65.69999694824219,66.30000305175781,59602690
2025-06-19,60.62253189086914,66.19999694824219,66.9000015258789,65.5999984741211,66.5,43094453
2025-06-20,60.07308578491211,65.5999984741211,66.30000305175781,65.30000305175781,66.19999694824219,42370749
2025-06-23,60.34781265258789,65.9000015258789,65.9000015258789,64.69999694824219,65.0,31718301
2025-06-24,60.89725875854492,66.5,66.69999694824219,65.69999694824219,66.19999694824219,34402132
2025-06-25,60.89725875854492,66.5,67.0,66.19999694824219,66.9000015258789,38576800
2025-06-26,61.080406188964844,66.69999694824219,66.80000305175781,66.19999694824219,66.4000015258789,41927490
2025-06-27,62.17931365966797,67.9000015258789,67.9000015258789,66.0,66.5,84433352
2025-06-30,60.63447952270508,62.79999923706055,63.79999923706055,62.5,63.79999923706055,58096172
2025-07-01,61.21379470825195,63.400001525878906,64.69999694824219,62.79999923706055,62.79999923706055,42222231
2025-07-02,60.441375732421875,62.599998474121094,63.70000076293945,62.599998474121094,63.400001525878906,25575977
2025-07-03,60.53792953491211,62.70000076293945,63.20000076293945,62.599998474121094,62.70000076293945,23304415
2025-07-04,59.379310607910156,61.5,63.0,61.5,63.0,22756608
2025-07-07,59.66896438598633,61.79999923706055,62.29999923706055,61.5,61.900001525878906,26239515
2025-07-08,59.475860595703125,61.599998474121094,62.20000076293945,61.20000076293945,61.70000076293945,18648777
2025-07-09,58.993099212646484,61.099998474121094,62.0,61.099998474121094,61.20000076293945,17134414
2025-07-10,60.53792953491211,62.70000076293945,62.900001525878906,60.79999923706055,60.900001525878906,26695923
2025-07-11,60.344825744628906,62.5,63.79999923706055,62.400001525878906,62.599998474121094,20567067
2025-07-14,61.02069091796875,63.20000076293945,63.70000076293945,62.79999923706055,63.0,28794836
2025-07-15,60.924137115478516,63.099998474121094,63.400001525878906,62.70000076293945,63.099998474121094,16759222
2025-07-16,61.31034469604492,63.5,63.70000076293945,62.599998474121094,62.599998474121094,28809256
2025-07-17,60.924137115478516,63.099998474121094,64.0,63.099998474121094,63.599998474121094,29461954
2025-07-18,60.441375732421875,62.599998474121094,63.5,62.5,63.0,20613253
2025-07-21,60.1517219543457,62.29999923706055,63.099998474121094,62.20000076293945,62.70000076293945,20142877
2025-07-22,59.57241439819336,61.70000076293945,62.900001525878906,61.5,62.70000076293945,22811435
2025-07-23,60.53792953491211,62.70000076293945,62.79999923706055,61.900001525878906,62.29999923706055,22781398
2025-07-24,60.441375732421875,62.599998474121094,62.900001525878906,62.099998474121094,62.70000076293945,13566107
2025-07-25,60.441375732421875,62.599998474121094,62.79999923706055,62.099998474121094,62.20000076293945,13430671
2025-07-28,59.76551818847656,61.900001525878906,62.900001525878906,61.79999923706055,62.599998474121094,17872370
2025-07-29,59.18620681762695,61.29999923706055,62.099998474121094,61.29999923706055,61.900001525878906,14650021
2025-07-30,59.379310607910156,61.5,62.20000076293945,61.400001525878906,61.599998474121094,12836092
2025-07-31,58.79999923706055,60.900001525878906,61.400001525878906,60.900001525878906,61.29999923706055,17930528
2025-08-04,60.344825744628906,62.5,62.5,60.599998474121094,60.79999923706055,26126663
2025-08-05,60.63447952270508,62.79999923706055,62.900001525878906,62.0,62.20000076293945,17283090
2025-08-06,60.53792953491211,62.70000076293945,63.0,62.400001525878906,62.70000076293945,18457373
2025-08-07,60.73103332519531,62.900001525878906,63.400001525878906,62.70000076293945,62.79999923706055,16564030
2025-08-08,61.02069091796875,63.20000076293945,63.29999923706055,62.79999923706055,62.79999923706055,10368497
2025-08-11,61.69655227661133,63.900001525878906,64.0,62.900001525878906,62.900001525878906,16382581
2025-08-12,61.40689468383789,63.599998474121094,64.30000305175781,63.599998474121094,64.0999984741211,16208571
2025-08-13,61.503448486328125,63.70000076293945,64.30000305175781,63.599998474121094,63.900001525878906,15368317
2025-08-14,62.37240982055664,64.5999984741211,64.80000305175781,63.70000076293945,63.70000076293945,27447688
2025-08-15,62.46895980834961,64.69999694824219,64.69999694824219,64.0,64.5999984741211,13372024
2025-08-18,62.1793098449707,64.4000015258789,64.5,63.79999923706055,64.19999694824219,22487462
2025-08-19,61.986202239990234,64.19999694824219,64.69999694824219,64.0,64.0999984741211,15500507
2025-08-20,60.924137115478516,63.099998474121094,64.5999984741211,63.0,64.30000305175781,20192207
2025-08-21,62.27585983276367,64.5,64.5,63.5,63.599998474121094,18114412
2025-08-22,61.599998474121094,63.79999923706055,64.30000305175781,63.5,64.0999984741211,14471796
2025-08-25,62.37240982055664,64.5999984741211,64.5999984741211,64.0,64.0999984741211,11865865
2025-08-26,61.21379470825195,63.400001525878906,64.5,63.400001525878906,64.19999694824219,27837469
2025-08-27,60.441375732421875,62.599998474121094,63.599998474121094,62.599998474121094,63.400001525878906,19417165
2025-08-28,60.1517219543457,62.29999923706055,63.0,62.29999923706055,63.0,15592358
2025-08-29,59.379310607910156,61.5,62.599998474121094,61.5,62.29999923706055,18322296
2025-09-01,60.441375732421875,62.599998474121094,62.599998474121094,61.79999923706055,61.900001525878906,15282127
2025-09-02,61.31034469604492,63.5,63.5,62.5,62.599998474121094,18351078
2025-09-03,61.31034469604492,63.5,63.599998474121094,62.900001525878906,63.5,9222113
2025-09-04,61.889652252197266,64.0999984741211,64.19999694824219,63.5,63.599998474121094,15063476
2025-09-05,62.37240982055664,64.5999984741211,64.5999984741211,63.79999923706055,64.0999984741211,19432589
2025-09-08,61.599998474121094,63.79999923706055,64.5,63.79999923706055,64.5,15273818
2025-09-09,61.889652252197266,64.0999984741211,64.30000305175781,63.70000076293945,64.0,14966579
2025-09-10,62.66206741333008,64.9000015258789,64.9000015258789,63.900001525878906,63.900001525878906,22694241
2025-09-11,62.1793098449707,64.4000015258789,65.30000305175781,64.19999694824219,64.9000015258789,18523916
2025-09-12,63.24137878417969,65.5,65.80000305175781,64.5,64.5,26625699
2025-09-15,63.14482879638672,65.4000015258789,66.5,65.19999694824219,65.19999694824219,22702020
2025-09-16,63.82068634033203,66.0999984741211,66.19999694824219,65.19999694824219,65.80000305175781,26173648
2025-09-17,63.434478759765625,65.69999694824219,65.69999694824219,64.69999694824219,65.5999984741211,24040590
2025-09-18,62.75862121582031,65.0,65.5999984741211,64.5,65.5999984741211,15282654
2025-09-19,63.24137878417969,65.5,65.5,64.5999984741211,65.0,22563630
2025-09-22,63.72413635253906,66.0,66.0999984741211,65.30000305175781,65.4000015258789,15296636
2025-09-23,63.917236328125,66.19999694824219,66.30000305175781,65.69999694824219,65.9000015258789,11713911
2025-09-24,63.72413635253906,66.0,67.0,65.5999984741211,66.19999694824219,14641979
2025-09-25,63.434478759765625,65.69999694824219,66.19999694824219,65.5999984741211,66.0,11982347
2025-09-26,62.85517120361328,65.0999984741211,65.5999984741211,64.80000305175781,65.5,10461280
2025-09-30,63.337928771972656,65.5999984741211,65.5999984741211,64.80000305175781,65.5999984741211,20627813
2025-10-01,63.04827880859375,65.30000305175781,66.30000305175781,65.19999694824219,65.19999694824219,15902872
2025-10-02,62.75862121582031,65.0,66.0,65.0,65.4000015258789,14445489
2025-10-03,62.75862121582031,65.0,66.0,65.0,65.69999694824219,8779000
2025-10-07,62.95172119140625,65.19999694824219,66.0,64.69999694824219,65.0,16211743
2025-10-08,63.04827880859375,65.30000305175781,65.9000015258789,65.30000305175781,65.4000015258789,13282302
2025-10-09,64.11034393310547,66.4000015258789,66.5999984741211,65.5999984741211,65.69999694824219,25972942
2025-10-13,63.04827880859375,65.30000305175781,66.30000305175781,65.0999984741211,66.30000305175781,19110126
2025-10-14,63.24137878417969,65.5,66.9000015258789,65.4000015258789,65.4000015258789,25539114
2025-10-15,64.11034393310547,66.4000015258789,66.4000015258789,65.4000015258789,65.80000305175781,27746495
2025-10-16,63.531036376953125,65.80000305175781,67.0999984741211,65.80000305175781,66.19999694824219,23579253
2025-10-17,62.95172119140625,65.19999694824219,66.0999984741211,65.0999984741211,65.80000305175781,15123134
2025-10-20,63.04827880859375,65.30000305175781,66.0999984741211,65.0999984741211,65.5999984741211,8352997
2025-10-21,63.434478759765625,65.69999694824219,66.69999694824219,65.5999984741211,65.80000305175781,18396940
2025-10-22,63.434478759765625,65.69999694824219,66.19999694824219,65.5999984741211,65.9000015258789,13493531
2025-10-23,63.434478759765625,65.69999694824219,65.69999694824219,65.0999984741211,65.5999984741211,16916394
2025-10-27,63.434478759765625,65.69999694824219,66.5,65.5999984741211,66.5,17268046
2025-10-28,62.56551742553711,64.80000305175781,66.0999984741211,64.5999984741211,66.0999984741211,18582099
2025-10-29,62.56551742553711,64.80000305175781,65.4000015258789,64.80000305175781,65.19999694824219,11855204
2025-10-30,62.37240982055664,64.5999984741211,65.0999984741211,64.0999984741211,64.80000305175781,18310747
2025-10-31,61.7931022644043,64.0,65.19999694824219,64.0,65.19999694824219,17218882
2025-11-03,61.69655227661133,63.900001525878906,64.4000015258789,63.5,63.79999923706055,13598341
2025-11-04,62.37240982055664,64.5999984741211,64.80000305175781,64.0,64.0,12238409
2025-11-05,61.889652252197266,64.0999984741211,64.4000015258789,63.599998474121094,64.0999984741211,16292975
2025-11-06,62.46895980834961,64.69999694824219,65.0999984741211,64.0,64.5999984741211,15378557
2025-11-07,61.31034469604492,63.5,64.5999984741211,63.5,64.30000305175781,14897942
2025-11-10,61.599998474121094,63.79999923706055,64.4000015258789,63.599998474121094,63.599998474121094,14091189
2025-11-11,62.56551742553711,64.80000305175781,65.69999694824219,64.5,64.80000305175781,34181909
2025-11-12,62.66206741333008,64.9000015258789,65.9000015258789,64.9000015258789,65.30000305175781,27636636
2025-11-13,63.627586364746094,65.9000015258789,66.0,64.9000015258789,65.0,30904584
2025-11-14,63.72413635253906,66.0,66.5,65.19999694824219,65.69999694824219,35787774
2025-11-17,63.04827880859375,65.30000305175781,66.0,65.0,65.80000305175781,28342797
2025-11-18,62.56551742553711,64.80000305175781,65.0,64.4000015258789,64.80000305175781,27400025
2025-11-19,61.986202239990234,64.19999694824219,65.30000305175781,64.19999694824219,65.19999694824219,21462645
2025-11-20,62.46895980834961,64.69999694824219,64.9000015258789,64.19999694824219,64.9000015258789,24362968
2025-11-21,61.40689468383789,63.599998474121094,64.4000015258789,63.599998474121094,64.4000015258789,24742145
2025-11-24,63.24137878417969,65.5,65.5,63.79999923706055,63.79999923706055,34836154
2025-11-25,62.85517120361328,65.0999984741211,66.0,65.0,65.5,20977444
2025-11-26,63.531036376953125,65.80000305175781,66.0,65.30000305175781,65.5,18552338
2025-11-27,63.531036376953125,65.80000305175781,65.80000305175781,64.80000305175781,65.19999694824219,27479730
2025-11-28,61.986202239990234,64.19999694824219,65.5,64.19999694824219,65.19999694824219,29237036
2025-12-01,62.56551742553711,64.80000305175781,65.19999694824219,64.0999984741211,64.0999984741211,22445838
2025-12-02,64.3034439086914,66.5999984741211,66.5999984741211,65.19999694824219,65.19999694824219,41243005
2025-12-03,65.26895904541016,67.5999984741211,67.5999984741211,66.19999694824219,66.69999694824219,34055361
2025-12-04,66.62068939208984,69.0,69.19999694824219,67.4000015258789,67.5,38707144
2025-12-05,66.3310317993164,68.69999694824219,68.69999694824219,67.80000305175781,68.5,17806807
2025-12-08,66.62068939208984,69.0,69.0,67.80000305175781,68.30000305175781,16708158
2025-12-09,66.81378936767578,69.19999694824219,69.19999694824219,68.5,68.5,18450634
2025-12-10,66.13793182373047,68.5,69.30000305175781,68.0,69.0999984741211,17923501
2025-12-11,66.81378936767578,69.19999694824219,69.69999694824219,68.5,69.19999694824219,27376078
2025-12-12,67.68275451660156,70.0999984741211,70.4000015258789,69.5,69.69999694824219,34117672
2025-12-15,67.68275451660156,70.0999984741211,70.5999984741211,69.19999694824219,69.30000305175781,28704428
2025-12-16,67.77930450439453,70.19999694824219,70.19999694824219,69.19999694824219,69.69999694824219,72835524
2025-12-17,70.67585754394531,73.19999694824219,73.5,70.0999984741211,70.19999694824219,76687387
2025-12-18,71.83448028564453,74.4000015258789,74.80000305175781,72.5999984741211,73.69999694824219,54993389
2025-12-19,72.89655303955078,75.5,75.5,73.9000015258789,74.5999984741211,51669442
2025-12-22,73.86206817626953,76.5,76.69999694824219,75.5999984741211,75.80000305175781,45489213
2025-12-23,74.05516815185547,76.69999694824219,76.80000305175781,74.69999694824219,76.80000305175781,39539191
2025-12-24,73.28276062011719,75.9000015258789,77.30000305175781,75.0999984741211,77.0,43705849
2025-12-26,72.22068786621094,74.80000305175781,75.9000015258789,74.30000305175781,75.9000015258789,34727588
2025-12-29,73.37931060791016,76.0,76.19999694824219,74.19999694824219,74.69999694824219,14334350
2025-12-30,73.5724105834961,76.19999694824219,76.5,75.0999984741211,75.5,27395108
2025-12-31,73.18621063232422,75.80000305175781,76.19999694824219,75.0,75.69999694824219,37258631
2026-01-02,72.60689544677734,75.19999694824219,76.0,74.80000305175781,75.4000015258789,25677629
2026-01-05,73.86206817626953,76.5,76.5,74.5,75.0,24877174
2026-01-06,73.37931060791016,76.0,76.5999984741211,75.69999694824219,76.0999984741211,15671043
2026-01-07,72.99310302734375,75.5999984741211,76.5,74.9000015258789,76.5,16372520
2026-01-08,73.76551818847656,76.4000015258789,76.5999984741211,75.30000305175781,75.5999984741211,15645173
2026-01-09,73.28276062011719,75.9000015258789,76.5999984741211,75.19999694824219,76.5,14951473
2026-01-12,73.47586059570312,76.0999984741211,76.4000015258789,75.30000305175781,76.4000015258789,18236518
2026-01-13,74.73103332519531,77.4000015258789,77.5,74.80000305175781,76.19999694824219,30273340
2026-01-14,72.12413024902344,74.69999694824219,77.5,74.69999694824219,77.5,37155688
2026-01-15,72.60689544677734,75.19999694824219,75.9000015258789,74.80000305175781,74.9000015258789,19373059
2026-01-16,73.5724105834961,76.19999694824219,76.80000305175781,75.4000015258789,75.5999984741211,23074947
2026-01-19,74.73103332519531,77.4000015258789,78.4000015258789,76.0999984741211,76.19999694824219,26557522
2026-01-20,73.9586181640625,76.5999984741211,77.9000015258789,76.19999694824219,76.9000015258789,18532605
2026-01-21,73.08965301513672,75.69999694824219,77.0999984741211,75.30000305175781,76.5999984741211,21720632
2026-01-22,72.99310302734375,75.5999984741211,77.19999694824219,75.30000305175781,76.0,23087092
2026-01-23,73.9586181640625,76.5999984741211,76.69999694824219,75.5999984741211,75.9000015258789,24142225
2026-01-26,74.44137573242188,77.0999984741211,77.5999984741211,76.4000015258789,76.5999984741211,18575389
2026-01-27,73.28276062011719,75.9000015258789,77.19999694824219,75.4000015258789,77.0,28311761
2026-01-28,73.18621063232422,75.80000305175781,76.30000305175781,75.19999694824219,76.0999984741211,16667426
2026-01-29,73.76551818847656,76.4000015258789,76.5,75.19999694824219,75.4000015258789,17778678
2026-01-30,72.80000305175781,75.4000015258789,76.4000015258789,75.0999984741211,76.0999984741211,20281913
2026-02-02,71.73793029785156,74.30000305175781,75.69999694824219,73.0999984741211,75.69999694824219,28898351
2026-02-03,72.12413024902344,74.69999694824219,75.5,74.69999694824219,74.9000015258789,14012635
2026-02-04,73.5724105834961,76.19999694824219,76.5,75.0,75.0,17910621
2026-02-05,73.37931060791016,76.0,76.19999694824219,75.4000015258789,75.80000305175781,11206654
2026-02-06,73.08965301513672,75.69999694824219,76.0,74.30000305175781,75.9000015258789,17967470
2026-02-09,74.53792572021484,77.19999694824219,77.80000305175781,76.0999984741211,76.19999694824219,25114277
2026-02-10,75.21379089355469,77.9000015258789,78.19999694824219,77.0,77.5,17709684
2026-02-11,76.082763671875,78.80000305175781,79.0999984741211,77.69999694824219,78.4000015258789,29213163
2026-02-23,76.85517120361328,79.5999984741211,81.5999984741211,79.30000305175781,81.4000015258789,45166656
2026-02-24,75.5034408569336,78.19999694824219,80.4000015258789,78.19999694824219,79.19999694824219,25323530
2026-02-25,74.24827575683594,76.9000015258789,78.30000305175781,76.9000015258789,78.19999694824219,33594522
2026-02-26,76.95172119140625,79.69999694824219,80.19999694824219,77.0,77.0,67154865
2026-03-02,75.21379089355469,77.9000015258789,79.4000015258789,77.30000305175781,79.4000015258789,24711169
2026-03-03,74.92413330078125,77.5999984741211,78.30000305175781,77.0999984741211,77.30000305175781,22150573
2026-03-04,70.67585754394531,73.19999694824219,76.5999984741211,72.80000305175781,76.5,57067965
2026-03-05,71.06206512451172,73.5999984741211,74.69999694824219,72.69999694824219,74.30000305175781,32150672
2026-03-06,70.48275756835938,73.0,73.5,72.5999984741211,73.0,21677181
2026-03-09,67.5862045288086,70.0,70.0,67.30000305175781,68.30000305175781,42252605
2026-03-10,68.64826965332031,71.0999984741211,72.0,70.5,71.5999984741211,18047880
2026-03-11,69.32414245605469,71.80000305175781,72.80000305175781,71.19999694824219,71.19999694824219,10251491
2026-03-12,70.0,72.5,73.0999984741211,71.9000015258789,72.5999984741211,20179932
2026-03-13,69.22758483886719,71.69999694824219,72.4000015258789,71.30000305175781,71.5999984741211,19590578
2026-03-16,69.90345001220703,72.4000015258789,72.9000015258789,71.5,72.19999694824219,29914846
2026-03-17,70.67585754394531,73.19999694824219,73.4000015258789,72.4000015258789,72.5,18121751
2026-03-18,70.86896514892578,73.4000015258789,74.30000305175781,72.80000305175781,74.19999694824219,15804364
2026-03-19,69.13103485107422,71.5999984741211,73.0,71.19999694824219,73.0,26333362
2026-03-20,69.51724243164062,72.0,72.69999694824219,71.30000305175781,71.30000305175781,24877113
2026-03-23,69.22758483886719,71.69999694824219,72.30000305175781,69.5999984741211,70.0999984741211,29422850
2026-03-24,68.3586196899414,70.80000305175781,72.0,70.80000305175781,71.80000305175781,23196770
2026-03-25,68.93793487548828,71.4000015258789,72.4000015258789,70.9000015258789,72.4000015258789,21219807
2026-03-26,68.3586196899414,70.80000305175781,71.80000305175781,70.69999694824219,71.4000015258789,13700275
2026-03-27,68.16551208496094,70.5999984741211,70.69999694824219,69.5,70.4000015258789,23980150
2026-03-30,67.972412109375,70.4000015258789,70.9000015258789,69.0999984741211,69.0999984741211,26828104
2026-03-31,67.87586212158203,70.30000305175781,71.4000015258789,69.5999984741211,69.80000305175781,28747381
2026-04-01,69.42069244384766,71.9000015258789,72.0,71.0999984741211,71.5999984741211,22215404
2026-04-02,69.32414245605469,71.80000305175781,72.30000305175781,71.0999984741211,72.0999984741211,10928195
2026-04-07,69.42069244384766,71.9000015258789,72.5,71.0,72.19999694824219,16428932
2026-04-08,71.25517272949219,73.80000305175781,73.9000015258789,72.5999984741211,73.5999984741211,27939903
2026-04-09,71.06206512451172,73.5999984741211,74.5,72.5,74.30000305175781,26322517
2026-04-10,70.3862075805664,72.9000015258789,73.9000015258789,72.5,73.9000015258789,17943026
2026-04-13,69.51724243164062,72.0,72.80000305175781,71.5999984741211,72.5999984741211,20620128
2026-04-14,70.19309997558594,72.69999694824219,72.69999694824219,71.5,71.5,25056705
2026-04-15,70.3862075805664,72.9000015258789,73.0,72.0,72.9000015258789,27238084
2026-04-16,71.64137268066406,74.19999694824219,74.19999694824219,73.0,73.0,35144704
2026-04-17,72.4137954711914,75.0,75.0,73.0,74.19999694824219,27931964
2026-04-20,72.02758026123047,74.5999984741211,75.30000305175781,74.0999984741211,74.80000305175781,30692757
2026-04-21,72.89655303955078,75.5,75.5999984741211,74.0,75.4000015258789,28876337
2026-04-22,73.28276062011719,75.9000015258789,76.0,75.0,75.5,32027678
2026-04-23,72.22068786621094,74.80000305175781,75.69999694824219,74.4000015258789,75.0999984741211,33764734
2026-04-24,72.3172378540039,74.9000015258789,75.0999984741211,73.80000305175781,74.5,28868815
2026-04-27,71.9310302734375,74.5,75.0,73.69999694824219,74.0999984741211,27783639
2026-04-28,72.12413024902344,74.69999694824219,75.30000305175781,74.30000305175781,74.5,22636897
2026-04-29,75.8896484375,78.5999984741211,79.5,75.9000015258789,75.9000015258789,70919434
2026-04-30,74.53792572021484,77.19999694824219,79.5,77.19999694824219,78.0,29306785
2026-05-04,73.5724105834961,76.19999694824219,78.80000305175781,76.19999694824219,77.80000305175781,35195234
2026-05-05,74.53792572021484,77.19999694824219,77.69999694824219,75.80000305175781,76.19999694824219,28252783
2026-05-06,75.9862060546875,78.69999694824219,79.19999694824219,77.5999984741211,77.69999694824219,31155809
2026-05-07,76.27586364746094,79.0,79.19999694824219,78.0,78.5,24074023
2026-05-08,77.24137878417969,80.0,80.80000305175781,79.30000305175781,79.5,36525837
2026-05-11,75.69654846191406,78.4000015258789,79.5999984741211,78.4000015258789,79.5999984741211,21853943
2026-05-12,73.76551818847656,76.4000015258789,79.5,76.4000015258789,78.69999694824219,44508109
2026-05-13,74.63448333740234,77.30000305175781,78.30000305175781,76.0999984741211,76.5999984741211,34340309
2026-05-14,74.05516815185547,76.69999694824219,78.5999984741211,76.69999694824219,76.9000015258789,26704483
2026-05-15,75.21379089355469,77.9000015258789,79.69999694824219,77.0,77.4000015258789,54587526
2026-05-18,74.15172576904297,76.80000305175781,78.0,76.5,78.0,25972412
2026-05-19,75.11724090576172,77.80000305175781,79.69999694824219,77.30000305175781,77.5,45890134
2026-05-20,75.21379089355469,77.9000015258789,78.4000015258789,77.0,78.0,27663824
2026-05-21,75.9862060546875,78.69999694824219,79.0999984741211,77.80000305175781,77.80000305175781,41744037
2026-05-22,76.95172119140625,79.69999694824219,79.80000305175781,78.19999694824219,78.5,40668392
2026-05-25,78.68965148925781,81.5,81.5,78.69999694824219,79.9000015258789,48760635
2026-05-26,80.23448181152344,83.0999984741211,83.0999984741211,80.5999984741211,80.5999984741211,54387264
2026-05-27,82.45516967773438,85.4000015258789,86.4000015258789,82.69999694824219,83.0999984741211,69625066
2026-05-28,81.87586212158203,84.80000305175781,86.19999694824219,83.4000015258789,85.4000015258789,61783410
2026-05-29,82.74481964111328,85.69999694824219,85.80000305175781,84.0,85.5999984741211,71290598
2026-06-01,85.15861511230469,88.19999694824219,89.4000015258789,85.30000305175781,86.5999984741211,56414882
2026-06-02,86.12413024902344,89.19999694824219,89.19999694824219,86.5999984741211,88.5,57669540
2026-06-03,88.63448333740234,91.80000305175781,92.5,89.19999694824219,89.9000015258789,57052765
2026-06-04,91.14482879638672,94.4000015258789,96.30000305175781,91.80000305175781,96.30000305175781,53704628
2026-06-05,96.55171966552734,100.0,100.0,93.69999694824219,94.4000015258789,68728572
2026-06-08,91.72413635253906,95.0,97.80000305175781,94.0,97.80000305175781,56623585
2026-06-09,100.41378784179688,104.0,104.0,95.30000305175781,95.30000305175781,55455101
2026-06-10,96.45516967773438,99.9000015258789,102.5,99.4000015258789,102.0,41895593
2026-06-11,97.03447723388672,100.5,101.5,97.69999694824219,101.0,35856797
2026-06-12,97.03447723388672,100.5,105.5,99.69999694824219,102.0,31979247
2026-06-15,100.41378784179688,104.0,105.5,103.0,105.0,25204928
2026-06-16,105.72413635253906,109.5,109.5,104.0,104.5,53990536
2026-06-17,109.5862045288086,113.5,117.0,108.0,110.0,49230979
2026-06-18,111.51724243164062,115.5,117.5,114.0,115.0,47963852
2026-06-22,109.10344696044922,113.0,117.5,112.0,117.0,34021982
2026-06-23,109.5862045288086,113.5,116.5,113.0,113.0,29225791
2026-06-24,106.20689392089844,110.0,114.0,110.0,110.5,34143899
2026-06-25,107.65516662597656,111.5,113.0,109.0,110.0,29121023
2026-06-26,102.3448257446289,106.0,111.5,105.0,110.5,37144464
2026-06-29,98.0,101.5,105.5,100.5,105.0,47960126
2026-06-30,98.30000305175781,98.30000305175781,99.0,94.4000015258789,96.80000305175781,102717383
2026-07-01,95.0,95.0,101.0,94.30000305175781,100.0,78483165
2026-07-02,93.5,93.5,95.9000015258789,92.5999984741211,95.30000305175781,64451716
2026-07-03,93.5999984741211,93.5999984741211,94.80000305175781,92.80000305175781,92.80000305175781,37623259
2026-07-06,93.4000015258789,93.4000015258789,94.9000015258789,93.0999984741211,94.19999694824219,44169069
2026-07-07,97.0,97.0,97.5,94.0,94.0,44879914
2026-07-08,98.0,98.0,98.19999694824219,95.0,97.0,31105287
2026-07-09,96.30000305175781,96.30000305175781,98.30000305175781,94.4000015258789,98.0,22820810
2026-07-10,96.30000305175781,96.30000305175781,96.30000305175781,96.30000305175781,96.30000305175781,0
2026-07-13,96.69999694824219,96.69999694824219,97.80000305175781,95.9000015258789,96.9000015258789,20819730
2026-07-14,96.0999984741211,96.0999984741211,97.5999984741211,94.0,97.5999984741211,22205319
2026-07-15,96.5999984741211,96.5999984741211,98.69999694824219,95.9000015258789,96.9000015258789,20389988
2026-07-16,97.30000305175781,97.30000305175781,97.30000305175781,95.30000305175781,96.5999984741211,15607317
2026-07-17,94.30000305175781,94.30000305175781,97.4000015258789,94.30000305175781,97.0,28283671
2026-07-20,94.0,94.0,96.5,93.4000015258789,96.0,29543249
2026-07-21,95.80000305175781,95.80000305175781,95.9000015258789,94.5,94.9000015258789,21350811
2026-07-22,96.80000305175781,96.80000305175781,99.5999984741211,95.69999694824219,95.69999694824219,24249444
2026-07-23,97.30000305175781,97.30000305175781,98.5,96.4000015258789,97.80000305175781,15857483
2026-07-24,97.0,97.0,97.9000015258789,96.4000015258789,96.4000015258789,11228469
2026-07-27,98.5,98.5,98.5,96.69999694824219,97.9000015258789,15703943
2026-07-28,95.4000015258789,95.4000015258789,97.5999984741211,94.5999984741211,97.0,24666862
2026-07-29,94.0999984741211,94.0999984741211,96.5999984741211,92.5,95.0,29842491
2026-07-30,95.19999694824219,95.19999694824219,95.19999694824219,92.5,94.9000015258789,27729958
2026-07-31,101.5,101.5,102.5,96.80000305175781,97.0,40879014
2026-08-03,100.5,100.5,102.0,97.69999694824219,100.5,25674366
2026-08-04,99.19999694824219,99.19999694824219,102.0,98.5999984741211,98.5999984741211,24983465
2026-08-05,100.5,100.5,102.0,100.0,100.5,13643911
2026-08-06,97.5,97.5,100.5,97.5,99.30000305175781,16421578
2026-08-07,99.4000015258789,99.4000015258789,100.5,98.5,99.4000015258789,13809747
2026-08-10,101.0,101.0,101.0,98.0,100.0,14222785
2026-08-11,99.5999984741211,99.5999984741211,101.5,99.0999984741211,101.5,15315549
